ROW_NUM,YM,CTRD_NM,CTRD_CODE,LVSTCKSPC_NM,LVSTCKSPC_CODE,THSMON,THSMON_ACMTL
12847,202604,경기,6410000,메추리,LBI1000021,28047,74420
12849,202604,경기,6410000,소,LBI1000080,18967,78843
12862,202604,충남,6440000,말,LBI1000007,12,52
12861,202604,충남,6440000,돼지,LBI1000006,298308,1182135
12860,202604,충북,6430000,염소,LBI1000623,3194,8102
12859,202604,충북,6430000,닭,LBI1000088,5999338,24997282
12858,202604,충북,6430000,소,LBI1000080,16299,63366
12857,202604,충북,6430000,사슴,LBI1000017,6,7
12856,202604,충북,6430000,오리,LBI1000016,729085,1934696
12855,202604,충북,6430000,돼지,LBI1000006,219695,838418
12854,202604,강원,6420000,염소,LBI1000623,791,2093
12853,202604,강원,6420000,닭,LBI1000088,1385467,5554193
12852,202604,강원,6420000,소,LBI1000080,1922,9579
12851,202604,강원,6420000,돼지,LBI1000006,40824,157158
12850,202604,경기,6410000,닭,LBI1000088,11748051,44085455
12848,202604,경기,6410000,당나귀,LBI1000023,2,6
12864,202604,충남,6440000,닭,LBI1000088,12937630,48585434
12846,202604,경기,6410000,말,LBI1000007,4,72
12845,202604,경기,6410000,돼지,LBI1000006,223097,882716
12844,202604,울산,6310000,염소,LBI1000623,137,306
12843,202604,울산,6310000,소,LBI1000080,560,2441
12842,202604,울산,6310000,돼지,LBI1000006,8573,32509
12841,202604,대전,6300000,소,LBI1000080,430,1932
12840,202604,대전,6300000,돼지,LBI1000006,16789,65466
12839,202604,광주,6290000,소,LBI1000080,1381,5609
12838,202604,광주,6290000,돼지,LBI1000006,49271,166741
12837,202604,인천,6280000,닭,LBI1000088,875033,3253095
12836,202604,인천,6280000,소,LBI1000080,1589,6352
12835,202604,인천,6280000,돼지,LBI1000006,29047,119837
12834,202604,대구,6270000,닭,LBI1000088,600524,4004302
12863,202604,충남,6440000,소,LBI1000080,9116,38592
12865,202604,충남,6440000,염소,LBI1000623,1766,4748
12833,202604,대구,6270000,소,LBI1000080,1259,5328
12881,202604,경북,6470000,소,LBI1000080,8677,38684
12894,202604,제주,6500000,염소,LBI1000623,64,209
12893,202604,제주,6500000,닭,LBI1000088,537324,2017082
12892,202604,제주,6500000,면양,LBI1000086,5,15
12891,202604,제주,6500000,소,LBI1000080,475,1817
12890,202604,제주,6500000,말,LBI1000007,80,271
12889,202604,제주,6500000,돼지,LBI1000006,81280,310771
12888,202604,경남,6480000,염소,LBI1000623,1051,2987
12887,202604,경남,6480000,닭,LBI1000088,397540,1128607
12886,202604,경남,6480000,소,LBI1000080,13703,56408
12885,202604,경남,6480000,오리,LBI1000016,113660,398425
12884,202604,경남,6480000,돼지,LBI1000006,191302,720726
12883,202604,경북,6470000,염소,LBI1000623,993,2405
12882,202604,경북,6470000,닭,LBI1000088,6894466,24895920
12880,202604,경북,6470000,꿩,LBI1000022,280,430
12866,202604,전북,6450000,돼지,LBI1000006,207446,793997
12879,202604,경북,6470000,말,LBI1000007,1,6
12878,202604,경북,6470000,돼지,LBI1000006,125184,494853
12877,202604,전남,6460000,염소,LBI1000623,3886,9561
12876,202604,전남,6460000,닭,LBI1000088,4050499,14483491
12875,202604,전남,6460000,소,LBI1000080,7721,33063
12874,202604,전남,6460000,오리,LBI1000016,3349577,9292041
12873,202604,전남,6460000,돼지,LBI1000006,145784,579227
12872,202604,전북,6450000,염소,LBI1000623,378,861
12871,202604,전북,6450000,닭,LBI1000088,36557442,139546713
12870,202604,전북,6450000,소,LBI1000080,1272,5893
12869,202604,전북,6450000,타조,LBI1000024,9,15
12868,202604,전북,6450000,토끼,LBI1000018,4312,6827
12867,202604,전북,6450000,오리,LBI1000016,708660,2143452
12832,202604,대구,6270000,돼지,LBI1000006,24244,102959
13758,202603,제주,6500000,염소,LBI1000623,82,145
13698,202603,대구,6270000,돼지,LBI1000006,28625,78715
13743,202603,경북,6470000,돼지,LBI1000006,137959,369669
13730,202603,충남,6440000,닭,LBI1000088,12300586,35647804
13731,202603,충남,6440000,염소,LBI1000623,1772,2982
13732,202603,전북,6450000,돼지,LBI1000006,213941,586551
13733,202603,전북,6450000,오리,LBI1000016,609044,1434792
13734,202603,전북,6450000,토끼,LBI1000018,2515,2515
13735,202603,전북,6450000,소,LBI1000080,1084,4621
13736,202603,전북,6450000,닭,LBI1000088,36294503,102989271
13737,202603,전북,6450000,염소,LBI1000623,261,483
13738,202603,전남,6460000,돼지,LBI1000006,166777,433443
13739,202603,전남,6460000,오리,LBI1000016,1941124,5942464
13740,202603,전남,6460000,소,LBI1000080,7780,25342
13741,202603,전남,6460000,닭,LBI1000088,3982932,10432992
13699,202603,대구,6270000,소,LBI1000080,1291,4069
13744,202603,경북,6470000,말,LBI1000007,2,5
13728,202603,충남,6440000,말,LBI1000007,22,40
13745,202603,경북,6470000,소,LBI1000080,8225,30007
13746,202603,경북,6470000,닭,LBI1000088,6367887,18001454
13747,202603,경북,6470000,염소,LBI1000623,840,1412
13748,202603,경남,6480000,돼지,LBI1000006,194711,529424
13749,202603,경남,6480000,오리,LBI1000016,76805,284765
13750,202603,경남,6480000,소,LBI1000080,13421,42705
13751,202603,경남,6480000,닭,LBI1000088,65853,731067
13752,202603,경남,6480000,염소,LBI1000623,1126,1936
13753,202603,제주,6500000,돼지,LBI1000006,80264,229491
13754,202603,제주,6500000,말,LBI1000007,78,191
13755,202603,제주,6500000,사슴,LBI1000017,2,2
13756,202603,제주,6500000,소,LBI1000080,349,1342
13757,202603,제주,6500000,닭,LBI1000088,563300,1479758
13729,202603,충남,6440000,소,LBI1000080,8541,29476
13742,202603,전남,6460000,염소,LBI1000623,3494,5675
13727,202603,충남,6440000,돼지,LBI1000006,326169,883827
13712,202603,경기,6410000,말,LBI1000007,16,68
13726,202603,충북,6430000,염소,LBI1000623,2865,4908
13700,202603,대구,6270000,닭,LBI1000088,1214600,3403778
13701,202603,인천,6280000,돼지,LBI1000006,32930,90790
13702,202603,인천,6280000,소,LBI1000080,1696,4763
13703,202603,인천,6280000,닭,LBI1000088,823837,2378062
13704,202603,광주,6290000,돼지,LBI1000006,43733,117470
13705,202603,광주,6290000,소,LBI1000080,1317,4228
13706,202603,대전,6300000,돼지,LBI1000006,18153,48677
13708,202603,울산,6310000,돼지,LBI1000006,8564,23936
13709,202603,울산,6310000,소,LBI1000080,542,1881
13710,202603,울산,6310000,염소,LBI1000623,85,169
13711,202603,경기,6410000,돼지,LBI1000006,244711,659619
13707,202603,대전,6300000,소,LBI1000080,393,1502
13713,202603,경기,6410000,메추리,LBI1000021,27950,46373
13719,202603,강원,6420000,면양,LBI1000086,4,6
13725,202603,충북,6430000,닭,LBI1000088,6640595,18997944
13714,202603,경기,6410000,당나귀,LBI1000023,2,4
13723,202603,충북,6430000,오리,LBI1000016,445538,1205611
13722,202603,충북,6430000,돼지,LBI1000006,224204,618723
13721,202603,강원,6420000,염소,LBI1000623,581,1302
13720,202603,강원,6420000,닭,LBI1000088,1291755,4168726
13724,202603,충북,6430000,소,LBI1000080,15570,47067
13718,202603,강원,6420000,소,LBI1000080,1846,7657
13717,202603,강원,6420000,돼지,LBI1000006,43587,116334
13716,202603,경기,6410000,닭,LBI1000088,11383316,32337404
13715,202603,경기,6410000,소,LBI1000080,17568,59876
13596,202602,강원,6420000,염소,LBI1000623,443,721
13590,202602,경기,6410000,소,LBI1000080,14725,42308
13592,202602,강원,6420000,돼지,LBI1000006,36434,72747
13593,202602,강원,6420000,소,LBI1000080,1654,5811
13594,202602,강원,6420000,면양,LBI1000086,2,2
13595,202602,강원,6420000,닭,LBI1000088,1279101,2876971
13598,202602,충북,6430000,오리,LBI1000016,351363,760073
13597,202602,충북,6430000,돼지,LBI1000006,185799,394519
13588,202602,경기,6410000,말,LBI1000007,25,52
13599,202602,충북,6430000,사슴,LBI1000017,1,1
13600,202602,충북,6430000,소,LBI1000080,11764,31497
13601,202602,충북,6430000,닭,LBI1000088,5697764,12357349
13602,202602,충북,6430000,염소,LBI1000623,2043,2043
13589,202602,경기,6410000,메추리,LBI1000021,18423,18423
13574,202602,대구,6270000,돼지,LBI1000006,24153,50090
13587,202602,경기,6410000,돼지,LBI1000006,197630,414908
13586,202602,울산,6310000,염소,LBI1000623,84,84
13585,202602,울산,6310000,소,LBI1000080,715,1339
13584,202602,울산,6310000,돼지,LBI1000006,6504,15372
13583,202602,대전,6300000,소,LBI1000080,405,1109
13582,202602,대전,6300000,돼지,LBI1000006,14196,30524
13581,202602,광주,6290000,소,LBI1000080,1190,2911
13580,202602,광주,6290000,돼지,LBI1000006,32541,73737
13579,202602,인천,6280000,닭,LBI1000088,670720,1554225
13578,202602,인천,6280000,소,LBI1000080,1176,3067
13577,202602,인천,6280000,돼지,LBI1000006,26803,57860
13576,202602,대구,6270000,닭,LBI1000088,1074960,2189178
13575,202602,대구,6270000,소,LBI1000080,1096,2778
13604,202602,충남,6440000,말,LBI1000007,6,18
13603,202602,충남,6440000,돼지,LBI1000006,264720,557658
13591,202602,경기,6410000,닭,LBI1000088,9804157,20954088
13605,202602,충남,6440000,소,LBI1000080,7267,20935
13620,202602,경북,6470000,돼지,LBI1000006,114884,231710
13693,202602,제주,6500000,말,LBI1000007,49,113
13694,202602,제주,6500000,소,LBI1000080,363,993
13695,202602,제주,6500000,면양,LBI1000086,5,10
13696,202602,제주,6500000,닭,LBI1000088,439680,916458
13629,202602,제주,6500000,돼지,LBI1000006,74535,149227
13628,202602,경남,6480000,염소,LBI1000623,810,810
13627,202602,경남,6480000,닭,LBI1000088,364626,665214
13626,202602,경남,6480000,소,LBI1000080,9578,29284
13625,202602,경남,6480000,오리,LBI1000016,127058,207960
13624,202602,경남,6480000,돼지,LBI1000006,146922,334713
13623,202602,경북,6470000,염소,LBI1000623,572,572
13622,202602,경북,6470000,닭,LBI1000088,5440541,11633567
13621,202602,경북,6470000,소,LBI1000080,6961,21782
13606,202602,충남,6440000,닭,LBI1000088,10925501,23347218
13619,202602,전남,6460000,염소,LBI1000623,2181,2181
13612,202602,전북,6450000,닭,LBI1000088,30487289,66694768
13618,202602,전남,6460000,닭,LBI1000088,2914172,6450060
13607,202602,충남,6440000,염소,LBI1000623,1210,1210
13608,202602,전북,6450000,돼지,LBI1000006,179181,372610
13609,202602,전북,6450000,오리,LBI1000016,300449,825748
13611,202602,전북,6450000,소,LBI1000080,1314,3537
13610,202602,전북,6450000,타조,LBI1000024,6,6
13613,202602,전북,6450000,염소,LBI1000623,222,222
13614,202602,전남,6460000,돼지,LBI1000006,126074,266666
13615,202602,전남,6460000,오리,LBI1000016,1743596,4001340
13616,202602,전남,6460000,소,LBI1000080,6608,17562
13617,202602,전남,6460000,산양,LBI1000087,112,3044
13697,202602,제주,6500000,염소,LBI1000623,63,63
13535,202601,강원,6420000,닭,LBI1000088,1597870,1597870
13530,202601,경기,6410000,소,LBI1000080,27583,27583
13531,202601,경기,6410000,닭,LBI1000088,11149931,11149931
13532,202601,강원,6420000,돼지,LBI1000006,36313,36313
13533,202601,강원,6420000,소,LBI1000080,4157,4157
13534,202601,강원,6420000,산양,LBI1000087,288,289
13541,202601,충북,6430000,닭,LBI1000088,6659585,6659585
13536,202601,강원,6420000,염소,LBI1000623,278,278
13537,202601,충북,6430000,돼지,LBI1000006,208720,208720
13538,202601,충북,6430000,오리,LBI1000016,408710,408710
13539,202601,충북,6430000,소,LBI1000080,19733,19733
13540,202601,충북,6430000,산양,LBI1000087,2382,2383
13528,202601,경기,6410000,말,LBI1000007,27,27
13529,202601,경기,6410000,당나귀,LBI1000023,2,2
13521,202601,광주,6290000,소,LBI1000080,1721,1721
13527,202601,경기,6410000,돼지,LBI1000006,217278,217278
13526,202601,울산,6310000,산양,LBI1000087,139,140
13525,202601,울산,6310000,소,LBI1000080,624,624
13524,202601,울산,6310000,돼지,LBI1000006,8868,8868
13523,202601,대전,6300000,소,LBI1000080,704,704
13522,202601,대전,6300000,돼지,LBI1000006,16328,16328
13520,202601,광주,6290000,돼지,LBI1000006,41196,41196
13519,202601,인천,6280000,닭,LBI1000088,883505,883505
13518,202601,인천,6280000,소,LBI1000080,1891,1891
13517,202601,인천,6280000,꿩,LBI1000022,383,383
13516,202601,인천,6280000,돼지,LBI1000006,31057,31057
13515,202601,대구,6270000,닭,LBI1000088,1114218,1114218
13514,202601,대구,6270000,소,LBI1000080,1682,1682
13543,202601,충남,6440000,말,LBI1000007,12,12
13542,202601,충남,6440000,돼지,LBI1000006,292938,292938
13513,202601,대구,6270000,돼지,LBI1000006,25937,25937
13544,202601,충남,6440000,소,LBI1000080,13668,13668
13560,202601,경북,6470000,소,LBI1000080,14821,14821
13573,202601,제주,6500000,닭,LBI1000088,476778,476778
13572,202601,제주,6500000,산양,LBI1000087,55,55
13571,202601,제주,6500000,면양,LBI1000086,5,5
13570,202601,제주,6500000,소,LBI1000080,630,630
13569,202601,제주,6500000,말,LBI1000007,64,64
13568,202601,제주,6500000,돼지,LBI1000006,74692,74692
13567,202601,경남,6480000,닭,LBI1000088,300588,300588
13566,202601,경남,6480000,산양,LBI1000087,1331,1332
13565,202601,경남,6480000,소,LBI1000080,19706,19706
13564,202601,경남,6480000,오리,LBI1000016,80902,80902
13563,202601,경남,6480000,돼지,LBI1000006,187791,187791
13562,202601,경북,6470000,닭,LBI1000088,6193026,6193026
13561,202601,경북,6470000,산양,LBI1000087,717,718
13545,202601,충남,6440000,산양,LBI1000087,1328,1329
13559,202601,경북,6470000,꿩,LBI1000022,150,150
13552,202601,전남,6460000,돼지,LBI1000006,140592,140592
13546,202601,충남,6440000,닭,LBI1000088,12421717,12421717
13547,202601,전북,6450000,돼지,LBI1000006,193429,193427
13548,202601,전북,6450000,오리,LBI1000016,525299,525299
13550,202601,전북,6450000,산양,LBI1000087,86,87
13551,202601,전북,6450000,닭,LBI1000088,36207479,36207479
13549,202601,전북,6450000,소,LBI1000080,2223,2223
13553,202601,전남,6460000,오리,LBI1000016,2257744,2257744
13554,202601,전남,6460000,소,LBI1000080,10954,10954
13555,202601,전남,6460000,산양,LBI1000087,2932,2932
13556,202601,전남,6460000,닭,LBI1000088,3535888,3535888
13557,202601,경북,6470000,돼지,LBI1000006,116826,116826
13558,202601,경북,6470000,말,LBI1000007,3,3
13674,202512,전남,6460000,닭,LBI1000088,3824725,48922804
13679,202512,경북,6470000,산양,LBI1000087,969,8364
13678,202512,경북,6470000,소,LBI1000080,10218,116845
13677,202512,경북,6470000,꿩,LBI1000022,300,1100
13676,202512,경북,6470000,말,LBI1000007,2,19
13675,202512,경북,6470000,돼지,LBI1000006,134230,1300122
13667,202512,전북,6450000,소,LBI1000080,1689,15532
13673,202512,전남,6460000,산양,LBI1000087,3794,42505
13672,202512,전남,6460000,소,LBI1000080,8154,100081
13671,202512,전남,6460000,오리,LBI1000016,3014803,42343801
13670,202512,전남,6460000,돼지,LBI1000006,175184,1761750
13669,202512,전북,6450000,닭,LBI1000088,39344933,452521009
13668,202512,전북,6450000,산양,LBI1000087,102,445
13681,202512,경남,6480000,돼지,LBI1000006,206886,2085641
13680,202512,경북,6470000,닭,LBI1000088,6755568,86828854
13688,202512,제주,6500000,사슴,LBI1000017,3,17
13682,202512,경남,6480000,오리,LBI1000016,187549,1679190
13683,202512,경남,6480000,소,LBI1000080,15413,168716
13684,202512,경남,6480000,산양,LBI1000087,1620,11049
13685,202512,경남,6480000,닭,LBI1000088,388038,3339231
13686,202512,제주,6500000,돼지,LBI1000006,85825,890206
13687,202512,제주,6500000,말,LBI1000007,108,813
13689,202512,제주,6500000,소,LBI1000080,532,5628
13690,202512,제주,6500000,면양,LBI1000086,5,9
13691,202512,제주,6500000,산양,LBI1000087,70,528
13692,202512,제주,6500000,닭,LBI1000088,602198,6967321
13633,202512,인천,6280000,돼지,LBI1000006,35214,348383
13632,202512,대구,6270000,닭,LBI1000088,1301177,15141226
13631,202512,대구,6270000,소,LBI1000080,1393,14610
13666,202512,전북,6450000,타조,LBI1000024,6,50
13630,202512,대구,6270000,돼지,LBI1000006,29267,275738
13664,202512,전북,6450000,돼지,LBI1000006,228062,2285592
13665,202512,전북,6450000,오리,LBI1000016,825069,10381925
13648,202512,경기,6410000,닭,LBI1000088,12634733,138883823
13634,202512,인천,6280000,소,LBI1000080,1691,17870
13663,202512,충남,6440000,닭,LBI1000088,13925607,153348194
13636,202512,광주,6290000,돼지,LBI1000006,52242,512910
13637,202512,광주,6290000,소,LBI1000080,1528,18090
13638,202512,대전,6300000,돼지,LBI1000006,18370,217370
13639,202512,대전,6300000,소,LBI1000080,589,6776
13640,202512,울산,6310000,돼지,LBI1000006,10117,127232
13641,202512,울산,6310000,소,LBI1000080,690,8287
13642,202512,울산,6310000,산양,LBI1000087,240,978
13643,202512,경기,6410000,돼지,LBI1000006,245669,2494439
13644,202512,경기,6410000,말,LBI1000007,22,292
13645,202512,경기,6410000,메추리,LBI1000021,25934,463623
13646,202512,경기,6410000,당나귀,LBI1000023,2,20
13647,202512,경기,6410000,소,LBI1000080,22758,243960
13635,202512,인천,6280000,닭,LBI1000088,800255,10232019
13649,202512,강원,6420000,돼지,LBI1000006,47327,480790
13657,202512,충북,6430000,산양,LBI1000087,2900,27654
13650,202512,강원,6420000,꿩,LBI1000022,2847,9243
13661,202512,충남,6440000,소,LBI1000080,10846,119431
13660,202512,충남,6440000,말,LBI1000007,12,15
13659,202512,충남,6440000,돼지,LBI1000006,345629,3331604
13658,202512,충북,6430000,닭,LBI1000088,7349385,85048572
13662,202512,충남,6440000,산양,LBI1000087,1739,16860
13656,202512,충북,6430000,소,LBI1000080,17680,192178
13654,202512,충북,6430000,돼지,LBI1000006,255925,2609858
13653,202512,강원,6420000,닭,LBI1000088,1542683,17627311
13652,202512,강원,6420000,산양,LBI1000087,692,6753
13655,202512,충북,6430000,오리,LBI1000016,659209,8659472
13651,202512,강원,6420000,소,LBI1000080,2382,30694
13413,202511,강원,6420000,돼지,LBI1000006,39830,39830
13409,202511,경기,6410000,메추리,LBI1000021,60094,60094
13410,202511,경기,6410000,당나귀,LBI1000023,3,3
13411,202511,경기,6410000,소,LBI1000080,16565,16565
13412,202511,경기,6410000,닭,LBI1000088,11680005,11680005
13416,202511,강원,6420000,산양,LBI1000087,823,823
13414,202511,강원,6420000,꿩,LBI1000022,5552,5552
13415,202511,강원,6420000,소,LBI1000080,1984,1984
13417,202511,강원,6420000,닭,LBI1000088,1530598,1530598
13418,202511,충북,6430000,돼지,LBI1000006,225479,225479
13419,202511,충북,6430000,오리,LBI1000016,662943,662943
13407,202511,경기,6410000,돼지,LBI1000006,211155,211155
13408,202511,경기,6410000,말,LBI1000007,27,27
13400,202511,광주,6290000,돼지,LBI1000006,42323,42323
13406,202511,울산,6310000,산양,LBI1000087,135,135
13405,202511,울산,6310000,소,LBI1000080,565,565
13404,202511,울산,6310000,돼지,LBI1000006,9113,9113
13403,202511,대전,6300000,소,LBI1000080,425,425
13402,202511,대전,6300000,돼지,LBI1000006,15533,15533
13401,202511,광주,6290000,소,LBI1000080,1441,1441
13399,202511,인천,6280000,닭,LBI1000088,817504,817504
13398,202511,인천,6280000,소,LBI1000080,1309,1309
13397,202511,인천,6280000,돼지,LBI1000006,31865,31865
13396,202511,대구,6270000,닭,LBI1000088,1073787,1073787
13395,202511,대구,6270000,소,LBI1000080,1144,1144
13394,202511,대구,6270000,돼지,LBI1000006,23825,23825
13421,202511,충북,6430000,소,LBI1000080,14536,14536
13420,202511,충북,6430000,사슴,LBI1000017,4,4
13423,202511,충북,6430000,닭,LBI1000088,6736226,6736226
13422,202511,충북,6430000,산양,LBI1000087,2281,2281
13438,202511,경북,6470000,돼지,LBI1000006,106842,106842
13452,202511,제주,6500000,산양,LBI1000087,76,76
13453,202511,제주,6500000,닭,LBI1000088,561317,561317
13450,202511,제주,6500000,말,LBI1000007,82,82
13449,202511,제주,6500000,돼지,LBI1000006,70544,70544
13448,202511,경남,6480000,닭,LBI1000088,208199,208199
13447,202511,경남,6480000,산양,LBI1000087,1411,1411
13446,202511,경남,6480000,소,LBI1000080,10921,10921
13445,202511,경남,6480000,오리,LBI1000016,111729,111729
13444,202511,경남,6480000,돼지,LBI1000006,170728,170728
13443,202511,경북,6470000,닭,LBI1000088,6311066,6311066
13442,202511,경북,6470000,산양,LBI1000087,635,635
13441,202511,경북,6470000,소,LBI1000080,7696,7696
13440,202511,경북,6470000,꿩,LBI1000022,500,500
13439,202511,경북,6470000,말,LBI1000007,2,2
13451,202511,제주,6500000,소,LBI1000080,397,397
13437,202511,전남,6460000,닭,LBI1000088,3488228,3488228
13429,202511,전북,6450000,오리,LBI1000016,755381,755381
13436,202511,전남,6460000,산양,LBI1000087,3049,3049
13425,202511,충남,6440000,소,LBI1000080,7872,7872
13424,202511,충남,6440000,돼지,LBI1000006,270291,270291
13427,202511,충남,6440000,닭,LBI1000088,12843513,12843513
13428,202511,전북,6450000,돼지,LBI1000006,191525,191525
13426,202511,충남,6440000,산양,LBI1000087,1488,1488
13430,202511,전북,6450000,소,LBI1000080,1119,1119
13432,202511,전북,6450000,닭,LBI1000088,35739072,35739072
13433,202511,전남,6460000,돼지,LBI1000006,145570,145570
13434,202511,전남,6460000,오리,LBI1000016,2958769,2958769
13435,202511,전남,6460000,소,LBI1000080,7465,7465
13431,202511,전북,6450000,산양,LBI1000087,99,99
13473,202510,강원,6420000,돼지,LBI1000006,39633,39633
13468,202510,경기,6410000,말,LBI1000007,22,22
13469,202510,경기,6410000,메추리,LBI1000021,4672,4672
13471,202510,경기,6410000,소,LBI1000080,14911,14911
13472,202510,경기,6410000,닭,LBI1000088,11909411,11909411
13476,202510,강원,6420000,닭,LBI1000088,1732540,1732540
13474,202510,강원,6420000,소,LBI1000080,1756,1756
13475,202510,강원,6420000,산양,LBI1000087,520,520
13477,202510,충북,6430000,돼지,LBI1000006,205725,205725
13478,202510,충북,6430000,오리,LBI1000016,738645,738645
13467,202510,경기,6410000,돼지,LBI1000006,205884,205884
13479,202510,충북,6430000,사슴,LBI1000017,6,6
13461,202510,광주,6290000,소,LBI1000080,1300,1300
13466,202510,울산,6310000,산양,LBI1000087,67,67
13465,202510,울산,6310000,소,LBI1000080,581,581
13464,202510,울산,6310000,돼지,LBI1000006,8431,8431
13463,202510,대전,6300000,소,LBI1000080,378,378
13462,202510,대전,6300000,돼지,LBI1000006,16578,16578
13481,202510,충북,6430000,산양,LBI1000087,2021,2021
13460,202510,광주,6290000,돼지,LBI1000006,41000,41000
13459,202510,인천,6280000,닭,LBI1000088,844515,844515
13458,202510,인천,6280000,소,LBI1000080,1286,1286
13457,202510,인천,6280000,돼지,LBI1000006,28633,28633
13456,202510,대구,6270000,닭,LBI1000088,1275457,1275457
13455,202510,대구,6270000,소,LBI1000080,1223,1223
13454,202510,대구,6270000,돼지,LBI1000006,22669,22669
13480,202510,충북,6430000,소,LBI1000080,11846,11846
13487,202510,전북,6450000,돼지,LBI1000006,187922,187922
13482,202510,충북,6430000,닭,LBI1000088,7406608,7406608
13483,202510,충남,6440000,돼지,LBI1000006,271746,271746
13512,202510,제주,6500000,닭,LBI1000088,574517,574517
13511,202510,제주,6500000,산양,LBI1000087,54,54
13510,202510,제주,6500000,면양,LBI1000086,1,1
13509,202510,제주,6500000,소,LBI1000080,354,354
13508,202510,제주,6500000,말,LBI1000007,70,70
13507,202510,제주,6500000,돼지,LBI1000006,66824,66824
13506,202510,경남,6480000,닭,LBI1000088,435313,435313
13505,202510,경남,6480000,산양,LBI1000087,977,977
13504,202510,경남,6480000,소,LBI1000080,9660,9660
13503,202510,경남,6480000,돼지,LBI1000006,170155,170155
13502,202510,경북,6470000,닭,LBI1000088,6697171,6697171
13501,202510,경북,6470000,산양,LBI1000087,679,679
13500,202510,경북,6470000,소,LBI1000080,7275,7275
13499,202510,경북,6470000,말,LBI1000007,2,2
13498,202510,경북,6470000,돼지,LBI1000006,98208,98208
13497,202510,전남,6460000,닭,LBI1000088,3535174,3535174
13495,202510,전남,6460000,면양,LBI1000086,28,28
13494,202510,전남,6460000,소,LBI1000080,6449,6449
13493,202510,전남,6460000,오리,LBI1000016,3775105,3775105
13492,202510,전남,6460000,돼지,LBI1000006,140898,140898
13491,202510,전북,6450000,닭,LBI1000088,37000980,37000980
13490,202510,전북,6450000,산양,LBI1000087,27,27
13489,202510,전북,6450000,소,LBI1000080,937,937
13488,202510,전북,6450000,오리,LBI1000016,1020862,1020862
13486,202510,충남,6440000,닭,LBI1000088,13154945,13154945
13485,202510,충남,6440000,산양,LBI1000087,1647,1647
13484,202510,충남,6440000,소,LBI1000080,7386,7386
13496,202510,전남,6460000,산양,LBI1000087,2673,2673
13470,202510,경기,6410000,당나귀,LBI1000023,2,2
13331,202509,제주,6500000,소,LBI1000080,812,1253
13300,202509,충북,6430000,면양,LBI1000086,2,2
13298,202509,충북,6430000,사슴,LBI1000017,1,1
13297,202509,충북,6430000,오리,LBI1000016,890970,1730524
13296,202509,충북,6430000,돼지,LBI1000006,230563,418076
13295,202509,강원,6420000,닭,LBI1000088,1738424,3241616
13294,202509,강원,6420000,산양,LBI1000087,648,1167
13293,202509,강원,6420000,소,LBI1000080,4991,7683
13292,202509,강원,6420000,돼지,LBI1000006,40354,76951
13291,202509,경기,6410000,닭,LBI1000088,11841706,23205532
13290,202509,경기,6410000,소,LBI1000080,32919,51777
13289,202509,경기,6410000,말,LBI1000007,34,60
13288,202509,경기,6410000,돼지,LBI1000006,219148,402878
13287,202509,울산,6310000,산양,LBI1000087,39,98
13285,202509,울산,6310000,돼지,LBI1000006,9357,18083
13284,202509,대전,6300000,소,LBI1000080,1153,1675
13283,202509,대전,6300000,돼지,LBI1000006,18294,34309
13282,202509,광주,6290000,소,LBI1000080,1860,3324
13281,202509,광주,6290000,돼지,LBI1000006,44315,80024
13280,202509,인천,6280000,닭,LBI1000088,874438,1814354
13279,202509,인천,6280000,소,LBI1000080,2250,3534
13278,202509,인천,6280000,돼지,LBI1000006,30028,55281
13277,202509,대구,6270000,닭,LBI1000088,1288297,2567663
13276,202509,대구,6270000,소,LBI1000080,1789,2965
13275,202509,대구,6270000,돼지,LBI1000006,25423,45294
13332,202509,제주,6500000,면양,LBI1000086,2,2
13333,202509,제주,6500000,산양,LBI1000087,38,91
13334,202509,제주,6500000,닭,LBI1000088,599115,1097406
13330,202509,제주,6500000,사슴,LBI1000017,3,3
13299,202509,충북,6430000,소,LBI1000080,23314,38752
13286,202509,울산,6310000,소,LBI1000080,1070,1617
13301,202509,충북,6430000,산양,LBI1000087,2723,5742
13316,202509,전남,6460000,산양,LBI1000087,3539,7623
13302,202509,충북,6430000,닭,LBI1000088,7354179,14285727
13328,202509,제주,6500000,돼지,LBI1000006,80580,146399
13327,202509,경남,6480000,닭,LBI1000088,288513,575166
13326,202509,경남,6480000,산양,LBI1000087,1153,1967
13325,202509,경남,6480000,소,LBI1000080,23051,36965
13324,202509,경남,6480000,오리,LBI1000016,62999,226438
13323,202509,경남,6480000,돼지,LBI1000006,179446,328531
13322,202509,경북,6470000,닭,LBI1000088,7402569,15459783
13321,202509,경북,6470000,산양,LBI1000087,784,1508
13320,202509,경북,6470000,소,LBI1000080,16742,26459
13319,202509,경북,6470000,말,LBI1000007,3,5
13318,202509,경북,6470000,돼지,LBI1000006,114069,207160
13317,202509,전남,6460000,닭,LBI1000088,4046518,8507987
13329,202509,제주,6500000,말,LBI1000007,73,128
13315,202509,전남,6460000,소,LBI1000080,12498,21100
13309,202509,전북,6450000,타조,LBI1000024,14,19
13304,202509,충남,6440000,소,LBI1000080,17056,26801
13305,202509,충남,6440000,산양,LBI1000087,1424,2951
13306,202509,충남,6440000,닭,LBI1000088,13581668,25990148
13307,202509,전북,6450000,돼지,LBI1000006,199448,365218
13308,202509,전북,6450000,오리,LBI1000016,1169736,2206128
13303,202509,충남,6440000,돼지,LBI1000006,287546,523686
13310,202509,전북,6450000,소,LBI1000080,1957,3153
13312,202509,전북,6450000,닭,LBI1000088,37869485,76995467
13313,202509,전남,6460000,돼지,LBI1000006,150616,275858
13314,202509,전남,6460000,오리,LBI1000016,4293374,8125449
13311,202509,전북,6450000,산양,LBI1000087,42,82
13372,202508,전북,6450000,산양,LBI1000087,40,40
13377,202508,전남,6460000,산양,LBI1000087,4084,4084
13376,202508,전남,6460000,소,LBI1000080,8602,8602
13375,202508,전남,6460000,오리,LBI1000016,3832075,3832075
13374,202508,전남,6460000,돼지,LBI1000006,125242,125242
13373,202508,전북,6450000,닭,LBI1000088,39125982,39125982
13369,202508,전북,6450000,토끼,LBI1000018,1110,1110
13371,202508,전북,6450000,소,LBI1000080,1196,1196
13370,202508,전북,6450000,타조,LBI1000024,5,5
13368,202508,전북,6450000,오리,LBI1000016,1036392,1036392
13367,202508,전북,6450000,돼지,LBI1000006,165770,165770
13366,202508,충남,6440000,닭,LBI1000088,12408480,12408480
13379,202508,경북,6470000,돼지,LBI1000006,93091,93091
13378,202508,전남,6460000,닭,LBI1000088,4461469,4461469
13386,202508,경남,6480000,소,LBI1000080,13914,13914
13380,202508,경북,6470000,말,LBI1000007,2,2
13381,202508,경북,6470000,소,LBI1000080,9717,9717
13382,202508,경북,6470000,산양,LBI1000087,724,724
13383,202508,경북,6470000,닭,LBI1000088,8057214,8057214
13384,202508,경남,6480000,돼지,LBI1000006,149085,149085
13385,202508,경남,6480000,오리,LBI1000016,163439,163439
13364,202508,충남,6440000,소,LBI1000080,9745,9745
13387,202508,경남,6480000,산양,LBI1000087,814,814
13388,202508,경남,6480000,닭,LBI1000088,286653,286653
13389,202508,제주,6500000,돼지,LBI1000006,65819,65819
13390,202508,제주,6500000,말,LBI1000007,55,55
13391,202508,제주,6500000,소,LBI1000080,441,441
13392,202508,제주,6500000,산양,LBI1000087,53,53
13393,202508,제주,6500000,닭,LBI1000088,498291,498291
13365,202508,충남,6440000,산양,LBI1000087,1527,1527
13349,202508,경기,6410000,말,LBI1000007,26,26
13363,202508,충남,6440000,돼지,LBI1000006,236140,236140
13348,202508,경기,6410000,돼지,LBI1000006,183730,183730
13335,202508,대구,6270000,돼지,LBI1000006,19871,19871
13362,202508,충북,6430000,닭,LBI1000088,6931548,6931548
13336,202508,대구,6270000,소,LBI1000080,1176,1176
13337,202508,대구,6270000,닭,LBI1000088,1279366,1279366
13338,202508,인천,6280000,돼지,LBI1000006,25253,25253
13339,202508,인천,6280000,소,LBI1000080,1284,1284
13340,202508,인천,6280000,닭,LBI1000088,939916,939916
13341,202508,광주,6290000,돼지,LBI1000006,35709,35709
13342,202508,광주,6290000,소,LBI1000080,1464,1464
13344,202508,대전,6300000,소,LBI1000080,522,522
13345,202508,울산,6310000,돼지,LBI1000006,8726,8726
13346,202508,울산,6310000,소,LBI1000080,547,547
13347,202508,울산,6310000,산양,LBI1000087,59,59
13343,202508,대전,6300000,돼지,LBI1000006,16015,16015
13360,202508,충북,6430000,소,LBI1000080,15438,15438
13355,202508,강원,6420000,소,LBI1000080,2692,2692
13361,202508,충북,6430000,산양,LBI1000087,3019,3019
13350,202508,경기,6410000,메추리,LBI1000021,28927,28927
13359,202508,충북,6430000,오리,LBI1000016,839554,839554
13358,202508,충북,6430000,돼지,LBI1000006,187513,187513
13357,202508,강원,6420000,닭,LBI1000088,1503192,1503192
13356,202508,강원,6420000,산양,LBI1000087,519,519
13354,202508,강원,6420000,돼지,LBI1000006,36597,36597
13353,202508,경기,6410000,닭,LBI1000088,11363826,11363826
13352,202508,경기,6410000,소,LBI1000080,18858,18858
13351,202508,경기,6410000,당나귀,LBI1000023,2,2
13001,202507,전북,6450000,닭,LBI1000088,50256555,263440557
13005,202507,전남,6460000,산양,LBI1000087,4279,25366
13006,202507,전남,6460000,닭,LBI1000088,6448662,29566690
13004,202507,전남,6460000,소,LBI1000080,8658,56913
13003,202507,전남,6460000,오리,LBI1000016,4350061,24469675
13002,202507,전남,6460000,돼지,LBI1000006,137940,1024240
12996,202507,전북,6450000,돼지,LBI1000006,175930,1312865
13000,202507,전북,6450000,산양,LBI1000087,31,135
12999,202507,전북,6450000,소,LBI1000080,1189,8634
12998,202507,전북,6450000,토끼,LBI1000018,2060,13352
12997,202507,전북,6450000,오리,LBI1000016,1155297,5574485
13008,202507,경북,6470000,말,LBI1000007,1,8
12995,202507,충남,6440000,닭,LBI1000088,15265460,87433981
13007,202507,경북,6470000,돼지,LBI1000006,98484,753682
13021,202507,제주,6500000,산양,LBI1000087,47,237
13009,202507,경북,6470000,소,LBI1000080,9014,65197
13010,202507,경북,6470000,산양,LBI1000087,777,4573
13011,202507,경북,6470000,닭,LBI1000088,10340517,51605266
13012,202507,경남,6480000,돼지,LBI1000006,166596,1209341
13013,202507,경남,6480000,오리,LBI1000016,190026,1153474
13014,202507,경남,6480000,소,LBI1000080,13894,95757
13015,202507,경남,6480000,산양,LBI1000087,1047,5074
13016,202507,경남,6480000,닭,LBI1000088,225401,1732515
13017,202507,제주,6500000,돼지,LBI1000006,70614,520614
13018,202507,제주,6500000,말,LBI1000007,60,425
13019,202507,제주,6500000,사슴,LBI1000017,5,11
13020,202507,제주,6500000,소,LBI1000080,440,3092
12993,202507,충남,6440000,소,LBI1000080,8862,66526
13022,202507,제주,6500000,닭,LBI1000088,677074,4131883
12994,202507,충남,6440000,산양,LBI1000087,1726,9035
12965,202507,대구,6270000,닭,LBI1000088,1614317,8909523
12992,202507,충남,6440000,돼지,LBI1000006,248778,1920252
12977,202507,경기,6410000,말,LBI1000007,24,161
12991,202507,충북,6430000,닭,LBI1000088,8414482,49270626
12963,202507,대구,6270000,돼지,LBI1000006,21357,154683
12964,202507,대구,6270000,소,LBI1000080,1284,7885
12966,202507,인천,6280000,돼지,LBI1000006,25029,197390
12967,202507,인천,6280000,소,LBI1000080,1620,10050
12968,202507,인천,6280000,닭,LBI1000088,1412763,5941772
12969,202507,광주,6290000,돼지,LBI1000006,39185,297321
12971,202507,대전,6300000,돼지,LBI1000006,17292,132580
12972,202507,대전,6300000,소,LBI1000080,603,3709
12973,202507,울산,6310000,돼지,LBI1000006,10604,81488
12974,202507,울산,6310000,소,LBI1000080,588,4834
12975,202507,울산,6310000,산양,LBI1000087,55,438
12976,202507,경기,6410000,돼지,LBI1000006,183853,1428853
12970,202507,광주,6290000,소,LBI1000080,1577,10497
12978,202507,경기,6410000,메추리,LBI1000021,5099,343061
12985,202507,강원,6420000,산양,LBI1000087,719,3551
12979,202507,경기,6410000,당나귀,LBI1000023,2,11
12990,202507,충북,6430000,산양,LBI1000087,3464,14710
12989,202507,충북,6430000,소,LBI1000080,16467,109364
12988,202507,충북,6430000,오리,LBI1000016,995108,4868151
12987,202507,충북,6430000,돼지,LBI1000006,187575,1504653
12986,202507,강원,6420000,닭,LBI1000088,1754834,9579874
12984,202507,강원,6420000,면양,LBI1000086,40,41
12983,202507,강원,6420000,소,LBI1000080,2417,16889
12982,202507,강원,6420000,돼지,LBI1000006,35253,277049
12981,202507,경기,6410000,닭,LBI1000088,14163671,79440523
12980,202507,경기,6410000,소,LBI1000080,18198,137949
13063,202506,전북,6450000,산양,LBI1000087,23,104
13068,202506,전남,6460000,산양,LBI1000087,3546,21087
13067,202506,전남,6460000,소,LBI1000080,8058,48255
13066,202506,전남,6460000,오리,LBI1000016,4144865,20119614
13065,202506,전남,6460000,돼지,LBI1000006,131026,886300
13064,202506,전북,6450000,닭,LBI1000088,39114924,213184002
13057,202506,충남,6440000,닭,LBI1000088,12738912,72168521
13062,202506,전북,6450000,소,LBI1000080,1078,7445
13061,202506,전북,6450000,타조,LBI1000024,5,25
13060,202506,전북,6450000,토끼,LBI1000018,1915,11292
13059,202506,전북,6450000,오리,LBI1000016,1049657,4419188
13058,202506,전북,6450000,돼지,LBI1000006,164647,1136935
13056,202506,충남,6440000,산양,LBI1000087,1083,7309
13070,202506,경북,6470000,돼지,LBI1000006,100011,655198
13069,202506,전남,6460000,닭,LBI1000088,4636694,23118028
13084,202506,제주,6500000,산양,LBI1000087,32,190
13071,202506,경북,6470000,말,LBI1000007,1,7
13072,202506,경북,6470000,소,LBI1000080,8046,56183
13073,202506,경북,6470000,산양,LBI1000087,454,3796
13074,202506,경북,6470000,닭,LBI1000088,8187125,41264749
13075,202506,경남,6480000,돼지,LBI1000006,154598,1042745
13076,202506,경남,6480000,오리,LBI1000016,195478,963448
13077,202506,경남,6480000,소,LBI1000080,12936,81863
13078,202506,경남,6480000,산양,LBI1000087,668,4027
13079,202506,경남,6480000,닭,LBI1000088,321677,1507114
13080,202506,제주,6500000,돼지,LBI1000006,67342,450000
13081,202506,제주,6500000,말,LBI1000007,61,365
13082,202506,제주,6500000,사슴,LBI1000017,2,6
13083,202506,제주,6500000,소,LBI1000080,385,2652
13054,202506,충남,6440000,말,LBI1000007,3,3
13085,202506,제주,6500000,닭,LBI1000088,551115,3454809
13055,202506,충남,6440000,소,LBI1000080,8611,57664
13040,202506,경기,6410000,소,LBI1000080,17464,119751
13053,202506,충남,6440000,돼지,LBI1000006,247596,1671474
13052,202506,충북,6430000,닭,LBI1000088,6853175,40856144
13023,202506,대구,6270000,돼지,LBI1000006,20096,133326
13024,202506,대구,6270000,소,LBI1000080,1040,6601
13025,202506,대구,6270000,닭,LBI1000088,1341456,7295206
13026,202506,인천,6280000,돼지,LBI1000006,24319,172361
13027,202506,인천,6280000,소,LBI1000080,1408,8430
13028,202506,인천,6280000,닭,LBI1000088,901225,4529009
13029,202506,광주,6290000,돼지,LBI1000006,38044,258136
13030,202506,광주,6290000,소,LBI1000080,1476,8920
13031,202506,대전,6300000,돼지,LBI1000006,16111,115288
13032,202506,대전,6300000,소,LBI1000080,605,3106
13033,202506,울산,6310000,돼지,LBI1000006,10014,70884
13034,202506,울산,6310000,소,LBI1000080,582,4246
13035,202506,울산,6310000,산양,LBI1000087,44,383
13036,202506,경기,6410000,돼지,LBI1000006,186465,1245000
13037,202506,경기,6410000,말,LBI1000007,22,137
13038,202506,경기,6410000,메추리,LBI1000021,87799,337962
13039,202506,경기,6410000,당나귀,LBI1000023,2,9
13041,202506,경기,6410000,닭,LBI1000088,11505740,65276852
13042,202506,강원,6420000,돼지,LBI1000006,35229,241796
13043,202506,강원,6420000,말,LBI1000007,2,11
13044,202506,강원,6420000,소,LBI1000080,2228,14472
13045,202506,강원,6420000,산양,LBI1000087,510,2832
13046,202506,강원,6420000,닭,LBI1000088,1461193,7825040
13047,202506,충북,6430000,돼지,LBI1000006,193812,1317078
13048,202506,충북,6430000,오리,LBI1000016,902188,3873043
13049,202506,충북,6430000,사슴,LBI1000017,2,4
13050,202506,충북,6430000,소,LBI1000080,14446,92897
13051,202506,충북,6430000,산양,LBI1000087,2462,11246
13087,202505,대구,6270000,소,LBI1000080,1092,5561
13086,202505,대구,6270000,돼지,LBI1000006,22232,113230
13142,202505,경남,6480000,산양,LBI1000087,646,3359
13088,202505,대구,6270000,닭,LBI1000088,1224307,5953750
13119,202505,충남,6440000,산양,LBI1000087,1443,6226
13121,202505,전북,6450000,돼지,LBI1000006,177206,972288
13122,202505,전북,6450000,오리,LBI1000016,1028874,3369531
13123,202505,전북,6450000,토끼,LBI1000018,2343,9377
13124,202505,전북,6450000,타조,LBI1000024,10,20
13125,202505,전북,6450000,소,LBI1000080,1141,6367
13126,202505,전북,6450000,산양,LBI1000087,13,81
13127,202505,전북,6450000,닭,LBI1000088,38237491,174069078
13128,202505,전남,6460000,돼지,LBI1000006,144149,755274
13129,202505,전남,6460000,오리,LBI1000016,4014092,15974749
13130,202505,전남,6460000,소,LBI1000080,8097,40197
13131,202505,전남,6460000,산양,LBI1000087,3963,17541
13132,202505,전남,6460000,닭,LBI1000088,4390932,18481334
13133,202505,경북,6470000,돼지,LBI1000006,106895,555187
13135,202505,경북,6470000,꿩,LBI1000022,150,300
13136,202505,경북,6470000,소,LBI1000080,8163,48137
13137,202505,경북,6470000,산양,LBI1000087,640,3342
13138,202505,경북,6470000,닭,LBI1000088,7718452,33077624
13139,202505,경남,6480000,돼지,LBI1000006,165485,888147
13140,202505,경남,6480000,오리,LBI1000016,173021,767970
13141,202505,경남,6480000,소,LBI1000080,11948,68927
13143,202505,경남,6480000,닭,LBI1000088,181248,1185437
13144,202505,제주,6500000,돼지,LBI1000006,71706,382658
13145,202505,제주,6500000,말,LBI1000007,66,304
13146,202505,제주,6500000,소,LBI1000080,416,2267
13147,202505,제주,6500000,산양,LBI1000087,43,158
13148,202505,제주,6500000,닭,LBI1000088,588470,2903694
13089,202505,인천,6280000,돼지,LBI1000006,27376,148042
13120,202505,충남,6440000,닭,LBI1000088,12339583,59429609
13134,202505,경북,6470000,말,LBI1000007,2,6
13118,202505,충남,6440000,소,LBI1000080,8123,49053
13103,202505,경기,6410000,소,LBI1000080,17250,102287
13090,202505,인천,6280000,소,LBI1000080,1282,7022
13117,202505,충남,6440000,돼지,LBI1000006,265088,1423878
13091,202505,인천,6280000,닭,LBI1000088,828756,3627784
13092,202505,광주,6290000,돼지,LBI1000006,42101,220092
13093,202505,광주,6290000,소,LBI1000080,1649,7444
13094,202505,대전,6300000,돼지,LBI1000006,17511,99177
13095,202505,대전,6300000,소,LBI1000080,458,2501
13096,202505,울산,6310000,돼지,LBI1000006,11028,60870
13098,202505,울산,6310000,산양,LBI1000087,55,339
13099,202505,경기,6410000,돼지,LBI1000006,199710,1058535
13100,202505,경기,6410000,말,LBI1000007,24,115
13101,202505,경기,6410000,메추리,LBI1000021,53359,250163
13102,202505,경기,6410000,당나귀,LBI1000023,1,7
13097,202505,울산,6310000,소,LBI1000080,587,3664
13115,202505,충북,6430000,산양,LBI1000087,2176,8784
13109,202505,강원,6420000,닭,LBI1000088,1362166,6363847
13116,202505,충북,6430000,닭,LBI1000088,7129008,34002969
13104,202505,경기,6410000,닭,LBI1000088,11947609,53771112
13114,202505,충북,6430000,면양,LBI1000086,2,14
13113,202505,충북,6430000,소,LBI1000080,13511,78451
13112,202505,충북,6430000,사슴,LBI1000017,1,2
13110,202505,충북,6430000,돼지,LBI1000006,213395,1123266
13111,202505,충북,6430000,오리,LBI1000016,955399,2970855
13108,202505,강원,6420000,산양,LBI1000087,471,2322
13107,202505,강원,6420000,소,LBI1000080,2143,12244
13106,202505,강원,6420000,말,LBI1000007,2,9
13105,202505,강원,6420000,돼지,LBI1000006,36916,206567
13194,202504,전남,6460000,오리,LBI1000016,3904180,11960657
13189,202504,전북,6450000,타조,LBI1000024,6,10
13195,202504,전남,6460000,소,LBI1000080,8030,32100
13193,202504,전남,6460000,돼지,LBI1000006,159012,611125
13192,202504,전북,6450000,닭,LBI1000088,35882043,135831587
13191,202504,전북,6450000,산양,LBI1000087,16,68
13190,202504,전북,6450000,소,LBI1000080,1270,5226
13183,202504,충남,6440000,소,LBI1000080,10708,40930
13188,202504,전북,6450000,토끼,LBI1000018,2600,7034
13187,202504,전북,6450000,오리,LBI1000016,874895,2340657
13186,202504,전북,6450000,돼지,LBI1000006,202618,795082
13185,202504,충남,6440000,닭,LBI1000088,11602040,47090026
13184,202504,충남,6440000,산양,LBI1000087,1211,4783
13197,202504,전남,6460000,닭,LBI1000088,4089034,14090402
13196,202504,전남,6460000,산양,LBI1000087,3753,13578
13212,202504,제주,6500000,산양,LBI1000087,28,115
13198,202504,경북,6470000,돼지,LBI1000006,115174,448292
13199,202504,경북,6470000,말,LBI1000007,1,4
13200,202504,경북,6470000,꿩,LBI1000022,150,150
13201,202504,경북,6470000,소,LBI1000080,10346,39974
13202,202504,경북,6470000,산양,LBI1000087,710,2702
13203,202504,경북,6470000,닭,LBI1000088,7342231,25359172
13204,202504,경남,6480000,돼지,LBI1000006,183073,722662
13205,202504,경남,6480000,오리,LBI1000016,138465,594949
13206,202504,경남,6480000,소,LBI1000080,16482,56979
13207,202504,경남,6480000,산양,LBI1000087,799,2713
13208,202504,경남,6480000,닭,LBI1000088,269469,1004189
13209,202504,제주,6500000,돼지,LBI1000006,80210,310952
13211,202504,제주,6500000,소,LBI1000080,476,1851
13213,202504,제주,6500000,닭,LBI1000088,594337,2315224
13181,202504,충북,6430000,닭,LBI1000088,6962429,26873961
13182,202504,충남,6440000,돼지,LBI1000006,287753,1158790
13210,202504,제주,6500000,말,LBI1000007,67,238
13180,202504,충북,6430000,산양,LBI1000087,2104,6608
13163,202504,경기,6410000,돼지,LBI1000006,225980,858825
13149,202504,대구,6270000,돼지,LBI1000006,24328,90998
13179,202504,충북,6430000,면양,LBI1000086,8,12
13151,202504,대구,6270000,닭,LBI1000088,1300877,4729443
13152,202504,인천,6280000,돼지,LBI1000006,29372,120666
13153,202504,인천,6280000,소,LBI1000080,1610,5740
13154,202504,인천,6280000,닭,LBI1000088,679784,2799028
13155,202504,광주,6290000,돼지,LBI1000006,42996,177991
13156,202504,광주,6290000,말,LBI1000007,3,3
13157,202504,광주,6290000,소,LBI1000080,1473,5795
13158,202504,대전,6300000,돼지,LBI1000006,20604,81666
13159,202504,대전,6300000,소,LBI1000080,511,2043
13160,202504,울산,6310000,돼지,LBI1000006,12160,49842
13161,202504,울산,6310000,소,LBI1000080,725,3077
13162,202504,울산,6310000,산양,LBI1000087,64,284
13150,202504,대구,6270000,소,LBI1000080,1247,4469
13164,202504,경기,6410000,말,LBI1000007,32,91
13172,202504,강원,6420000,면양,LBI1000086,1,1
13177,202504,충북,6430000,사슴,LBI1000017,1,1
13178,202504,충북,6430000,소,LBI1000080,17207,64940
13165,202504,경기,6410000,메추리,LBI1000021,53056,196804
13175,202504,충북,6430000,돼지,LBI1000006,236839,909871
13174,202504,강원,6420000,닭,LBI1000088,1173504,5001681
13173,202504,강원,6420000,산양,LBI1000087,606,1851
13176,202504,충북,6430000,오리,LBI1000016,935477,2015456
13171,202504,강원,6420000,소,LBI1000080,2484,10101
13167,202504,경기,6410000,소,LBI1000080,22455,85037
13169,202504,강원,6420000,돼지,LBI1000006,41888,169651
13166,202504,경기,6410000,당나귀,LBI1000023,2,6
13168,202504,경기,6410000,닭,LBI1000088,11116325,41823503
13170,202504,강원,6420000,말,LBI1000007,3,7
13222,202503,대전,6300000,돼지,LBI1000006,20539,61062
13223,202503,대전,6300000,소,LBI1000080,381,1532
13224,202503,울산,6310000,돼지,LBI1000006,12378,37682
13225,202503,울산,6310000,소,LBI1000080,621,2352
13227,202503,경기,6410000,돼지,LBI1000006,209683,632845
13226,202503,울산,6310000,산양,LBI1000087,65,220
13228,202503,경기,6410000,말,LBI1000007,21,59
13229,202503,경기,6410000,메추리,LBI1000021,81188,143748
13230,202503,경기,6410000,당나귀,LBI1000023,2,4
13220,202503,광주,6290000,돼지,LBI1000006,44084,134995
13231,202503,경기,6410000,소,LBI1000080,18533,62582
13221,202503,광주,6290000,소,LBI1000080,1294,4322
13214,202503,대구,6270000,돼지,LBI1000006,22939,66670
13219,202503,인천,6280000,닭,LBI1000088,732668,2119244
13218,202503,인천,6280000,소,LBI1000080,1225,4130
13217,202503,인천,6280000,돼지,LBI1000006,30755,91294
13216,202503,대구,6270000,닭,LBI1000088,1160055,3428566
13215,202503,대구,6270000,소,LBI1000080,1026,3222
13233,202503,강원,6420000,돼지,LBI1000006,41976,127763
13266,202503,경남,6480000,산양,LBI1000087,661,1914
13267,202503,경남,6480000,닭,LBI1000088,192387,734720
13268,202503,제주,6500000,돼지,LBI1000006,74441,230742
13269,202503,제주,6500000,말,LBI1000007,69,171
13270,202503,제주,6500000,사슴,LBI1000017,4,4
13271,202503,제주,6500000,소,LBI1000080,388,1375
13272,202503,제주,6500000,면양,LBI1000086,1,1
13232,202503,경기,6410000,닭,LBI1000088,11245270,30707178
13240,202503,충북,6430000,소,LBI1000080,14634,47733
13234,202503,강원,6420000,말,LBI1000007,2,4
13235,202503,강원,6420000,소,LBI1000080,2238,7617
13263,202503,경남,6480000,돼지,LBI1000006,177009,539589
13262,202503,경북,6470000,닭,LBI1000088,6458902,18016941
13261,202503,경북,6470000,산양,LBI1000087,733,1992
13260,202503,경북,6470000,소,LBI1000080,8622,29628
13259,202503,경북,6470000,말,LBI1000007,1,3
13258,202503,경북,6470000,돼지,LBI1000006,112427,333118
13257,202503,전남,6460000,닭,LBI1000088,3541639,10001368
13256,202503,전남,6460000,산양,LBI1000087,3169,9825
13255,202503,전남,6460000,소,LBI1000080,7087,24070
13254,202503,전남,6460000,오리,LBI1000016,2535021,8056477
13253,202503,전남,6460000,돼지,LBI1000006,144255,452113
13252,202503,전북,6450000,닭,LBI1000088,35967712,99949544
13251,202503,전북,6450000,산양,LBI1000087,17,52
13250,202503,전북,6450000,소,LBI1000080,1075,3956
13249,202503,전북,6450000,토끼,LBI1000018,2362,4434
13273,202503,제주,6500000,산양,LBI1000087,34,87
13247,202503,전북,6450000,돼지,LBI1000006,191026,592464
13246,202503,충남,6440000,닭,LBI1000088,12358249,35487986
13245,202503,충남,6440000,산양,LBI1000087,1114,3572
13244,202503,충남,6440000,소,LBI1000080,8977,30222
13243,202503,충남,6440000,돼지,LBI1000006,279463,871037
13242,202503,충북,6430000,닭,LBI1000088,7000633,19911532
13241,202503,충북,6430000,산양,LBI1000087,1645,4504
13239,202503,충북,6430000,오리,LBI1000016,336640,1079979
13238,202503,충북,6430000,돼지,LBI1000006,217706,673032
13237,202503,강원,6420000,닭,LBI1000088,1147974,3828177
13236,202503,강원,6420000,산양,LBI1000087,510,1245
13248,202503,전북,6450000,오리,LBI1000016,467020,1465762
13264,202503,경남,6480000,오리,LBI1000016,166361,456484
13274,202503,제주,6500000,닭,LBI1000088,558441,1720887
13265,202503,경남,6480000,소,LBI1000080,12492,40497
7719,202502,경기,6410000,소,LBI1000080,17081,44049
7731,202502,충북,6430000,산양,LBI1000087,1575,2859
7730,202502,충북,6430000,면양,LBI1000086,4,4
7729,202502,충북,6430000,소,LBI1000080,14479,33099
7728,202502,충북,6430000,오리,LBI1000016,343156,743339
7727,202502,충북,6430000,돼지,LBI1000006,239067,455326
7726,202502,강원,6420000,닭,LBI1000088,1187974,2680203
7725,202502,강원,6420000,산양,LBI1000087,449,735
7724,202502,강원,6420000,소,LBI1000080,1712,5379
7723,202502,강원,6420000,꿩,LBI1000022,595,844
7722,202502,강원,6420000,말,LBI1000007,2,2
7721,202502,강원,6420000,돼지,LBI1000006,44807,85787
7720,202502,경기,6410000,닭,LBI1000088,9870593,19461908
7718,202502,경기,6410000,메추리,LBI1000021,35346,62560
7733,202502,충남,6440000,돼지,LBI1000006,307310,591574
7717,202502,경기,6410000,말,LBI1000007,18,38
7716,202502,경기,6410000,돼지,LBI1000006,222534,423162
7715,202502,울산,6310000,산양,LBI1000087,74,155
7714,202502,울산,6310000,소,LBI1000080,565,1731
7713,202502,울산,6310000,돼지,LBI1000006,13023,25304
7712,202502,대전,6300000,소,LBI1000080,367,1151
7711,202502,대전,6300000,돼지,LBI1000006,22063,40523
7710,202502,광주,6290000,소,LBI1000080,1370,3028
7709,202502,광주,6290000,돼지,LBI1000006,48503,90911
7708,202502,인천,6280000,닭,LBI1000088,685650,1386576
7707,202502,인천,6280000,소,LBI1000080,1169,2905
7706,202502,인천,6280000,돼지,LBI1000006,32309,60539
7732,202502,충북,6430000,닭,LBI1000088,6446007,12910899
7734,202502,충남,6440000,소,LBI1000080,8123,21245
7763,202502,제주,6500000,닭,LBI1000088,541275,1162446
7735,202502,충남,6440000,산양,LBI1000087,1194,2458
7762,202502,제주,6500000,산양,LBI1000087,24,53
7761,202502,제주,6500000,소,LBI1000080,363,987
7760,202502,제주,6500000,말,LBI1000007,52,102
7759,202502,제주,6500000,돼지,LBI1000006,75995,156301
7758,202502,경남,6480000,닭,LBI1000088,280644,542333
7757,202502,경남,6480000,산양,LBI1000087,659,1253
7756,202502,경남,6480000,소,LBI1000080,10804,28005
7705,202502,대구,6270000,닭,LBI1000088,1121134,2268511
7755,202502,경남,6480000,오리,LBI1000016,138912,290123
7754,202502,경남,6480000,돼지,LBI1000006,184937,362580
7753,202502,경북,6470000,닭,LBI1000088,5950005,11558039
7752,202502,경북,6470000,산양,LBI1000087,686,1259
7750,202502,경북,6470000,말,LBI1000007,1,2
7749,202502,경북,6470000,돼지,LBI1000006,114161,220691
7748,202502,전남,6460000,닭,LBI1000088,3126129,6459729
7747,202502,전남,6460000,산양,LBI1000087,3388,6656
7746,202502,전남,6460000,면양,LBI1000086,2,2
7745,202502,전남,6460000,소,LBI1000080,6766,16983
7744,202502,전남,6460000,오리,LBI1000016,2833070,5521456
7743,202502,전남,6460000,돼지,LBI1000006,159178,307858
7742,202502,전북,6450000,닭,LBI1000088,32421534,63981832
7741,202502,전북,6450000,산양,LBI1000087,26,35
7740,202502,전북,6450000,소,LBI1000080,966,2881
7739,202502,전북,6450000,토끼,LBI1000018,2072,2072
7738,202502,전북,6450000,오리,LBI1000016,386672,998742
7737,202502,전북,6450000,돼지,LBI1000006,207101,401438
7736,202502,충남,6440000,닭,LBI1000088,11571074,23129737
7751,202502,경북,6470000,소,LBI1000080,7452,21006
7704,202502,대구,6270000,소,LBI1000080,906,2196
7703,202502,대구,6270000,돼지,LBI1000006,22337,43731
7821,202501,제주,6500000,말,LBI1000007,50,50
7809,202501,경북,6470000,돼지,LBI1000006,106530,106530
7795,202501,충남,6440000,소,LBI1000080,13122,13122
7796,202501,충남,6440000,산양,LBI1000087,1264,1264
7797,202501,충남,6440000,닭,LBI1000088,11558663,11558663
7798,202501,전북,6450000,돼지,LBI1000006,194337,194337
7799,202501,전북,6450000,오리,LBI1000016,612070,612070
7800,202501,전북,6450000,타조,LBI1000024,4,4
7801,202501,전북,6450000,소,LBI1000080,1915,1915
7802,202501,전북,6450000,산양,LBI1000087,9,9
7803,202501,전북,6450000,닭,LBI1000088,31560298,31560298
7804,202501,전남,6460000,돼지,LBI1000006,148680,148680
7805,202501,전남,6460000,오리,LBI1000016,2688386,2688386
7807,202501,전남,6460000,산양,LBI1000087,3268,3268
7808,202501,전남,6460000,닭,LBI1000088,3333600,3333600
7810,202501,경북,6470000,말,LBI1000007,1,1
7793,202501,충북,6430000,닭,LBI1000088,6464892,6464892
7811,202501,경북,6470000,소,LBI1000080,13554,13554
7812,202501,경북,6470000,산양,LBI1000087,573,573
7813,202501,경북,6470000,닭,LBI1000088,5608034,5608034
7814,202501,경남,6480000,돼지,LBI1000006,177643,177643
7815,202501,경남,6480000,오리,LBI1000016,151211,151211
7816,202501,경남,6480000,소,LBI1000080,17201,17201
7817,202501,경남,6480000,면양,LBI1000086,1,1
7818,202501,경남,6480000,산양,LBI1000087,594,594
7819,202501,경남,6480000,닭,LBI1000088,261689,261689
7820,202501,제주,6500000,돼지,LBI1000006,80306,80306
7822,202501,제주,6500000,소,LBI1000080,624,624
7823,202501,제주,6500000,산양,LBI1000087,29,29
7824,202501,제주,6500000,닭,LBI1000088,621171,621171
7794,202501,충남,6440000,돼지,LBI1000006,284264,284264
7806,202501,전남,6460000,소,LBI1000080,10217,10217
7792,202501,충북,6430000,산양,LBI1000087,1284,1284
7777,202501,울산,6310000,산양,LBI1000087,81,81
7764,202501,대구,6270000,돼지,LBI1000006,21394,21394
7791,202501,충북,6430000,소,LBI1000080,18620,18620
7766,202501,대구,6270000,닭,LBI1000088,1147377,1147377
7767,202501,인천,6280000,돼지,LBI1000006,28230,28230
7768,202501,인천,6280000,꿩,LBI1000022,364,364
7769,202501,인천,6280000,소,LBI1000080,1736,1736
7770,202501,인천,6280000,닭,LBI1000088,700926,700926
7771,202501,광주,6290000,돼지,LBI1000006,42408,42408
7772,202501,광주,6290000,소,LBI1000080,1658,1658
7773,202501,대전,6300000,돼지,LBI1000006,18460,18460
7774,202501,대전,6300000,소,LBI1000080,784,784
7775,202501,울산,6310000,돼지,LBI1000006,12281,12281
7776,202501,울산,6310000,소,LBI1000080,1166,1166
7765,202501,대구,6270000,소,LBI1000080,1290,1290
7778,202501,경기,6410000,돼지,LBI1000006,200628,200628
7785,202501,강원,6420000,꿩,LBI1000022,249,249
7779,202501,경기,6410000,말,LBI1000007,20,20
7790,202501,충북,6430000,오리,LBI1000016,400183,400183
7788,202501,강원,6420000,닭,LBI1000088,1492229,1492229
7787,202501,강원,6420000,산양,LBI1000087,286,286
7786,202501,강원,6420000,소,LBI1000080,3667,3667
7789,202501,충북,6430000,돼지,LBI1000006,216259,216259
7784,202501,강원,6420000,돼지,LBI1000006,40980,40980
7782,202501,경기,6410000,소,LBI1000080,26968,26968
7781,202501,경기,6410000,당나귀,LBI1000023,2,2
7780,202501,경기,6410000,메추리,LBI1000021,27214,27214
7783,202501,경기,6410000,닭,LBI1000088,9591315,9591315
7866,202412,전남,6460000,돼지,LBI1000006,172838,1876486
7871,202412,경북,6470000,돼지,LBI1000006,122384,1315830
7870,202412,전남,6460000,닭,LBI1000088,3584193,49905683
7869,202412,전남,6460000,산양,LBI1000087,3604,42522
7868,202412,전남,6460000,소,LBI1000080,9602,104510
7867,202412,전남,6460000,오리,LBI1000016,3085574,39652723
7864,202412,전북,6450000,산양,LBI1000087,33,379
7865,202412,전북,6450000,닭,LBI1000088,36214527,450784875
7863,202412,전북,6450000,소,LBI1000080,1495,16641
7862,202412,전북,6450000,사슴,LBI1000017,7,7
7860,202412,전북,6450000,돼지,LBI1000006,210482,2235780
7873,202412,경북,6470000,꿩,LBI1000022,100,400
7828,202412,인천,6280000,돼지,LBI1000006,30788,356113
7872,202412,경북,6470000,말,LBI1000007,2,16
7879,202412,경남,6480000,소,LBI1000080,18571,177315
7874,202412,경북,6470000,소,LBI1000080,12699,121332
7875,202412,경북,6470000,산양,LBI1000087,821,7792
7876,202412,경북,6470000,닭,LBI1000088,6514630,84879251
7877,202412,경남,6480000,돼지,LBI1000006,194307,2096107
7878,202412,경남,6480000,오리,LBI1000016,151221,2051353
7880,202412,경남,6480000,산양,LBI1000087,699,11626
7881,202412,경남,6480000,닭,LBI1000088,236665,5362884
7882,202412,제주,6500000,돼지,LBI1000006,80507,913960
7883,202412,제주,6500000,말,LBI1000007,84,876
7884,202412,제주,6500000,사슴,LBI1000017,3,13
7885,202412,제주,6500000,당나귀,LBI1000023,1,4
7886,202412,제주,6500000,소,LBI1000080,517,5685
7858,202412,충남,6440000,산양,LBI1000087,1430,18155
7859,202412,충남,6440000,닭,LBI1000088,12542323,155044230
7861,202412,전북,6450000,오리,LBI1000016,727535,9163522
7857,202412,충남,6440000,소,LBI1000080,12181,121744
7842,202412,경기,6410000,소,LBI1000080,26931,267542
7888,202412,제주,6500000,닭,LBI1000088,628525,6715657
7831,202412,광주,6290000,돼지,LBI1000006,47349,470414
7832,202412,광주,6290000,소,LBI1000080,1655,17341
7833,202412,대전,6300000,돼지,LBI1000006,21989,242056
7834,202412,대전,6300000,소,LBI1000080,722,6536
7835,202412,울산,6310000,돼지,LBI1000006,14140,139371
7836,202412,울산,6310000,소,LBI1000080,804,9847
7837,202412,울산,6310000,산양,LBI1000087,144,702
7838,202412,경기,6410000,돼지,LBI1000006,228782,2516418
7839,202412,경기,6410000,말,LBI1000007,26,209
7840,202412,경기,6410000,메추리,LBI1000021,10583,520213
7841,202412,경기,6410000,당나귀,LBI1000023,2,23
7843,202412,경기,6410000,닭,LBI1000088,11023318,129981712
7856,202412,충남,6440000,말,LBI1000007,10,97
7844,202412,강원,6420000,돼지,LBI1000006,48697,498940
7845,202412,강원,6420000,꿩,LBI1000022,5069,10244
7846,202412,강원,6420000,소,LBI1000080,3895,35501
7847,202412,강원,6420000,산양,LBI1000087,492,6086
7848,202412,강원,6420000,닭,LBI1000088,1726023,21718803
7849,202412,충북,6430000,돼지,LBI1000006,242425,2703840
7850,202412,충북,6430000,오리,LBI1000016,584588,8574690
7851,202412,충북,6430000,소,LBI1000080,18527,197591
7852,202412,충북,6430000,면양,LBI1000086,20,152
7853,202412,충북,6430000,산양,LBI1000087,2038,25465
7854,202412,충북,6430000,닭,LBI1000088,7151478,90960111
7855,202412,충남,6440000,돼지,LBI1000006,309932,3350727
7887,202412,제주,6500000,산양,LBI1000087,26,348
7830,202412,인천,6280000,닭,LBI1000088,860059,10869674
7829,202412,인천,6280000,소,LBI1000080,1462,16047
7825,202412,대구,6270000,돼지,LBI1000006,25457,316214
7826,202412,대구,6270000,소,LBI1000080,1267,17083
7827,202412,대구,6270000,닭,LBI1000088,1307681,16125864
7931,202411,전남,6460000,돼지,LBI1000006,167969,1703648
7936,202411,경북,6470000,돼지,LBI1000006,114796,1193446
7935,202411,전남,6460000,닭,LBI1000088,3566642,46321490
7934,202411,전남,6460000,산양,LBI1000087,3232,38918
7933,202411,전남,6460000,소,LBI1000080,7835,94908
7932,202411,전남,6460000,오리,LBI1000016,3026884,36567149
7929,202411,전북,6450000,산양,LBI1000087,61,346
7930,202411,전북,6450000,닭,LBI1000088,36360203,414570348
7938,202411,경북,6470000,꿩,LBI1000022,200,300
7928,202411,전북,6450000,소,LBI1000080,1234,15146
7927,202411,전북,6450000,타조,LBI1000024,4,12
7926,202411,전북,6450000,오리,LBI1000016,644999,8435987
7925,202411,전북,6450000,돼지,LBI1000006,205440,2025298
7937,202411,경북,6470000,말,LBI1000007,3,14
7897,202411,대전,6300000,돼지,LBI1000006,22409,220067
7939,202411,경북,6470000,소,LBI1000080,8461,108633
7896,202411,광주,6290000,소,LBI1000080,1463,15686
7941,202411,경북,6470000,닭,LBI1000088,6410951,78364621
7942,202411,경남,6480000,돼지,LBI1000006,178882,1901800
7943,202411,경남,6480000,오리,LBI1000016,151233,1900132
7944,202411,경남,6480000,소,LBI1000080,11344,158744
7945,202411,경남,6480000,면양,LBI1000086,1,2
7946,202411,경남,6480000,산양,LBI1000087,660,10927
7947,202411,경남,6480000,닭,LBI1000088,281943,5126219
7948,202411,제주,6500000,돼지,LBI1000006,72246,833453
7949,202411,제주,6500000,말,LBI1000007,81,792
7950,202411,제주,6500000,소,LBI1000080,361,5168
7951,202411,제주,6500000,산양,LBI1000087,35,322
7952,202411,제주,6500000,닭,LBI1000088,550372,6087132
7940,202411,경북,6470000,산양,LBI1000087,760,6971
7923,202411,충남,6440000,산양,LBI1000087,1400,16725
7922,202411,충남,6440000,소,LBI1000080,8774,109563
7905,202411,경기,6410000,당나귀,LBI1000023,2,21
7895,202411,광주,6290000,돼지,LBI1000006,40336,423065
7894,202411,인천,6280000,닭,LBI1000088,844229,10009615
7893,202411,인천,6280000,소,LBI1000080,1162,14585
7892,202411,인천,6280000,돼지,LBI1000006,32588,325325
7891,202411,대구,6270000,닭,LBI1000088,1223668,14818183
7890,202411,대구,6270000,소,LBI1000080,1060,15816
7889,202411,대구,6270000,돼지,LBI1000006,22742,290757
7898,202411,대전,6300000,소,LBI1000080,345,5814
7899,202411,울산,6310000,돼지,LBI1000006,13049,125231
7900,202411,울산,6310000,소,LBI1000080,649,9043
7901,202411,울산,6310000,산양,LBI1000087,109,558
7902,202411,경기,6410000,돼지,LBI1000006,226112,2287636
7903,202411,경기,6410000,말,LBI1000007,25,183
7904,202411,경기,6410000,메추리,LBI1000021,94889,509630
7906,202411,경기,6410000,소,LBI1000080,18893,240611
7921,202411,충남,6440000,말,LBI1000007,11,87
7907,202411,경기,6410000,닭,LBI1000088,11058620,118958394
7908,202411,강원,6420000,돼지,LBI1000006,44746,450243
7909,202411,강원,6420000,꿩,LBI1000022,1477,5175
7910,202411,강원,6420000,소,LBI1000080,2176,31606
7911,202411,강원,6420000,산양,LBI1000087,507,5594
7912,202411,강원,6420000,닭,LBI1000088,1866461,19992780
7913,202411,충북,6430000,돼지,LBI1000006,236202,2461415
7914,202411,충북,6430000,오리,LBI1000016,681635,7990102
7915,202411,충북,6430000,사슴,LBI1000017,2,27
7916,202411,충북,6430000,소,LBI1000080,14779,179064
7917,202411,충북,6430000,면양,LBI1000086,31,132
7918,202411,충북,6430000,산양,LBI1000087,1630,23427
7919,202411,충북,6430000,닭,LBI1000088,7687903,83808633
7920,202411,충남,6440000,돼지,LBI1000006,300713,3040795
7924,202411,충남,6440000,닭,LBI1000088,12335473,142501907
8108,202410,제주,6500000,돼지,LBI1000006,72968,761207
8109,202410,제주,6500000,말,LBI1000007,105,711
7985,202410,충남,6440000,말,LBI1000007,5,76
7987,202410,충남,6440000,산양,LBI1000087,1316,15325
7988,202410,충남,6440000,닭,LBI1000088,14254394,130166434
7989,202410,전북,6450000,돼지,LBI1000006,197664,1819858
7990,202410,전북,6450000,오리,LBI1000016,954759,7790988
7991,202410,전북,6450000,토끼,LBI1000018,582,18625
7992,202410,전북,6450000,소,LBI1000080,1267,13912
7993,202410,전북,6450000,산양,LBI1000087,31,285
7994,202410,전북,6450000,닭,LBI1000088,37636439,378210145
7995,202410,전남,6460000,돼지,LBI1000006,159400,1535679
8093,202410,전남,6460000,오리,LBI1000016,3781123,33540265
8094,202410,전남,6460000,소,LBI1000080,8106,87073
8095,202410,전남,6460000,산양,LBI1000087,3367,35686
8096,202410,전남,6460000,닭,LBI1000088,3861477,42754848
8097,202410,경북,6470000,돼지,LBI1000006,116295,1078650
8098,202410,경북,6470000,말,LBI1000007,2,11
8099,202410,경북,6470000,소,LBI1000080,9493,100172
8100,202410,경북,6470000,산양,LBI1000087,725,6211
8101,202410,경북,6470000,닭,LBI1000088,7032383,71953670
8102,202410,경남,6480000,돼지,LBI1000006,188679,1722918
8103,202410,경남,6480000,오리,LBI1000016,170286,1748899
8104,202410,경남,6480000,소,LBI1000080,13966,147400
8105,202410,경남,6480000,면양,LBI1000086,1,1
8106,202410,경남,6480000,산양,LBI1000087,713,10267
8107,202410,경남,6480000,닭,LBI1000088,226998,4844276
8114,202410,제주,6500000,닭,LBI1000088,569520,5536760
7953,202410,대구,6270000,돼지,LBI1000006,24573,268015
8112,202410,제주,6500000,면양,LBI1000086,1,4
8111,202410,제주,6500000,소,LBI1000080,479,4807
8110,202410,제주,6500000,당나귀,LBI1000023,3,3
7986,202410,충남,6440000,소,LBI1000080,9983,100789
8113,202410,제주,6500000,산양,LBI1000087,50,287
7984,202410,충남,6440000,돼지,LBI1000006,296499,2740082
7968,202410,경기,6410000,메추리,LBI1000021,78480,414741
7983,202410,충북,6430000,닭,LBI1000088,8312671,76120730
7955,202410,대구,6270000,닭,LBI1000088,1430527,13594515
7957,202410,인천,6280000,소,LBI1000080,1533,13423
7958,202410,인천,6280000,닭,LBI1000088,924953,9165386
7954,202410,대구,6270000,소,LBI1000080,1263,14756
7959,202410,광주,6290000,돼지,LBI1000006,42632,382729
7960,202410,광주,6290000,소,LBI1000080,1446,14223
7961,202410,대전,6300000,돼지,LBI1000006,21721,197658
7962,202410,대전,6300000,소,LBI1000080,412,5469
7963,202410,울산,6310000,돼지,LBI1000006,13197,112182
7964,202410,울산,6310000,소,LBI1000080,778,8394
7965,202410,울산,6310000,산양,LBI1000087,76,449
7966,202410,경기,6410000,돼지,LBI1000006,228300,2061524
7967,202410,경기,6410000,말,LBI1000007,30,158
7956,202410,인천,6280000,돼지,LBI1000006,30403,292737
7969,202410,경기,6410000,소,LBI1000080,22060,221718
7977,202410,충북,6430000,돼지,LBI1000006,229188,2225213
7970,202410,경기,6410000,닭,LBI1000088,11771565,107899774
7981,202410,충북,6430000,면양,LBI1000086,2,101
7980,202410,충북,6430000,소,LBI1000080,16600,164285
7979,202410,충북,6430000,사슴,LBI1000017,7,25
7978,202410,충북,6430000,오리,LBI1000016,917415,7308467
7982,202410,충북,6430000,산양,LBI1000087,2044,21797
7976,202410,강원,6420000,닭,LBI1000088,1989188,18126319
7974,202410,강원,6420000,면양,LBI1000086,8,52
7973,202410,강원,6420000,소,LBI1000080,2385,29430
7972,202410,강원,6420000,꿩,LBI1000022,28,3698
7975,202410,강원,6420000,산양,LBI1000087,588,5087
7971,202410,강원,6420000,돼지,LBI1000006,42938,405497
8157,202409,전남,6460000,오리,LBI1000016,3509825,29759142
8161,202409,전남,6460000,닭,LBI1000088,3210140,38893371
8160,202409,전남,6460000,산양,LBI1000087,3168,32319
8159,202409,전남,6460000,면양,LBI1000086,26,26
8158,202409,전남,6460000,소,LBI1000080,8793,78967
8154,202409,전북,6450000,산양,LBI1000087,7,254
8156,202409,전남,6460000,돼지,LBI1000006,135786,1376279
8155,202409,전북,6450000,닭,LBI1000088,32998344,340573706
8153,202409,전북,6450000,소,LBI1000080,1395,12645
8152,202409,전북,6450000,토끼,LBI1000018,1523,18043
8162,202409,경북,6470000,돼지,LBI1000006,96018,962355
8150,202409,전북,6450000,돼지,LBI1000006,164349,1622194
8151,202409,전북,6450000,오리,LBI1000016,713476,6836229
8169,202409,경남,6480000,산양,LBI1000087,563,9554
8163,202409,경북,6470000,소,LBI1000080,10602,90679
8164,202409,경북,6470000,산양,LBI1000087,472,5486
8165,202409,경북,6470000,닭,LBI1000088,5895964,64921287
8166,202409,경남,6480000,돼지,LBI1000006,154123,1534239
8167,202409,경남,6480000,오리,LBI1000016,150491,1578613
8168,202409,경남,6480000,소,LBI1000080,13572,133434
8170,202409,경남,6480000,닭,LBI1000088,458498,4617278
8171,202409,제주,6500000,돼지,LBI1000006,68906,688239
8172,202409,제주,6500000,말,LBI1000007,77,606
8173,202409,제주,6500000,사슴,LBI1000017,2,10
8174,202409,제주,6500000,소,LBI1000080,420,4328
8175,202409,제주,6500000,산양,LBI1000087,21,237
8148,202409,충남,6440000,산양,LBI1000087,1439,14009
8176,202409,제주,6500000,닭,LBI1000088,518444,4967240
8149,202409,충남,6440000,닭,LBI1000088,11630786,115912040
8117,202409,대구,6270000,닭,LBI1000088,1154160,12163988
8147,202409,충남,6440000,소,LBI1000080,9831,90806
8129,202409,경기,6410000,말,LBI1000007,5,128
8116,202409,대구,6270000,소,LBI1000080,1338,13493
8115,202409,대구,6270000,돼지,LBI1000006,19106,243442
8118,202409,인천,6280000,돼지,LBI1000006,25009,262334
8119,202409,인천,6280000,소,LBI1000080,1401,11890
8120,202409,인천,6280000,닭,LBI1000088,720119,8240433
8121,202409,광주,6290000,돼지,LBI1000006,34976,340097
8122,202409,광주,6290000,소,LBI1000080,1392,12777
8123,202409,대전,6300000,돼지,LBI1000006,17399,175937
8124,202409,대전,6300000,소,LBI1000080,685,5057
8125,202409,울산,6310000,돼지,LBI1000006,11947,98985
8126,202409,울산,6310000,소,LBI1000080,1053,7616
8127,202409,울산,6310000,산양,LBI1000087,38,373
8128,202409,경기,6410000,돼지,LBI1000006,189838,1833224
8130,202409,경기,6410000,메추리,LBI1000021,5421,336261
8146,202409,충남,6440000,말,LBI1000007,5,71
8132,202409,경기,6410000,소,LBI1000080,20026,199658
8134,202409,강원,6420000,돼지,LBI1000006,40988,362559
8135,202409,강원,6420000,소,LBI1000080,2987,27045
8136,202409,강원,6420000,산양,LBI1000087,439,4499
8137,202409,강원,6420000,닭,LBI1000088,1636496,16137131
8138,202409,충북,6430000,돼지,LBI1000006,199909,1996025
8139,202409,충북,6430000,오리,LBI1000016,847684,6391052
8140,202409,충북,6430000,사슴,LBI1000017,1,18
8141,202409,충북,6430000,소,LBI1000080,14804,147685
8142,202409,충북,6430000,면양,LBI1000086,15,99
8143,202409,충북,6430000,산양,LBI1000087,1729,19753
8144,202409,충북,6430000,닭,LBI1000088,6904861,67808059
8145,202409,충남,6440000,돼지,LBI1000006,247450,2443583
8133,202409,경기,6410000,닭,LBI1000088,9542978,96128209
8131,202409,경기,6410000,당나귀,LBI1000023,2,19
8177,202408,대구,6270000,돼지,LBI1000006,20318,224336
8221,202408,경북,6470000,말,LBI1000007,2,9
8208,202408,충남,6440000,닭,LBI1000088,12664571,104281254
8209,202408,전북,6450000,돼지,LBI1000006,156843,1457845
8210,202408,전북,6450000,오리,LBI1000016,1022899,6122753
8211,202408,전북,6450000,토끼,LBI1000018,1151,16520
8212,202408,전북,6450000,소,LBI1000080,1687,11250
8213,202408,전북,6450000,산양,LBI1000087,49,247
8214,202408,전북,6450000,닭,LBI1000088,39543021,307575362
8215,202408,전남,6460000,돼지,LBI1000006,134685,1240493
8216,202408,전남,6460000,오리,LBI1000016,3663450,26249317
8217,202408,전남,6460000,소,LBI1000080,10878,70174
8218,202408,전남,6460000,산양,LBI1000087,3523,29151
8220,202408,경북,6470000,돼지,LBI1000006,97336,866337
8222,202408,경북,6470000,소,LBI1000080,14669,80077
8206,202408,충남,6440000,소,LBI1000080,12891,80975
8223,202408,경북,6470000,산양,LBI1000087,738,5014
8224,202408,경북,6470000,닭,LBI1000088,7885429,59025323
8225,202408,경남,6480000,돼지,LBI1000006,151957,1380116
8226,202408,경남,6480000,오리,LBI1000016,188057,1428122
8227,202408,경남,6480000,소,LBI1000080,18567,119862
8228,202408,경남,6480000,산양,LBI1000087,1097,8991
8229,202408,경남,6480000,닭,LBI1000088,327816,4158780
8230,202408,제주,6500000,돼지,LBI1000006,73977,619333
8231,202408,제주,6500000,말,LBI1000007,66,529
8232,202408,제주,6500000,소,LBI1000080,656,3908
8233,202408,제주,6500000,산양,LBI1000087,30,216
8234,202408,제주,6500000,닭,LBI1000088,560635,4448796
8207,202408,충남,6440000,산양,LBI1000087,1511,12570
8219,202408,전남,6460000,닭,LBI1000088,4382497,35683231
8205,202408,충남,6440000,돼지,LBI1000006,240134,2196133
8191,202408,경기,6410000,말,LBI1000007,17,123
8204,202408,충북,6430000,닭,LBI1000088,7931540,60903198
8179,202408,대구,6270000,닭,LBI1000088,1487606,11009828
8180,202408,인천,6280000,돼지,LBI1000006,26305,237325
8181,202408,인천,6280000,소,LBI1000080,1722,10489
8182,202408,인천,6280000,닭,LBI1000088,853049,7520314
8183,202408,광주,6290000,돼지,LBI1000006,30981,305121
8184,202408,광주,6290000,소,LBI1000080,1719,11385
8185,202408,대전,6300000,돼지,LBI1000006,17321,158538
8186,202408,대전,6300000,소,LBI1000080,874,4372
8187,202408,울산,6310000,돼지,LBI1000006,11432,87038
8188,202408,울산,6310000,소,LBI1000080,861,6563
8189,202408,울산,6310000,산양,LBI1000087,54,335
8190,202408,경기,6410000,돼지,LBI1000006,186059,1643386
8178,202408,대구,6270000,소,LBI1000080,1543,12155
8192,202408,경기,6410000,당나귀,LBI1000023,3,17
8198,202408,강원,6420000,닭,LBI1000088,1737333,14500635
8203,202408,충북,6430000,산양,LBI1000087,2606,18024
8202,202408,충북,6430000,면양,LBI1000086,3,84
8201,202408,충북,6430000,소,LBI1000080,20131,132881
8199,202408,충북,6430000,돼지,LBI1000006,201864,1796116
8200,202408,충북,6430000,오리,LBI1000016,951225,5543368
8197,202408,강원,6420000,산양,LBI1000087,423,4060
8196,202408,강원,6420000,소,LBI1000080,4502,24058
8195,202408,강원,6420000,돼지,LBI1000006,41626,321571
8194,202408,경기,6410000,닭,LBI1000088,11070925,86585231
8193,202408,경기,6410000,소,LBI1000080,28179,179632
8273,202407,전북,6450000,산양,LBI1000087,50,198
8278,202407,전남,6460000,산양,LBI1000087,4189,25628
8277,202407,전남,6460000,소,LBI1000080,8587,59296
8276,202407,전남,6460000,오리,LBI1000016,4004741,22585867
8275,202407,전남,6460000,돼지,LBI1000006,147139,1105808
8274,202407,전북,6450000,닭,LBI1000088,49842139,268032341
8267,202407,충남,6440000,산양,LBI1000087,1884,11059
8272,202407,전북,6450000,소,LBI1000080,1304,9563
8271,202407,전북,6450000,토끼,LBI1000018,2130,15369
8270,202407,전북,6450000,오리,LBI1000016,1004334,5099854
8269,202407,전북,6450000,돼지,LBI1000006,178490,1301002
8268,202407,충남,6440000,닭,LBI1000088,15106443,91616683
8280,202407,경북,6470000,돼지,LBI1000006,107809,769001
8279,202407,전남,6460000,닭,LBI1000088,6902181,31300734
8286,202407,경남,6480000,오리,LBI1000016,204472,1240065
8281,202407,경북,6470000,말,LBI1000007,1,7
8282,202407,경북,6470000,소,LBI1000080,9895,65408
8283,202407,경북,6470000,산양,LBI1000087,627,4276
8284,202407,경북,6470000,닭,LBI1000088,10292986,51139894
8285,202407,경남,6480000,돼지,LBI1000006,169600,1228159
8265,202407,충남,6440000,돼지,LBI1000006,254396,1955999
8287,202407,경남,6480000,소,LBI1000080,15505,101295
8288,202407,경남,6480000,산양,LBI1000087,1141,7894
8289,202407,경남,6480000,닭,LBI1000088,620157,3830964
8290,202407,제주,6500000,돼지,LBI1000006,76540,545356
8291,202407,제주,6500000,말,LBI1000007,67,463
8292,202407,제주,6500000,사슴,LBI1000017,1,8
8293,202407,제주,6500000,소,LBI1000080,450,3252
8266,202407,충남,6440000,소,LBI1000080,9899,68084
8235,202407,대구,6270000,돼지,LBI1000006,23051,204018
8264,202407,충북,6430000,닭,LBI1000088,8800886,52971658
8263,202407,충북,6430000,산양,LBI1000087,3204,15418
8295,202407,제주,6500000,닭,LBI1000088,642192,3888161
8236,202407,대구,6270000,소,LBI1000080,1393,10612
8237,202407,대구,6270000,닭,LBI1000088,1640418,9522222
8238,202407,인천,6280000,돼지,LBI1000006,26276,211020
8239,202407,인천,6280000,소,LBI1000080,1262,8767
8240,202407,인천,6280000,닭,LBI1000088,1558274,6667265
8241,202407,광주,6290000,돼지,LBI1000006,33307,274140
8242,202407,광주,6290000,소,LBI1000080,1436,9666
8243,202407,대전,6300000,돼지,LBI1000006,19412,141217
8244,202407,대전,6300000,소,LBI1000080,561,3498
8245,202407,울산,6310000,돼지,LBI1000006,12792,75606
8247,202407,울산,6310000,산양,LBI1000087,35,281
8248,202407,경기,6410000,돼지,LBI1000006,200920,1457327
8249,202407,경기,6410000,말,LBI1000007,30,106
8250,202407,경기,6410000,메추리,LBI1000021,65084,330840
8251,202407,경기,6410000,당나귀,LBI1000023,3,14
8252,202407,경기,6410000,소,LBI1000080,20477,151453
8253,202407,경기,6410000,닭,LBI1000088,13339916,75514306
8254,202407,강원,6420000,돼지,LBI1000006,41581,279945
8255,202407,강원,6420000,소,LBI1000080,2943,19556
8256,202407,강원,6420000,산양,LBI1000087,597,3637
8257,202407,강원,6420000,닭,LBI1000088,1910366,12763302
8258,202407,충북,6430000,돼지,LBI1000006,200845,1594252
8259,202407,충북,6430000,오리,LBI1000016,913259,4592143
8260,202407,충북,6430000,사슴,LBI1000017,3,17
8261,202407,충북,6430000,소,LBI1000080,17231,112750
8262,202407,충북,6430000,면양,LBI1000086,26,81
8294,202407,제주,6500000,산양,LBI1000087,27,186
8246,202407,울산,6310000,소,LBI1000080,744,5702
8351,202406,제주,6500000,말,LBI1000007,59,396
8323,202406,충북,6430000,면양,LBI1000086,8,55
8331,202406,전북,6450000,오리,LBI1000016,1034873,4095520
8330,202406,전북,6450000,돼지,LBI1000006,160792,1122512
8329,202406,충남,6440000,닭,LBI1000088,12998077,76510240
8328,202406,충남,6440000,산양,LBI1000087,1571,9175
8327,202406,충남,6440000,소,LBI1000080,8383,58185
8326,202406,충남,6440000,돼지,LBI1000006,234029,1701603
8325,202406,충북,6430000,닭,LBI1000088,7137194,44170772
8324,202406,충북,6430000,산양,LBI1000087,2076,12214
8322,202406,충북,6430000,소,LBI1000080,13501,95519
8333,202406,전북,6450000,소,LBI1000080,1116,8259
8321,202406,충북,6430000,사슴,LBI1000017,2,14
8320,202406,충북,6430000,오리,LBI1000016,750551,3678884
8319,202406,충북,6430000,돼지,LBI1000006,183434,1393407
8318,202406,강원,6420000,닭,LBI1000088,1667275,10852936
8317,202406,강원,6420000,산양,LBI1000087,428,3040
8296,202406,대구,6270000,돼지,LBI1000006,22576,180967
8297,202406,대구,6270000,소,LBI1000080,1092,9219
8298,202406,대구,6270000,닭,LBI1000088,1297169,7881804
8332,202406,전북,6450000,토끼,LBI1000018,3313,13239
8334,202406,전북,6450000,산양,LBI1000087,26,148
8300,202406,인천,6280000,소,LBI1000080,1045,7505
8346,202406,경남,6480000,오리,LBI1000016,180415,1035593
8355,202406,제주,6500000,닭,LBI1000088,512096,3245969
8354,202406,제주,6500000,산양,LBI1000087,28,159
8353,202406,제주,6500000,소,LBI1000080,384,2802
8352,202406,제주,6500000,사슴,LBI1000017,3,7
8350,202406,제주,6500000,돼지,LBI1000006,69048,468816
8349,202406,경남,6480000,닭,LBI1000088,339014,3210807
8348,202406,경남,6480000,산양,LBI1000087,1137,6753
8347,202406,경남,6480000,소,LBI1000080,12763,85790
8345,202406,경남,6480000,돼지,LBI1000006,152676,1058559
8335,202406,전북,6450000,닭,LBI1000088,38694274,218190202
8344,202406,경북,6470000,닭,LBI1000088,7771331,40846908
8343,202406,경북,6470000,산양,LBI1000087,576,3649
8342,202406,경북,6470000,소,LBI1000080,7867,55513
8341,202406,경북,6470000,돼지,LBI1000006,95538,661192
8340,202406,전남,6460000,닭,LBI1000088,5017331,24398553
8339,202406,전남,6460000,산양,LBI1000087,3087,21439
8338,202406,전남,6460000,소,LBI1000080,7637,50709
8337,202406,전남,6460000,오리,LBI1000016,3486150,18581126
8299,202406,인천,6280000,돼지,LBI1000006,27080,184744
8336,202406,전남,6460000,돼지,LBI1000006,141139,958669
8301,202406,인천,6280000,닭,LBI1000088,992718,5108991
8309,202406,경기,6410000,돼지,LBI1000006,180015,1256407
8302,202406,광주,6290000,돼지,LBI1000006,36253,240833
8316,202406,강원,6420000,소,LBI1000080,2075,16613
8315,202406,강원,6420000,돼지,LBI1000006,35832,238364
8314,202406,경기,6410000,닭,LBI1000088,10476919,62174390
8313,202406,경기,6410000,소,LBI1000080,18657,130976
8311,202406,경기,6410000,메추리,LBI1000021,44175,265756
8310,202406,경기,6410000,말,LBI1000007,20,76
8312,202406,경기,6410000,당나귀,LBI1000023,2,11
8308,202406,울산,6310000,산양,LBI1000087,43,246
8307,202406,울산,6310000,소,LBI1000080,688,4958
8306,202406,울산,6310000,돼지,LBI1000006,10135,62814
8305,202406,대전,6300000,소,LBI1000080,346,2937
8304,202406,대전,6300000,돼지,LBI1000006,17461,121805
8303,202406,광주,6290000,소,LBI1000080,1322,8230
8375,202405,강원,6420000,돼지,LBI1000006,38063,202532
8382,202405,충북,6430000,사슴,LBI1000017,4,12
8381,202405,충북,6430000,오리,LBI1000016,908311,2928333
8380,202405,충북,6430000,돼지,LBI1000006,235610,1209973
8379,202405,강원,6420000,닭,LBI1000088,2109572,9185661
8378,202405,강원,6420000,산양,LBI1000087,499,2612
8377,202405,강원,6420000,소,LBI1000080,2485,14538
8376,202405,강원,6420000,사슴,LBI1000017,2,2
8368,202405,울산,6310000,산양,LBI1000087,48,203
8374,202405,경기,6410000,닭,LBI1000088,11291492,51697471
8373,202405,경기,6410000,소,LBI1000080,21045,112319
8372,202405,경기,6410000,당나귀,LBI1000023,2,9
8371,202405,경기,6410000,메추리,LBI1000021,57502,221581
8370,202405,경기,6410000,말,LBI1000007,35,56
8369,202405,경기,6410000,돼지,LBI1000006,206634,1076392
8384,202405,충북,6430000,면양,LBI1000086,7,47
8367,202405,울산,6310000,소,LBI1000080,762,4270
8383,202405,충북,6430000,소,LBI1000080,14785,82018
8391,202405,전북,6450000,돼지,LBI1000006,181738,961720
8385,202405,충북,6430000,산양,LBI1000087,2414,10138
8395,202405,전북,6450000,소,LBI1000080,1311,7143
8402,202405,전남,6460000,닭,LBI1000088,4793648,19381222
8401,202405,전남,6460000,산양,LBI1000087,3340,18352
8400,202405,전남,6460000,소,LBI1000080,8320,43072
8399,202405,전남,6460000,오리,LBI1000016,3937871,15094976
8398,202405,전남,6460000,돼지,LBI1000006,165187,817530
8397,202405,전북,6450000,닭,LBI1000088,39393519,179495928
8396,202405,전북,6450000,산양,LBI1000087,16,122
8394,202405,전북,6450000,타조,LBI1000024,4,8
8386,202405,충북,6430000,닭,LBI1000088,7649423,37033578
8393,202405,전북,6450000,토끼,LBI1000018,3328,9926
8392,202405,전북,6450000,오리,LBI1000016,1214130,3060647
8365,202405,대전,6300000,소,LBI1000080,443,2591
8390,202405,충남,6440000,닭,LBI1000088,13646350,63512163
8389,202405,충남,6440000,산양,LBI1000087,1762,7604
8388,202405,충남,6440000,소,LBI1000080,8945,49802
8387,202405,충남,6440000,돼지,LBI1000006,283754,1467574
8366,202405,울산,6310000,돼지,LBI1000006,10386,52679
8358,202405,대구,6270000,닭,LBI1000088,1332964,6584635
8405,202405,경북,6470000,소,LBI1000080,8636,47646
8364,202405,대전,6300000,돼지,LBI1000006,22115,104344
8407,202405,경북,6470000,닭,LBI1000088,7594419,33075577
8408,202405,경남,6480000,돼지,LBI1000006,183005,905883
8409,202405,경남,6480000,오리,LBI1000016,234330,855178
8410,202405,경남,6480000,소,LBI1000080,13367,73027
8411,202405,경남,6480000,산양,LBI1000087,1211,5616
8412,202405,경남,6480000,닭,LBI1000088,637266,2871793
8413,202405,제주,6500000,돼지,LBI1000006,79071,399768
8414,202405,제주,6500000,말,LBI1000007,70,337
8404,202405,경북,6470000,말,LBI1000007,1,6
8415,202405,제주,6500000,소,LBI1000080,429,2418
8416,202405,제주,6500000,면양,LBI1000086,3,3
8417,202405,제주,6500000,산양,LBI1000087,29,131
8418,202405,제주,6500000,닭,LBI1000088,644597,2733873
8403,202405,경북,6470000,돼지,LBI1000006,113780,565654
8363,202405,광주,6290000,소,LBI1000080,1389,6908
8362,202405,광주,6290000,돼지,LBI1000006,41351,204580
8361,202405,인천,6280000,닭,LBI1000088,870569,4116273
8360,202405,인천,6280000,소,LBI1000080,1197,6460
8359,202405,인천,6280000,돼지,LBI1000006,28287,157664
8357,202405,대구,6270000,소,LBI1000080,1187,8127
8356,202405,대구,6270000,돼지,LBI1000006,24941,158391
8406,202405,경북,6470000,산양,LBI1000087,624,3073
7279,202404,충북,6430000,산양,LBI1000087,2180,7724
7274,202404,충북,6430000,돼지,LBI1000006,245477,974363
7273,202404,강원,6420000,닭,LBI1000088,1877789,7076089
7275,202404,충북,6430000,오리,LBI1000016,730423,2020022
7280,202404,충북,6430000,닭,LBI1000088,7594647,29384155
7276,202404,충북,6430000,사슴,LBI1000017,1,8
7277,202404,충북,6430000,소,LBI1000080,16010,67233
7286,202404,전북,6450000,돼지,LBI1000006,191942,779982
7285,202404,충남,6440000,닭,LBI1000088,12777441,49865813
7284,202404,충남,6440000,산양,LBI1000087,1709,5842
7283,202404,충남,6440000,소,LBI1000080,9727,40857
7278,202404,충북,6430000,면양,LBI1000086,8,40
7281,202404,충남,6440000,돼지,LBI1000006,293527,1183820
7282,202404,충남,6440000,말,LBI1000007,12,66
7288,202404,전북,6450000,토끼,LBI1000018,3802,6598
7266,202404,경기,6410000,메추리,LBI1000021,62554,164079
7302,202404,경남,6480000,돼지,LBI1000006,177862,722878
7290,202404,전북,6450000,산양,LBI1000087,41,106
7291,202404,전북,6450000,닭,LBI1000088,35711462,140102409
7292,202404,전남,6460000,돼지,LBI1000006,164914,652343
7293,202404,전남,6460000,오리,LBI1000016,3493832,11157105
7294,202404,전남,6460000,소,LBI1000080,8379,34752
7295,202404,전남,6460000,산양,LBI1000087,3635,15012
7296,202404,전남,6460000,닭,LBI1000088,4025531,14587574
7297,202404,경북,6470000,돼지,LBI1000006,117356,451874
7298,202404,경북,6470000,말,LBI1000007,1,5
7299,202404,경북,6470000,소,LBI1000080,9536,39010
7300,202404,경북,6470000,산양,LBI1000087,685,2449
7301,202404,경북,6470000,닭,LBI1000088,7053334,25481158
7303,202404,경남,6480000,오리,LBI1000016,187189,620848
7289,202404,전북,6450000,소,LBI1000080,1311,5832
7304,202404,경남,6480000,소,LBI1000080,15475,59660
7305,202404,경남,6480000,산양,LBI1000087,1207,4405
7306,202404,경남,6480000,닭,LBI1000088,409842,2234527
7307,202404,제주,6500000,돼지,LBI1000006,81181,320697
7308,202404,제주,6500000,말,LBI1000007,81,267
7270,202404,강원,6420000,소,LBI1000080,2825,12053
7309,202404,제주,6500000,소,LBI1000080,501,1989
7310,202404,제주,6500000,산양,LBI1000087,37,102
7265,202404,경기,6410000,말,LBI1000007,10,21
7269,202404,강원,6420000,돼지,LBI1000006,44687,164469
7268,202404,경기,6410000,닭,LBI1000088,10578373,40405979
7287,202404,전북,6450000,오리,LBI1000016,794317,1846517
7311,202404,제주,6500000,닭,LBI1000088,580866,2089276
7267,202404,경기,6410000,소,LBI1000080,21684,91274
7264,202404,경기,6410000,돼지,LBI1000006,216435,869758
7271,202404,강원,6420000,면양,LBI1000086,42,44
8431,202404,울산,6310000,산양,LBI1000087,29,155
8430,202404,울산,6310000,소,LBI1000080,790,3508
8429,202404,울산,6310000,돼지,LBI1000006,10930,42293
8428,202404,대전,6300000,소,LBI1000080,604,2148
8427,202404,대전,6300000,돼지,LBI1000006,20069,82229
8426,202404,광주,6290000,소,LBI1000080,1322,5519
8425,202404,광주,6290000,돼지,LBI1000006,39988,163229
8424,202404,인천,6280000,닭,LBI1000088,824906,3245704
8423,202404,인천,6280000,소,LBI1000080,1232,5263
8422,202404,인천,6280000,돼지,LBI1000006,30572,129377
8421,202404,대구,6270000,닭,LBI1000088,1310355,5251671
8420,202404,대구,6270000,소,LBI1000080,1319,6940
8419,202404,대구,6270000,돼지,LBI1000006,26796,133450
7272,202404,강원,6420000,산양,LBI1000087,570,2113
7335,202403,강원,6420000,산양,LBI1000087,461,1543
7344,202403,충남,6440000,돼지,LBI1000006,279712,890293
7334,202403,강원,6420000,면양,LBI1000086,2,2
7336,202403,강원,6420000,닭,LBI1000088,1691289,5198300
7337,202403,충북,6430000,돼지,LBI1000006,236149,728886
7338,202403,충북,6430000,오리,LBI1000016,425850,1289599
7339,202403,충북,6430000,사슴,LBI1000017,3,7
7340,202403,충북,6430000,소,LBI1000080,14490,51223
7341,202403,충북,6430000,면양,LBI1000086,5,32
7342,202403,충북,6430000,산양,LBI1000087,2014,5544
7345,202403,충남,6440000,말,LBI1000007,25,54
7332,202403,강원,6420000,돼지,LBI1000006,39141,119782
7346,202403,충남,6440000,소,LBI1000080,8468,31130
7347,202403,충남,6440000,산양,LBI1000087,1525,4133
7348,202403,충남,6440000,닭,LBI1000088,12495641,37088372
7349,202403,전북,6450000,돼지,LBI1000006,186553,588040
7350,202403,전북,6450000,오리,LBI1000016,315625,1052200
7351,202403,전북,6450000,토끼,LBI1000018,2275,2796
7352,202403,전북,6450000,타조,LBI1000024,4,4
7353,202403,전북,6450000,소,LBI1000080,1127,4521
7333,202403,강원,6420000,소,LBI1000080,2363,9228
7331,202403,경기,6410000,닭,LBI1000088,10275889,29827606
7355,202403,전북,6450000,닭,LBI1000088,35592544,104390947
7320,202403,대전,6300000,돼지,LBI1000006,19447,62160
7312,202403,대구,6270000,돼지,LBI1000006,33398,106654
7313,202403,대구,6270000,소,LBI1000080,1417,5621
7314,202403,대구,6270000,닭,LBI1000088,1278392,3941316
7315,202403,인천,6280000,돼지,LBI1000006,32007,98805
7316,202403,인천,6280000,소,LBI1000080,1062,4031
7317,202403,인천,6280000,닭,LBI1000088,746932,2420798
7318,202403,광주,6290000,돼지,LBI1000006,40357,123241
7319,202403,광주,6290000,소,LBI1000080,1321,4197
7321,202403,대전,6300000,소,LBI1000080,470,1544
7330,202403,경기,6410000,산양,LBI1000087,185,810
7322,202403,울산,6310000,돼지,LBI1000006,10569,31363
7323,202403,울산,6310000,소,LBI1000080,705,2718
7324,202403,울산,6310000,산양,LBI1000087,59,126
7325,202403,경기,6410000,돼지,LBI1000006,207748,653323
7326,202403,경기,6410000,말,LBI1000007,5,11
7327,202403,경기,6410000,메추리,LBI1000021,77207,101525
7328,202403,경기,6410000,당나귀,LBI1000023,3,7
7329,202403,경기,6410000,소,LBI1000080,19207,69590
7354,202403,전북,6450000,산양,LBI1000087,12,65
7343,202403,충북,6430000,닭,LBI1000088,7233973,21789508
7356,202403,전남,6460000,돼지,LBI1000006,157957,487429
7367,202403,경남,6480000,오리,LBI1000016,132613,433659
7357,202403,전남,6460000,오리,LBI1000016,2432836,7663273
7376,202403,제주,6500000,닭,LBI1000088,533774,1508410
7375,202403,제주,6500000,산양,LBI1000087,18,65
7374,202403,제주,6500000,소,LBI1000080,379,1488
7373,202403,제주,6500000,사슴,LBI1000017,4,4
7371,202403,제주,6500000,돼지,LBI1000006,74992,239516
7370,202403,경남,6480000,닭,LBI1000088,544244,1824685
7369,202403,경남,6480000,산양,LBI1000087,1057,3198
7368,202403,경남,6480000,소,LBI1000080,12494,44185
7372,202403,제주,6500000,말,LBI1000007,77,186
7365,202403,경북,6470000,닭,LBI1000088,6576597,18427824
7364,202403,경북,6470000,산양,LBI1000087,630,1764
7363,202403,경북,6470000,소,LBI1000080,7826,29474
7362,202403,경북,6470000,말,LBI1000007,1,4
7361,202403,경북,6470000,돼지,LBI1000006,106849,334518
7360,202403,전남,6460000,닭,LBI1000088,3728803,10562043
7359,202403,전남,6460000,산양,LBI1000087,3452,11377
7366,202403,경남,6480000,돼지,LBI1000006,169086,545016
7358,202403,전남,6460000,소,LBI1000080,8091,26373
7569,202402,경북,6470000,돼지,LBI1000006,104272,227669
7576,202402,경남,6480000,오리,LBI1000016,139390,301046
7580,202402,제주,6500000,돼지,LBI1000006,77482,164524
7579,202402,경남,6480000,닭,LBI1000088,816786,1280441
7578,202402,경남,6480000,산양,LBI1000087,937,2141
7577,202402,경남,6480000,소,LBI1000080,8869,31691
7571,202402,경북,6470000,꿩,LBI1000022,100,100
7575,202402,경남,6480000,돼지,LBI1000006,173011,375930
7574,202402,경북,6470000,닭,LBI1000088,5471608,11851227
7573,202402,경북,6470000,산양,LBI1000087,467,1134
7572,202402,경북,6470000,소,LBI1000080,6378,21648
7570,202402,경북,6470000,말,LBI1000007,1,3
7582,202402,제주,6500000,소,LBI1000080,296,1109
7581,202402,제주,6500000,말,LBI1000007,46,109
7408,202402,충남,6440000,돼지,LBI1000006,281213,610581
7583,202402,제주,6500000,산양,LBI1000087,25,47
7584,202402,제주,6500000,닭,LBI1000088,426382,974636
7401,202402,충북,6430000,돼지,LBI1000006,229573,492737
7402,202402,충북,6430000,오리,LBI1000016,389403,863749
7403,202402,충북,6430000,사슴,LBI1000017,4,4
7404,202402,충북,6430000,소,LBI1000080,11918,36733
7405,202402,충북,6430000,면양,LBI1000086,17,27
7406,202402,충북,6430000,산양,LBI1000087,1474,3530
7407,202402,충북,6430000,닭,LBI1000088,6722179,14555535
7567,202402,전남,6460000,산양,LBI1000087,3344,7925
7409,202402,충남,6440000,말,LBI1000007,14,29
7410,202402,충남,6440000,소,LBI1000080,6854,22662
7411,202402,충남,6440000,산양,LBI1000087,1371,2608
7558,202402,전북,6450000,돼지,LBI1000006,185868,401487
7557,202402,충남,6440000,닭,LBI1000088,11799129,24592731
7568,202402,전남,6460000,닭,LBI1000088,3091379,6833240
7396,202402,경기,6410000,닭,LBI1000088,9168188,19551717
7566,202402,전남,6460000,소,LBI1000080,6409,18282
7565,202402,전남,6460000,오리,LBI1000016,2257634,5230437
7400,202402,강원,6420000,닭,LBI1000088,1622170,3507011
7398,202402,강원,6420000,소,LBI1000080,1496,6865
7377,202402,대구,6270000,돼지,LBI1000006,35445,73256
7378,202402,대구,6270000,소,LBI1000080,1456,4204
7379,202402,대구,6270000,닭,LBI1000088,1271103,2662924
7380,202402,인천,6280000,돼지,LBI1000006,32491,66798
7381,202402,인천,6280000,소,LBI1000080,709,2969
7382,202402,인천,6280000,닭,LBI1000088,710939,1673866
7383,202402,광주,6290000,돼지,LBI1000006,37585,82884
7384,202402,광주,6290000,소,LBI1000080,1153,2876
7385,202402,대전,6300000,돼지,LBI1000006,20096,42713
7386,202402,대전,6300000,소,LBI1000080,271,1074
7387,202402,울산,6310000,돼지,LBI1000006,10442,20794
7388,202402,울산,6310000,소,LBI1000080,831,2013
7389,202402,울산,6310000,산양,LBI1000087,28,67
7390,202402,경기,6410000,돼지,LBI1000006,207065,445575
7391,202402,경기,6410000,말,LBI1000007,6,6
7392,202402,경기,6410000,꿩,LBI1000022,271,271
7393,202402,경기,6410000,당나귀,LBI1000023,2,4
7394,202402,경기,6410000,소,LBI1000080,15564,50383
7395,202402,경기,6410000,산양,LBI1000087,307,625
7397,202402,강원,6420000,돼지,LBI1000006,37123,80641
7559,202402,전북,6450000,오리,LBI1000016,289452,736575
7560,202402,전북,6450000,토끼,LBI1000018,521,521
7561,202402,전북,6450000,소,LBI1000080,1150,3394
7562,202402,전북,6450000,산양,LBI1000087,16,53
7563,202402,전북,6450000,닭,LBI1000088,31740975,68798403
7564,202402,전남,6460000,돼지,LBI1000006,150978,329472
7399,202402,강원,6420000,산양,LBI1000087,462,1082
7641,202401,제주,6500000,말,LBI1000007,63,63
7640,202401,제주,6500000,돼지,LBI1000006,87042,87042
7587,202401,대구,6270000,닭,LBI1000088,1391821,1391821
7626,202401,전남,6460000,오리,LBI1000016,2972803,2972803
7615,202401,충남,6440000,돼지,LBI1000006,329368,329368
7616,202401,충남,6440000,말,LBI1000007,15,15
7617,202401,충남,6440000,소,LBI1000080,15808,15808
7618,202401,충남,6440000,산양,LBI1000087,1237,1237
7619,202401,충남,6440000,닭,LBI1000088,12793602,12793602
7620,202401,전북,6450000,돼지,LBI1000006,215619,215619
7621,202401,전북,6450000,오리,LBI1000016,447123,447123
7622,202401,전북,6450000,소,LBI1000080,2244,2244
7623,202401,전북,6450000,산양,LBI1000087,37,37
7624,202401,전북,6450000,닭,LBI1000088,37057428,37057428
7625,202401,전남,6460000,돼지,LBI1000006,178494,178494
7627,202401,전남,6460000,소,LBI1000080,11873,11873
7585,202401,대구,6270000,돼지,LBI1000006,37811,37811
7628,202401,전남,6460000,산양,LBI1000087,4581,4581
7629,202401,전남,6460000,닭,LBI1000088,3741861,3741861
7630,202401,경북,6470000,돼지,LBI1000006,123397,123397
7631,202401,경북,6470000,말,LBI1000007,2,2
7632,202401,경북,6470000,소,LBI1000080,15270,15270
7633,202401,경북,6470000,산양,LBI1000087,667,667
7634,202401,경북,6470000,닭,LBI1000088,6379619,6379619
7635,202401,경남,6480000,돼지,LBI1000006,202919,202919
7636,202401,경남,6480000,오리,LBI1000016,161656,161656
7637,202401,경남,6480000,소,LBI1000080,22822,22822
7638,202401,경남,6480000,산양,LBI1000087,1204,1204
7614,202401,충북,6430000,닭,LBI1000088,7833356,7833356
7613,202401,충북,6430000,산양,LBI1000087,2056,2056
7612,202401,충북,6430000,면양,LBI1000086,10,10
7611,202401,충북,6430000,소,LBI1000080,24815,24815
7588,202401,인천,6280000,돼지,LBI1000006,34307,34307
7589,202401,인천,6280000,소,LBI1000080,2260,2260
7590,202401,인천,6280000,닭,LBI1000088,962927,962927
7591,202401,광주,6290000,돼지,LBI1000006,45299,45299
7592,202401,광주,6290000,소,LBI1000080,1723,1723
7593,202401,대전,6300000,돼지,LBI1000006,22617,22617
7594,202401,대전,6300000,소,LBI1000080,803,803
7595,202401,울산,6310000,돼지,LBI1000006,10352,10352
7596,202401,울산,6310000,소,LBI1000080,1182,1182
7597,202401,울산,6310000,산양,LBI1000087,39,39
7598,202401,경기,6410000,돼지,LBI1000006,238510,238510
7599,202401,경기,6410000,메추리,LBI1000021,24318,24318
7600,202401,경기,6410000,당나귀,LBI1000023,2,2
7601,202401,경기,6410000,소,LBI1000080,34819,34819
7602,202401,경기,6410000,산양,LBI1000087,318,318
7603,202401,경기,6410000,닭,LBI1000088,10383529,10383529
7604,202401,강원,6420000,돼지,LBI1000006,43518,43518
7605,202401,강원,6420000,꿩,LBI1000022,3670,3670
7606,202401,강원,6420000,소,LBI1000080,5369,5369
7607,202401,강원,6420000,산양,LBI1000087,620,620
7608,202401,강원,6420000,닭,LBI1000088,1884841,1884841
7609,202401,충북,6430000,돼지,LBI1000006,263164,263164
7610,202401,충북,6430000,오리,LBI1000016,474346,474346
7639,202401,경남,6480000,닭,LBI1000088,463655,463655
7586,202401,대구,6270000,소,LBI1000080,2748,2748
7642,202401,제주,6500000,소,LBI1000080,813,813
7643,202401,제주,6500000,산양,LBI1000087,22,22
7644,202401,제주,6500000,닭,LBI1000088,548254,548254
7695,202312,경북,6470000,닭,LBI1000088,6573870,84076151
7657,202312,울산,6310000,산양,LBI1000087,61,327
7668,202312,강원,6420000,산양,LBI1000087,530,7566
7667,202312,강원,6420000,소,LBI1000080,2787,32829
7666,202312,강원,6420000,당나귀,LBI1000023,4,17
7665,202312,강원,6420000,돼지,LBI1000006,37709,509437
7664,202312,경기,6410000,닭,LBI1000088,11312238,129853278
7663,202312,경기,6410000,산양,LBI1000087,307,4816
7662,202312,경기,6410000,소,LBI1000080,22948,259856
7661,202312,경기,6410000,당나귀,LBI1000023,1,30
7660,202312,경기,6410000,메추리,LBI1000021,8248,478395
7659,202312,경기,6410000,말,LBI1000007,35,299
7658,202312,경기,6410000,돼지,LBI1000006,217569,2471207
7655,202312,울산,6310000,돼지,LBI1000006,9976,126792
7656,202312,울산,6310000,소,LBI1000080,731,9700
7670,202312,충북,6430000,돼지,LBI1000006,237008,2679816
7654,202312,대전,6300000,소,LBI1000080,402,6378
7653,202312,대전,6300000,돼지,LBI1000006,21257,259282
7652,202312,광주,6290000,소,LBI1000080,1505,16874
7651,202312,광주,6290000,돼지,LBI1000006,40834,438801
7650,202312,인천,6280000,닭,LBI1000088,803258,11256613
7649,202312,인천,6280000,소,LBI1000080,1010,16942
7648,202312,인천,6280000,돼지,LBI1000006,28503,344290
7647,202312,대구,6270000,닭,LBI1000088,1312001,17953151
7646,202312,대구,6270000,소,LBI1000080,1781,21879
7645,202312,대구,6270000,돼지,LBI1000006,36938,464467
7669,202312,강원,6420000,닭,LBI1000088,1973896,21991529
7671,202312,충북,6430000,오리,LBI1000016,414602,7881318
7696,202312,경남,6480000,돼지,LBI1000006,178600,2065765
7672,202312,충북,6430000,소,LBI1000080,15175,193574
7697,202312,경남,6480000,오리,LBI1000016,161744,1861061
7694,202312,경북,6470000,산양,LBI1000087,672,6323
7699,202312,경남,6480000,산양,LBI1000087,1252,13537
7700,202312,경남,6480000,닭,LBI1000088,546470,8088538
7701,202312,제주,6500000,돼지,LBI1000006,76012,886993
7702,202312,제주,6500000,말,LBI1000007,68,891
7693,202312,경북,6470000,소,LBI1000080,7813,103763
7692,202312,경북,6470000,꿩,LBI1000022,200,450
7691,202312,경북,6470000,돼지,LBI1000006,106959,1205170
7690,202312,전남,6460000,닭,LBI1000088,3738249,55446125
7689,202312,전남,6460000,산양,LBI1000087,3466,42302
7688,202312,전남,6460000,소,LBI1000080,7545,94191
7687,202312,전남,6460000,오리,LBI1000016,2982226,34909920
7686,202312,전남,6460000,돼지,LBI1000006,158848,1803145
7685,202312,전북,6450000,닭,LBI1000088,35162034,436295860
7412,202312,제주,6500000,사슴,LBI1000017,3,23
7683,202312,전북,6450000,소,LBI1000080,1392,17819
7682,202312,전북,6450000,토끼,LBI1000018,360,8896
7681,202312,전북,6450000,오리,LBI1000016,481000,8158770
7680,202312,전북,6450000,돼지,LBI1000006,192739,2264826
7679,202312,충남,6440000,닭,LBI1000088,12348999,148503044
7678,202312,충남,6440000,산양,LBI1000087,1329,15554
7677,202312,충남,6440000,소,LBI1000080,9754,114288
7676,202312,충남,6440000,말,LBI1000007,1,59
7675,202312,충남,6440000,돼지,LBI1000006,288303,3247488
7674,202312,충북,6430000,닭,LBI1000088,7896610,91415371
7673,202312,충북,6430000,산양,LBI1000087,1880,26663
7698,202312,경남,6480000,소,LBI1000080,13666,167032
7684,202312,전북,6450000,산양,LBI1000087,32,148
7413,202312,제주,6500000,꿩,LBI1000022,227,1147
7414,202312,제주,6500000,소,LBI1000080,405,5444
7415,202312,제주,6500000,산양,LBI1000087,31,440
7416,202312,제주,6500000,닭,LBI1000088,558606,6610417
7466,202311,경북,6470000,꿩,LBI1000022,200,250
7457,202311,전북,6450000,닭,LBI1000088,36308464,401133826
7463,202311,전남,6460000,닭,LBI1000088,4186464,51707876
7462,202311,전남,6460000,산양,LBI1000087,3478,38836
7461,202311,전남,6460000,면양,LBI1000086,3,5
7460,202311,전남,6460000,소,LBI1000080,6715,86646
7459,202311,전남,6460000,오리,LBI1000016,3146406,31927694
7458,202311,전남,6460000,돼지,LBI1000006,172081,1644297
7455,202311,전북,6450000,소,LBI1000080,1356,16427
7456,202311,전북,6450000,산양,LBI1000087,33,116
7465,202311,경북,6470000,말,LBI1000007,2,20
7454,202311,전북,6450000,타조,LBI1000024,4,11
7453,202311,전북,6450000,오리,LBI1000016,719423,7677770
7452,202311,전북,6450000,돼지,LBI1000006,210034,2072087
7451,202311,충남,6440000,닭,LBI1000088,12818905,136154045
7464,202311,경북,6470000,돼지,LBI1000006,110398,1098211
7469,202311,경북,6470000,닭,LBI1000088,6477156,77502281
7467,202311,경북,6470000,소,LBI1000080,5758,95950
7468,202311,경북,6470000,산양,LBI1000087,659,5651
7449,202311,충남,6440000,소,LBI1000080,9477,104534
7470,202311,경남,6480000,돼지,LBI1000006,192498,1887165
7471,202311,경남,6480000,오리,LBI1000016,178517,1699317
7472,202311,경남,6480000,소,LBI1000080,13015,153366
7473,202311,경남,6480000,면양,LBI1000086,10,32
7474,202311,경남,6480000,산양,LBI1000087,1281,12285
7475,202311,경남,6480000,닭,LBI1000088,713915,7542068
7476,202311,제주,6500000,돼지,LBI1000006,78259,810981
7477,202311,제주,6500000,말,LBI1000007,78,823
7478,202311,제주,6500000,꿩,LBI1000022,520,920
7479,202311,제주,6500000,소,LBI1000080,417,5039
7480,202311,제주,6500000,산양,LBI1000087,41,409
7481,202311,제주,6500000,닭,LBI1000088,505466,6051811
7450,202311,충남,6440000,산양,LBI1000087,1453,14225
7447,202311,충남,6440000,돼지,LBI1000006,319131,2959185
7448,202311,충남,6440000,말,LBI1000007,2,58
7417,202311,대구,6270000,돼지,LBI1000006,42563,427529
7419,202311,대구,6270000,닭,LBI1000088,1390519,16641150
7420,202311,인천,6280000,돼지,LBI1000006,31793,315787
7421,202311,인천,6280000,꿩,LBI1000022,4493,9449
7422,202311,인천,6280000,소,LBI1000080,1072,15932
7423,202311,인천,6280000,닭,LBI1000088,864959,10453355
7424,202311,광주,6290000,돼지,LBI1000006,42640,397967
7425,202311,광주,6290000,소,LBI1000080,1320,15369
7426,202311,대전,6300000,돼지,LBI1000006,23875,238025
7427,202311,대전,6300000,소,LBI1000080,190,5976
7428,202311,울산,6310000,돼지,LBI1000006,10089,116816
7429,202311,울산,6310000,소,LBI1000080,667,8969
7430,202311,울산,6310000,산양,LBI1000087,90,266
7431,202311,경기,6410000,돼지,LBI1000006,241163,2253638
7432,202311,경기,6410000,말,LBI1000007,27,264
7433,202311,경기,6410000,소,LBI1000080,19308,236908
7434,202311,경기,6410000,산양,LBI1000087,435,4509
7435,202311,경기,6410000,닭,LBI1000088,11779570,118541040
7436,202311,강원,6420000,돼지,LBI1000006,42551,471728
7437,202311,강원,6420000,당나귀,LBI1000023,2,13
7438,202311,강원,6420000,소,LBI1000080,2199,30042
7439,202311,강원,6420000,면양,LBI1000086,32,102
7440,202311,강원,6420000,산양,LBI1000087,766,7036
7441,202311,강원,6420000,닭,LBI1000088,2149160,20017633
7442,202311,충북,6430000,돼지,LBI1000006,264150,2442808
7443,202311,충북,6430000,오리,LBI1000016,627519,7466716
7444,202311,충북,6430000,소,LBI1000080,16156,178399
7445,202311,충북,6430000,산양,LBI1000087,2336,24783
7446,202311,충북,6430000,닭,LBI1000088,7913085,83518761
7418,202311,대구,6270000,소,LBI1000080,1866,20098
7482,202310,대구,6270000,돼지,LBI1000006,39804,384966
7528,202310,전남,6460000,소,LBI1000080,7029,79931
7484,202310,대구,6270000,닭,LBI1000088,1570614,15250631
7483,202310,대구,6270000,소,LBI1000080,1733,18232
7527,202310,전남,6460000,오리,LBI1000016,3503148,28781288
7485,202310,인천,6280000,돼지,LBI1000006,30183,283994
7515,202310,충북,6430000,닭,LBI1000088,8129077,75605676
7517,202310,충남,6440000,말,LBI1000007,8,56
7518,202310,충남,6440000,소,LBI1000080,8134,95057
7519,202310,충남,6440000,산양,LBI1000087,1571,12772
7520,202310,충남,6440000,닭,LBI1000088,14085422,123335140
7521,202310,전북,6450000,돼지,LBI1000006,201905,1862053
7522,202310,전북,6450000,오리,LBI1000016,861572,6958347
7523,202310,전북,6450000,소,LBI1000080,1114,15071
7524,202310,전북,6450000,산양,LBI1000087,22,83
7525,202310,전북,6450000,닭,LBI1000088,37412466,364825362
7526,202310,전남,6460000,돼지,LBI1000006,163118,1472216
7486,202310,인천,6280000,꿩,LBI1000022,4678,4956
7544,202310,제주,6500000,산양,LBI1000087,36,368
7543,202310,제주,6500000,소,LBI1000080,369,4622
7542,202310,제주,6500000,말,LBI1000007,96,745
7541,202310,제주,6500000,돼지,LBI1000006,74393,732722
7540,202310,경남,6480000,닭,LBI1000088,653246,6828153
7539,202310,경남,6480000,산양,LBI1000087,1025,11004
7538,202310,경남,6480000,소,LBI1000080,12509,140351
7537,202310,경남,6480000,오리,LBI1000016,180936,1520800
7536,202310,경남,6480000,돼지,LBI1000006,179772,1694667
7535,202310,경북,6470000,닭,LBI1000088,6967680,71025125
7534,202310,경북,6470000,산양,LBI1000087,616,4992
7533,202310,경북,6470000,소,LBI1000080,8353,90192
7532,202310,경북,6470000,말,LBI1000007,2,18
7531,202310,경북,6470000,돼지,LBI1000006,105262,987813
7530,202310,전남,6460000,닭,LBI1000088,4353020,47521412
7529,202310,전남,6460000,산양,LBI1000087,3680,35358
7516,202310,충남,6440000,돼지,LBI1000006,299011,2640054
7545,202310,제주,6500000,닭,LBI1000088,574198,5546345
7514,202310,충북,6430000,산양,LBI1000087,2119,22447
7503,202310,강원,6420000,돼지,LBI1000006,43230,429177
7501,202310,경기,6410000,산양,LBI1000087,478,4074
7500,202310,경기,6410000,소,LBI1000080,18150,217600
7499,202310,경기,6410000,당나귀,LBI1000023,1,29
7498,202310,경기,6410000,메추리,LBI1000021,13299,470147
7497,202310,경기,6410000,말,LBI1000007,14,237
7496,202310,경기,6410000,돼지,LBI1000006,225212,2012475
7495,202310,울산,6310000,산양,LBI1000087,52,176
7494,202310,울산,6310000,소,LBI1000080,711,8302
7493,202310,울산,6310000,돼지,LBI1000006,9886,106727
7492,202310,대전,6300000,소,LBI1000080,351,5786
7491,202310,대전,6300000,돼지,LBI1000006,24114,214150
7490,202310,광주,6290000,소,LBI1000080,1230,14049
7489,202310,광주,6290000,돼지,LBI1000006,37420,355327
7513,202310,충북,6430000,면양,LBI1000086,18,109
7487,202310,인천,6280000,소,LBI1000080,1297,14860
7502,202310,경기,6410000,닭,LBI1000088,12059455,106761470
7488,202310,인천,6280000,닭,LBI1000088,967721,9588396
7508,202310,강원,6420000,닭,LBI1000088,2063706,17868473
7504,202310,강원,6420000,당나귀,LBI1000023,2,11
7510,202310,충북,6430000,오리,LBI1000016,801972,6839197
7509,202310,충북,6430000,돼지,LBI1000006,245720,2178658
7507,202310,강원,6420000,산양,LBI1000087,472,6270
7506,202310,강원,6420000,면양,LBI1000086,2,70
7505,202310,강원,6420000,소,LBI1000080,2197,27843
7511,202310,충북,6430000,사슴,LBI1000017,2,28
7512,202310,충북,6430000,소,LBI1000080,15110,162243
8611,202309,전남,6460000,산양,LBI1000087,3180,31678
8612,202309,전남,6460000,닭,LBI1000088,3865077,43168392
8616,202309,경북,6470000,산양,LBI1000087,491,4376
8578,202309,울산,6310000,소,LBI1000080,1325,7591
8579,202309,울산,6310000,산양,LBI1000087,51,124
8614,202309,경북,6470000,말,LBI1000007,1,16
8580,202309,경기,6410000,돼지,LBI1000006,188833,1787263
8615,202309,경북,6470000,소,LBI1000080,12530,81839
8581,202309,경기,6410000,말,LBI1000007,17,223
8582,202309,경기,6410000,메추리,LBI1000021,32932,456848
8613,202309,경북,6470000,돼지,LBI1000006,94601,882551
8604,202309,전북,6450000,토끼,LBI1000018,738,8536
8584,202309,경기,6410000,산양,LBI1000087,346,3596
8617,202309,경북,6470000,닭,LBI1000088,6140534,64057445
8618,202309,경남,6480000,돼지,LBI1000006,157677,1514895
8619,202309,경남,6480000,오리,LBI1000016,175038,1339864
8620,202309,경남,6480000,소,LBI1000080,18085,127842
8621,202309,경남,6480000,산양,LBI1000087,943,9979
8622,202309,경남,6480000,닭,LBI1000088,678054,6174907
8623,202309,제주,6500000,돼지,LBI1000006,70269,658329
8624,202309,제주,6500000,말,LBI1000007,63,649
8625,202309,제주,6500000,사슴,LBI1000017,3,20
8626,202309,제주,6500000,소,LBI1000080,646,4253
8583,202309,경기,6410000,소,LBI1000080,27712,199450
8589,202309,강원,6420000,산양,LBI1000087,613,5798
8585,202309,경기,6410000,닭,LBI1000088,9990294,94702015
8586,202309,강원,6420000,돼지,LBI1000006,37871,385947
8606,202309,전북,6450000,산양,LBI1000087,1,61
8607,202309,전북,6450000,닭,LBI1000088,32858526,327412896
8603,202309,전북,6450000,오리,LBI1000016,913798,6096775
8602,202309,전북,6450000,돼지,LBI1000006,168839,1660148
8601,202309,충남,6440000,닭,LBI1000088,11233622,109249718
8600,202309,충남,6440000,산양,LBI1000087,1147,11201
8599,202309,충남,6440000,소,LBI1000080,12852,86923
8598,202309,충남,6440000,말,LBI1000007,4,48
8597,202309,충남,6440000,돼지,LBI1000006,251620,2341043
8628,202309,제주,6500000,닭,LBI1000088,511230,4972147
8608,202309,전남,6460000,돼지,LBI1000006,139738,1309098
8596,202309,충북,6430000,닭,LBI1000088,7197324,67476599
8595,202309,충북,6430000,산양,LBI1000087,2069,20328
8594,202309,충북,6430000,면양,LBI1000086,15,91
8593,202309,충북,6430000,소,LBI1000080,19441,147133
8592,202309,충북,6430000,오리,LBI1000016,859587,6037225
8591,202309,충북,6430000,돼지,LBI1000006,205808,1932938
8590,202309,강원,6420000,닭,LBI1000088,1847225,15804767
8605,202309,전북,6450000,소,LBI1000080,1979,13957
8588,202309,강원,6420000,면양,LBI1000086,1,68
8587,202309,강원,6420000,소,LBI1000080,4334,25646
8627,202309,제주,6500000,산양,LBI1000087,39,332
8609,202309,전남,6460000,오리,LBI1000016,3320356,25278140
7553,202309,광주,6290000,소,LBI1000080,1896,12819
8610,202309,전남,6460000,소,LBI1000080,11213,72902
7546,202309,대구,6270000,돼지,LBI1000006,37744,345162
7547,202309,대구,6270000,소,LBI1000080,2545,16499
7548,202309,대구,6270000,닭,LBI1000088,1348371,13680017
7549,202309,인천,6280000,돼지,LBI1000006,24338,253811
7550,202309,인천,6280000,소,LBI1000080,1950,13563
7551,202309,인천,6280000,닭,LBI1000088,829977,8620675
7552,202309,광주,6290000,돼지,LBI1000006,31800,317907
7554,202309,대전,6300000,돼지,LBI1000006,21185,190036
7555,202309,대전,6300000,소,LBI1000080,975,5435
7556,202309,울산,6310000,돼지,LBI1000006,7647,96841
8652,202308,강원,6420000,산양,LBI1000087,966,5185
8655,202308,충북,6430000,오리,LBI1000016,912135,5177638
8654,202308,충북,6430000,돼지,LBI1000006,204156,1727130
8653,202308,강원,6420000,닭,LBI1000088,1975789,13957542
8648,202308,강원,6420000,돼지,LBI1000006,43291,348076
8651,202308,강원,6420000,면양,LBI1000086,3,67
8650,202308,강원,6420000,소,LBI1000080,3587,21312
8657,202308,충북,6430000,소,LBI1000080,18900,127692
8656,202308,충북,6430000,사슴,LBI1000017,10,26
8664,202308,충남,6440000,산양,LBI1000087,1775,10054
8658,202308,충북,6430000,면양,LBI1000086,10,76
8659,202308,충북,6430000,산양,LBI1000087,3052,18259
8660,202308,충북,6430000,닭,LBI1000088,8205799,60279275
8661,202308,충남,6440000,돼지,LBI1000006,254323,2089423
8662,202308,충남,6440000,말,LBI1000007,4,44
8663,202308,충남,6440000,소,LBI1000080,11052,74071
8647,202308,경기,6410000,닭,LBI1000088,11485246,84711721
8665,202308,충남,6440000,닭,LBI1000088,12820067,98016096
8649,202308,강원,6420000,당나귀,LBI1000023,2,9
8640,202308,울산,6310000,소,LBI1000080,792,6266
8646,202308,경기,6410000,산양,LBI1000087,481,3250
8636,202308,광주,6290000,소,LBI1000080,1678,10923
8629,202308,대구,6270000,돼지,LBI1000006,39592,307418
8630,202308,대구,6270000,소,LBI1000080,2101,13954
8631,202308,대구,6270000,닭,LBI1000088,1749193,12331646
8632,202308,인천,6280000,돼지,LBI1000006,25075,229473
8633,202308,인천,6280000,소,LBI1000080,1624,11613
8634,202308,인천,6280000,닭,LBI1000088,1230816,7790698
8635,202308,광주,6290000,돼지,LBI1000006,31231,286107
8637,202308,대전,6300000,돼지,LBI1000006,21675,168851
8645,202308,경기,6410000,소,LBI1000080,25331,171738
8638,202308,대전,6300000,소,LBI1000080,639,4460
8639,202308,울산,6310000,돼지,LBI1000006,8397,89194
8667,202308,전북,6450000,오리,LBI1000016,981351,5182977
8641,202308,울산,6310000,산양,LBI1000087,5,73
8642,202308,경기,6410000,돼지,LBI1000006,198012,1598430
8643,202308,경기,6410000,말,LBI1000007,20,206
8644,202308,경기,6410000,당나귀,LBI1000023,1,28
8666,202308,전북,6450000,돼지,LBI1000006,177603,1491309
8668,202308,전북,6450000,토끼,LBI1000018,789,7798
8685,202308,경남,6480000,닭,LBI1000088,666753,5496853
8680,202308,경북,6470000,닭,LBI1000088,7915577,57916911
8669,202308,전북,6450000,소,LBI1000080,1737,11978
8690,202308,제주,6500000,닭,LBI1000088,614920,4460917
8689,202308,제주,6500000,산양,LBI1000087,31,293
8688,202308,제주,6500000,소,LBI1000080,543,3607
8687,202308,제주,6500000,말,LBI1000007,73,586
8686,202308,제주,6500000,돼지,LBI1000006,71913,588060
8684,202308,경남,6480000,산양,LBI1000087,1641,9036
8683,202308,경남,6480000,소,LBI1000080,16031,109757
8681,202308,경남,6480000,돼지,LBI1000006,170627,1357218
8682,202308,경남,6480000,오리,LBI1000016,214516,1164826
8679,202308,경북,6470000,산양,LBI1000087,601,3885
8678,202308,경북,6470000,소,LBI1000080,10659,69309
8677,202308,경북,6470000,말,LBI1000007,3,15
8676,202308,경북,6470000,돼지,LBI1000006,98201,787950
8675,202308,전남,6460000,닭,LBI1000088,5393491,39303315
8674,202308,전남,6460000,산양,LBI1000087,4435,28498
8673,202308,전남,6460000,소,LBI1000080,8889,61689
8672,202308,전남,6460000,오리,LBI1000016,3638880,21957784
8671,202308,전남,6460000,돼지,LBI1000006,142862,1169360
8670,202308,전북,6450000,닭,LBI1000088,39695301,294554370
8736,202307,전남,6460000,소,LBI1000080,7833,52800
8756,202307,제주,6500000,산양,LBI1000087,36,262
8740,202307,경북,6470000,돼지,LBI1000006,92000,689749
8739,202307,전남,6460000,닭,LBI1000088,7205797,33909824
8738,202307,전남,6460000,산양,LBI1000087,4235,24063
8737,202307,전남,6460000,면양,LBI1000086,2,2
8730,202307,전북,6450000,타조,LBI1000024,4,7
8735,202307,전남,6460000,오리,LBI1000016,3254570,18318904
8734,202307,전남,6460000,돼지,LBI1000006,137694,1026498
8733,202307,전북,6450000,닭,LBI1000088,46242255,254859069
8732,202307,전북,6450000,산양,LBI1000087,23,60
8754,202307,제주,6500000,소,LBI1000080,429,3064
8755,202307,제주,6500000,면양,LBI1000086,1,3
8742,202307,경북,6470000,소,LBI1000080,7716,58650
8753,202307,제주,6500000,사슴,LBI1000017,8,17
8752,202307,제주,6500000,말,LBI1000007,60,513
8751,202307,제주,6500000,돼지,LBI1000006,66880,516147
8750,202307,경남,6480000,닭,LBI1000088,646145,4830100
8748,202307,경남,6480000,면양,LBI1000086,2,22
8747,202307,경남,6480000,소,LBI1000080,13307,93726
8746,202307,경남,6480000,오리,LBI1000016,196638,950310
8745,202307,경남,6480000,돼지,LBI1000006,145767,1186591
8744,202307,경북,6470000,닭,LBI1000088,9543335,50001334
8743,202307,경북,6470000,산양,LBI1000087,588,3284
8741,202307,경북,6470000,말,LBI1000007,1,12
8731,202307,전북,6450000,소,LBI1000080,1340,10241
8718,202307,충북,6430000,면양,LBI1000086,1,66
8729,202307,전북,6450000,토끼,LBI1000018,1272,7009
8708,202307,경기,6410000,산양,LBI1000087,490,2769
8701,202307,울산,6310000,돼지,LBI1000006,9098,80797
8702,202307,울산,6310000,소,LBI1000080,754,5474
8703,202307,경기,6410000,돼지,LBI1000006,174571,1400418
8704,202307,경기,6410000,말,LBI1000007,44,186
8705,202307,경기,6410000,메추리,LBI1000021,34583,423916
8706,202307,경기,6410000,당나귀,LBI1000023,1,27
8707,202307,경기,6410000,소,LBI1000080,19566,146407
8709,202307,경기,6410000,닭,LBI1000088,12103539,73226475
8699,202307,대전,6300000,돼지,LBI1000006,20892,147176
8710,202307,강원,6420000,돼지,LBI1000006,37508,304785
8711,202307,강원,6420000,사슴,LBI1000017,1,11
8712,202307,강원,6420000,소,LBI1000080,2804,17725
8713,202307,강원,6420000,산양,LBI1000087,812,4219
8714,202307,강원,6420000,닭,LBI1000088,1869181,11981753
8715,202307,충북,6430000,돼지,LBI1000006,194463,1522974
8716,202307,충북,6430000,오리,LBI1000016,1064836,4265503
8700,202307,대전,6300000,소,LBI1000080,519,3821
8698,202307,광주,6290000,소,LBI1000080,1465,9245
8728,202307,전북,6450000,오리,LBI1000016,999805,4201626
8720,202307,충북,6430000,닭,LBI1000088,8358454,52073476
8727,202307,전북,6450000,말,LBI1000007,2,18
8726,202307,전북,6450000,돼지,LBI1000006,161341,1313706
8725,202307,충남,6440000,닭,LBI1000088,13755208,85196029
8724,202307,충남,6440000,산양,LBI1000087,1538,8279
8723,202307,충남,6440000,소,LBI1000080,8737,63019
8722,202307,충남,6440000,말,LBI1000007,5,40
8721,202307,충남,6440000,돼지,LBI1000006,240872,1835100
8719,202307,충북,6430000,산양,LBI1000087,3206,15207
8697,202307,광주,6290000,돼지,LBI1000006,30156,254876
8717,202307,충북,6430000,소,LBI1000080,15578,108792
8691,202307,대구,6270000,돼지,LBI1000006,35236,267826
8692,202307,대구,6270000,소,LBI1000080,1610,11853
8693,202307,대구,6270000,닭,LBI1000088,1864267,10582453
8694,202307,인천,6280000,돼지,LBI1000006,23016,204398
8695,202307,인천,6280000,소,LBI1000080,1411,9989
8696,202307,인천,6280000,닭,LBI1000088,1528157,6559882
8757,202307,제주,6500000,닭,LBI1000088,572819,3845997
8749,202307,경남,6480000,산양,LBI1000087,1548,7395
8767,202306,대전,6300000,소,LBI1000080,553,3302
8808,202306,전남,6460000,닭,LBI1000088,5814514,26704027
8794,202306,충남,6440000,산양,LBI1000087,1240,6741
8795,202306,충남,6440000,닭,LBI1000088,13548911,71440821
8796,202306,전북,6450000,돼지,LBI1000006,180162,1152365
8797,202306,전북,6450000,말,LBI1000007,2,16
8798,202306,전북,6450000,오리,LBI1000016,936493,3201821
8799,202306,전북,6450000,토끼,LBI1000018,2110,5737
8800,202306,전북,6450000,타조,LBI1000024,3,3
8801,202306,전북,6450000,소,LBI1000080,1392,8901
8802,202306,전북,6450000,산양,LBI1000087,18,37
8803,202306,전북,6450000,닭,LBI1000088,39858432,208616814
8804,202306,전남,6460000,돼지,LBI1000006,149352,888804
8805,202306,전남,6460000,오리,LBI1000016,3396694,15064334
8806,202306,전남,6460000,소,LBI1000080,7718,44967
8807,202306,전남,6460000,산양,LBI1000087,3164,19828
8809,202306,경북,6470000,돼지,LBI1000006,94141,597749
8758,202306,대구,6270000,돼지,LBI1000006,37395,232590
8810,202306,경북,6470000,말,LBI1000007,3,11
8811,202306,경북,6470000,소,LBI1000080,7627,50934
8812,202306,경북,6470000,산양,LBI1000087,523,2696
8813,202306,경북,6470000,닭,LBI1000088,7948899,40457999
8814,202306,경남,6480000,돼지,LBI1000006,162289,1040824
8815,202306,경남,6480000,오리,LBI1000016,195082,753672
8816,202306,경남,6480000,소,LBI1000080,12444,80419
8817,202306,경남,6480000,산양,LBI1000087,903,5847
8818,202306,경남,6480000,닭,LBI1000088,916678,4183955
8819,202306,제주,6500000,돼지,LBI1000006,72993,449267
8820,202306,제주,6500000,말,LBI1000007,67,453
8821,202306,제주,6500000,사슴,LBI1000017,3,9
8822,202306,제주,6500000,소,LBI1000080,437,2635
8823,202306,제주,6500000,산양,LBI1000087,38,226
8793,202306,충남,6440000,면양,LBI1000086,1,1
8792,202306,충남,6440000,소,LBI1000080,8417,54282
8791,202306,충남,6440000,말,LBI1000007,4,35
8790,202306,충남,6440000,돼지,LBI1000006,262469,1594228
8760,202306,대구,6270000,닭,LBI1000088,1712948,8718186
8761,202306,인천,6280000,돼지,LBI1000006,27176,181382
8762,202306,인천,6280000,소,LBI1000080,1419,8578
8763,202306,인천,6280000,닭,LBI1000088,1125212,5031725
8764,202306,광주,6290000,돼지,LBI1000006,33256,224720
8765,202306,광주,6290000,소,LBI1000080,1439,7780
8766,202306,대전,6300000,돼지,LBI1000006,22648,126284
8768,202306,울산,6310000,돼지,LBI1000006,11768,71699
8769,202306,울산,6310000,소,LBI1000080,702,4720
8770,202306,울산,6310000,산양,LBI1000087,2,68
8771,202306,경기,6410000,돼지,LBI1000006,201509,1225847
8772,202306,경기,6410000,말,LBI1000007,42,142
8773,202306,경기,6410000,메추리,LBI1000021,85452,389333
8774,202306,경기,6410000,소,LBI1000080,19239,126841
8775,202306,경기,6410000,산양,LBI1000087,395,2279
8776,202306,경기,6410000,닭,LBI1000088,11066935,61122936
8777,202306,강원,6420000,돼지,LBI1000006,43362,267277
8778,202306,강원,6420000,말,LBI1000007,9,43
8779,202306,강원,6420000,당나귀,LBI1000023,1,7
8780,202306,강원,6420000,소,LBI1000080,2329,14921
8781,202306,강원,6420000,산양,LBI1000087,759,3407
8782,202306,강원,6420000,닭,LBI1000088,1974352,10112572
8783,202306,충북,6430000,돼지,LBI1000006,202177,1328511
8784,202306,충북,6430000,오리,LBI1000016,895893,3200667
8785,202306,충북,6430000,사슴,LBI1000017,7,16
8786,202306,충북,6430000,소,LBI1000080,13829,93214
8787,202306,충북,6430000,면양,LBI1000086,3,65
8788,202306,충북,6430000,산양,LBI1000087,2591,12001
8789,202306,충북,6430000,닭,LBI1000088,7460806,43715022
8824,202306,제주,6500000,닭,LBI1000088,520302,3273178
8759,202306,대구,6270000,소,LBI1000080,1623,10243
8827,202305,대구,6270000,닭,LBI1000088,1603434,7005238
8877,202305,경북,6470000,꿩,LBI1000022,50,50
8863,202305,전북,6450000,돼지,LBI1000006,185679,972203
8864,202305,전북,6450000,말,LBI1000007,1,14
8865,202305,전북,6450000,오리,LBI1000016,726542,2265328
8866,202305,전북,6450000,토끼,LBI1000018,2407,3627
8867,202305,전북,6450000,소,LBI1000080,1489,7509
8868,202305,전북,6450000,산양,LBI1000087,13,19
8869,202305,전북,6450000,닭,LBI1000088,37117009,168758382
8870,202305,전남,6460000,돼지,LBI1000006,152557,739452
8871,202305,전남,6460000,오리,LBI1000016,3126308,11667640
8872,202305,전남,6460000,소,LBI1000080,7083,37249
8873,202305,전남,6460000,산양,LBI1000087,3527,16664
8874,202305,전남,6460000,닭,LBI1000088,5302838,20889513
8875,202305,경북,6470000,돼지,LBI1000006,101688,503608
8876,202305,경북,6470000,말,LBI1000007,1,8
8878,202305,경북,6470000,소,LBI1000080,8742,43307
8861,202305,충남,6440000,산양,LBI1000087,1074,5501
8879,202305,경북,6470000,산양,LBI1000087,416,2173
8880,202305,경북,6470000,닭,LBI1000088,7841561,32509100
8881,202305,경남,6480000,돼지,LBI1000006,174365,878535
8882,202305,경남,6480000,오리,LBI1000016,143321,558590
8883,202305,경남,6480000,소,LBI1000080,15500,67975
8884,202305,경남,6480000,산양,LBI1000087,1064,4944
8885,202305,경남,6480000,닭,LBI1000088,637792,3267277
8886,202305,제주,6500000,돼지,LBI1000006,76701,376274
8887,202305,제주,6500000,말,LBI1000007,74,386
8888,202305,제주,6500000,당나귀,LBI1000023,1,1
8889,202305,제주,6500000,소,LBI1000080,408,2198
8890,202305,제주,6500000,면양,LBI1000086,2,2
8891,202305,제주,6500000,산양,LBI1000087,19,188
8892,202305,제주,6500000,닭,LBI1000088,565421,2752876
8862,202305,충남,6440000,닭,LBI1000088,12288735,57891910
8860,202305,충남,6440000,소,LBI1000080,9552,45865
8825,202305,대구,6270000,돼지,LBI1000006,40750,195195
8843,202305,경기,6410000,산양,LBI1000087,413,1884
8828,202305,인천,6280000,돼지,LBI1000006,30792,154206
8829,202305,인천,6280000,소,LBI1000080,1715,7159
8830,202305,인천,6280000,닭,LBI1000088,1056555,3906513
8831,202305,광주,6290000,돼지,LBI1000006,35135,191464
8832,202305,광주,6290000,소,LBI1000080,1181,6341
8833,202305,대전,6300000,돼지,LBI1000006,21410,103636
8834,202305,대전,6300000,소,LBI1000080,523,2749
8835,202305,울산,6310000,돼지,LBI1000006,11157,59931
8836,202305,울산,6310000,소,LBI1000080,747,4018
8837,202305,울산,6310000,산양,LBI1000087,14,66
8838,202305,경기,6410000,돼지,LBI1000006,206005,1024338
8839,202305,경기,6410000,말,LBI1000007,23,100
8840,202305,경기,6410000,메추리,LBI1000021,84208,303881
8842,202305,경기,6410000,소,LBI1000080,23161,107602
8844,202305,경기,6410000,닭,LBI1000088,11124315,50056001
8859,202305,충남,6440000,말,LBI1000007,8,31
8845,202305,강원,6420000,돼지,LBI1000006,43152,223915
8846,202305,강원,6420000,말,LBI1000007,12,34
8847,202305,강원,6420000,당나귀,LBI1000023,2,6
8848,202305,강원,6420000,소,LBI1000080,2826,12592
8849,202305,강원,6420000,면양,LBI1000086,2,64
8850,202305,강원,6420000,산양,LBI1000087,682,2648
8851,202305,강원,6420000,닭,LBI1000088,1827707,8138220
8852,202305,충북,6430000,돼지,LBI1000006,207868,1126334
8853,202305,충북,6430000,오리,LBI1000016,823309,2304774
8854,202305,충북,6430000,사슴,LBI1000017,4,9
8855,202305,충북,6430000,소,LBI1000080,15380,79385
8856,202305,충북,6430000,산양,LBI1000087,2100,9410
8857,202305,충북,6430000,닭,LBI1000088,7640428,36254216
8858,202305,충남,6440000,돼지,LBI1000006,272443,1331759
8826,202305,대구,6270000,소,LBI1000080,1701,8620
8841,202305,경기,6410000,당나귀,LBI1000023,2,26
8937,202304,전북,6450000,산양,LBI1000087,2,6
8907,202304,경기,6410000,말,LBI1000007,27,77
8893,202304,대구,6270000,돼지,LBI1000006,35108,154445
8894,202304,대구,6270000,소,LBI1000080,1587,6919
8895,202304,대구,6270000,닭,LBI1000088,1234190,5401804
8896,202304,인천,6280000,돼지,LBI1000006,26231,123414
8897,202304,인천,6280000,소,LBI1000080,1376,5444
8898,202304,인천,6280000,닭,LBI1000088,805762,2849958
8899,202304,광주,6290000,돼지,LBI1000006,33633,156329
8900,202304,광주,6290000,소,LBI1000080,1287,5160
8901,202304,대전,6300000,돼지,LBI1000006,20706,82226
8902,202304,대전,6300000,소,LBI1000080,495,2226
8903,202304,울산,6310000,돼지,LBI1000006,11708,48774
8904,202304,울산,6310000,소,LBI1000080,691,3271
8905,202304,울산,6310000,산양,LBI1000087,10,52
8906,202304,경기,6410000,돼지,LBI1000006,197338,818333
8908,202304,경기,6410000,메추리,LBI1000021,61646,219673
8936,202304,전북,6450000,소,LBI1000080,1334,6020
8909,202304,경기,6410000,당나귀,LBI1000023,3,24
8910,202304,경기,6410000,소,LBI1000080,19655,84441
8911,202304,경기,6410000,산양,LBI1000087,324,1471
8912,202304,경기,6410000,닭,LBI1000088,9450876,38931686
8913,202304,강원,6420000,돼지,LBI1000006,42661,180763
8914,202304,강원,6420000,말,LBI1000007,11,22
8915,202304,강원,6420000,사슴,LBI1000017,1,10
8916,202304,강원,6420000,당나귀,LBI1000023,2,4
8917,202304,강원,6420000,소,LBI1000080,2167,9766
8918,202304,강원,6420000,면양,LBI1000086,37,62
8919,202304,강원,6420000,산양,LBI1000087,603,1966
8920,202304,강원,6420000,닭,LBI1000088,1538289,6310513
8921,202304,충북,6430000,돼지,LBI1000006,205189,918466
8922,202304,충북,6430000,오리,LBI1000016,573163,1481465
8925,202304,충북,6430000,산양,LBI1000087,1823,7310
8923,202304,충북,6430000,소,LBI1000080,14944,64005
8950,202304,경남,6480000,오리,LBI1000016,122427,415269
8943,202304,전남,6460000,닭,LBI1000088,4145600,15586675
8958,202304,제주,6500000,닭,LBI1000088,623083,2187455
8956,202304,제주,6500000,소,LBI1000080,398,1790
8955,202304,제주,6500000,말,LBI1000007,73,312
8954,202304,제주,6500000,돼지,LBI1000006,71287,299573
8953,202304,경남,6480000,닭,LBI1000088,513559,2629485
8952,202304,경남,6480000,산양,LBI1000087,834,3880
8951,202304,경남,6480000,소,LBI1000080,12665,52475
8949,202304,경남,6480000,돼지,LBI1000006,160825,704170
8948,202304,경북,6470000,닭,LBI1000088,6261781,24667539
8947,202304,경북,6470000,산양,LBI1000087,412,1757
8924,202304,충북,6430000,면양,LBI1000086,26,62
8946,202304,경북,6470000,소,LBI1000080,7774,34565
8957,202304,제주,6500000,산양,LBI1000087,37,169
8944,202304,경북,6470000,돼지,LBI1000006,96297,401920
8945,202304,경북,6470000,말,LBI1000007,2,7
8942,202304,전남,6460000,산양,LBI1000087,3002,13137
8929,202304,충남,6440000,소,LBI1000080,8321,36313
8935,202304,전북,6450000,토끼,LBI1000018,680,1220
8934,202304,전북,6450000,오리,LBI1000016,507202,1538786
8933,202304,전북,6450000,말,LBI1000007,6,13
8932,202304,전북,6450000,돼지,LBI1000006,182450,786524
8941,202304,전남,6460000,소,LBI1000080,7296,30166
8930,202304,충남,6440000,산양,LBI1000087,1007,4427
8931,202304,충남,6440000,닭,LBI1000088,10445748,45603175
8928,202304,충남,6440000,말,LBI1000007,4,23
8927,202304,충남,6440000,돼지,LBI1000006,245733,1059316
8926,202304,충북,6430000,닭,LBI1000088,6685847,28613788
8938,202304,전북,6450000,닭,LBI1000088,31552222,131641373
8939,202304,전남,6460000,돼지,LBI1000006,140962,586895
8940,202304,전남,6460000,오리,LBI1000016,2359872,8541332
9012,202303,경북,6470000,소,LBI1000080,8042,26791
9013,202303,경북,6470000,산양,LBI1000087,579,1345
9015,202303,경남,6480000,돼지,LBI1000006,189719,543345
9016,202303,경남,6480000,오리,LBI1000016,113331,292842
9017,202303,경남,6480000,소,LBI1000080,12996,39810
9018,202303,경남,6480000,면양,LBI1000086,2,20
9019,202303,경남,6480000,산양,LBI1000087,1021,3046
8959,202303,대구,6270000,돼지,LBI1000006,41148,119337
9020,202303,경남,6480000,닭,LBI1000088,712914,2115926
9021,202303,제주,6500000,돼지,LBI1000006,76982,228286
9022,202303,제주,6500000,말,LBI1000007,97,239
9023,202303,제주,6500000,사슴,LBI1000017,6,6
9024,202303,제주,6500000,소,LBI1000080,444,1392
9025,202303,제주,6500000,산양,LBI1000087,52,132
9026,202303,제주,6500000,닭,LBI1000088,567329,1564372
8960,202303,대구,6270000,소,LBI1000080,1578,5332
9010,202303,경북,6470000,돼지,LBI1000006,108832,305623
9011,202303,경북,6470000,말,LBI1000007,2,5
9014,202303,경북,6470000,닭,LBI1000088,6658937,18405758
9009,202303,전남,6460000,닭,LBI1000088,4339907,11441075
8980,202303,강원,6420000,돼지,LBI1000006,51395,138102
8970,202303,울산,6310000,돼지,LBI1000006,12792,37066
8971,202303,울산,6310000,소,LBI1000080,701,2580
8972,202303,울산,6310000,산양,LBI1000087,15,42
8973,202303,경기,6410000,돼지,LBI1000006,211351,620995
8974,202303,경기,6410000,말,LBI1000007,32,50
8975,202303,경기,6410000,메추리,LBI1000021,76047,158027
8976,202303,경기,6410000,당나귀,LBI1000023,12,21
8977,202303,경기,6410000,소,LBI1000080,21200,64786
8978,202303,경기,6410000,산양,LBI1000087,407,1147
8979,202303,경기,6410000,닭,LBI1000088,10272830,29480810
8981,202303,강원,6420000,말,LBI1000007,3,11
8967,202303,광주,6290000,소,LBI1000080,1365,3873
8982,202303,강원,6420000,소,LBI1000080,2240,7599
8983,202303,강원,6420000,면양,LBI1000086,10,25
8984,202303,강원,6420000,산양,LBI1000087,588,1363
8985,202303,강원,6420000,닭,LBI1000088,1688368,4772224
8986,202303,충북,6430000,돼지,LBI1000006,250779,713277
8987,202303,충북,6430000,오리,LBI1000016,341061,908302
9008,202303,전남,6460000,산양,LBI1000087,3692,10135
8988,202303,충북,6430000,사슴,LBI1000017,2,5
8989,202303,충북,6430000,소,LBI1000080,16169,49061
8990,202303,충북,6430000,면양,LBI1000086,7,36
8968,202303,대전,6300000,돼지,LBI1000006,23158,61520
8969,202303,대전,6300000,소,LBI1000080,576,1731
8966,202303,광주,6290000,돼지,LBI1000006,41487,122696
8996,202303,충남,6440000,산양,LBI1000087,1348,3420
9007,202303,전남,6460000,소,LBI1000080,7418,22870
9006,202303,전남,6460000,오리,LBI1000016,2178923,6181460
9005,202303,전남,6460000,돼지,LBI1000006,157154,445933
9004,202303,전북,6450000,닭,LBI1000088,35396445,100089151
9003,202303,전북,6450000,산양,LBI1000087,2,4
9002,202303,전북,6450000,소,LBI1000080,1563,4686
9001,202303,전북,6450000,토끼,LBI1000018,540,540
9000,202303,전북,6450000,오리,LBI1000016,399107,1031584
8999,202303,전북,6450000,말,LBI1000007,1,7
8997,202303,충남,6440000,닭,LBI1000088,12071389,35157427
8998,202303,전북,6450000,돼지,LBI1000006,211649,604074
8995,202303,충남,6440000,소,LBI1000080,9130,27992
8994,202303,충남,6440000,말,LBI1000007,7,19
8993,202303,충남,6440000,돼지,LBI1000006,287132,813583
8992,202303,충북,6430000,닭,LBI1000088,7604380,21927941
8961,202303,대구,6270000,닭,LBI1000088,1429405,4167614
8962,202303,인천,6280000,돼지,LBI1000006,32246,97183
8963,202303,인천,6280000,꿩,LBI1000022,278,278
8991,202303,충북,6430000,산양,LBI1000087,2342,5487
8964,202303,인천,6280000,소,LBI1000080,1412,4068
8965,202303,인천,6280000,닭,LBI1000088,898479,2044196
9065,202302,전북,6450000,돼지,LBI1000006,202183,392425
9070,202302,전북,6450000,닭,LBI1000088,31928569,64692706
9069,202302,전북,6450000,산양,LBI1000087,2,2
9068,202302,전북,6450000,소,LBI1000080,1292,3123
9067,202302,전북,6450000,오리,LBI1000016,239547,632477
9066,202302,전북,6450000,말,LBI1000007,4,6
9055,202302,충북,6430000,돼지,LBI1000006,234640,462498
9064,202302,충남,6440000,닭,LBI1000088,10872914,23086038
9044,202302,경기,6410000,소,LBI1000080,19197,43586
9042,202302,경기,6410000,메추리,LBI1000021,52971,81980
9041,202302,경기,6410000,말,LBI1000007,14,18
9040,202302,경기,6410000,돼지,LBI1000006,219359,409644
9039,202302,울산,6310000,산양,LBI1000087,16,27
9038,202302,울산,6310000,소,LBI1000080,653,1879
9037,202302,울산,6310000,돼지,LBI1000006,12363,24274
9036,202302,대전,6300000,소,LBI1000080,493,1155
9035,202302,대전,6300000,돼지,LBI1000006,21417,38362
9034,202302,광주,6290000,소,LBI1000080,1164,2508
9033,202302,광주,6290000,돼지,LBI1000006,41653,81209
9032,202302,인천,6280000,닭,LBI1000088,650336,1145717
9031,202302,인천,6280000,소,LBI1000080,1130,2656
9029,202302,대구,6270000,닭,LBI1000088,1263063,2738209
9028,202302,대구,6270000,소,LBI1000080,1545,3754
9027,202302,대구,6270000,돼지,LBI1000006,39287,78189
9043,202302,경기,6410000,당나귀,LBI1000023,6,9
9073,202302,전남,6460000,소,LBI1000080,6759,15452
9063,202302,충남,6440000,산양,LBI1000087,1061,2072
9046,202302,경기,6410000,닭,LBI1000088,9330179,19207980
9062,202302,충남,6440000,소,LBI1000080,8059,18862
9061,202302,충남,6440000,말,LBI1000007,4,12
9060,202302,충남,6440000,돼지,LBI1000006,270316,526451
9059,202302,충북,6430000,닭,LBI1000088,6980430,14323561
9058,202302,충북,6430000,산양,LBI1000087,1703,3145
9057,202302,충북,6430000,소,LBI1000080,14358,32892
9056,202302,충북,6430000,오리,LBI1000016,306829,567241
9054,202302,강원,6420000,닭,LBI1000088,1435216,3083856
9053,202302,강원,6420000,산양,LBI1000087,449,775
9052,202302,강원,6420000,면양,LBI1000086,12,15
9051,202302,강원,6420000,소,LBI1000080,2268,5359
9050,202302,강원,6420000,당나귀,LBI1000023,2,2
9049,202302,강원,6420000,사슴,LBI1000017,9,9
9048,202302,강원,6420000,말,LBI1000007,6,8
9047,202302,강원,6420000,돼지,LBI1000006,42794,86707
9030,202302,인천,6280000,돼지,LBI1000006,35915,64937
9045,202302,경기,6410000,산양,LBI1000087,407,740
9072,202302,전남,6460000,오리,LBI1000016,1860281,4002537
9083,202302,경남,6480000,면양,LBI1000086,10,18
9074,202302,전남,6460000,산양,LBI1000087,3584,6443
9090,202302,제주,6500000,닭,LBI1000088,505612,997043
9089,202302,제주,6500000,산양,LBI1000087,38,80
9088,202302,제주,6500000,소,LBI1000080,369,948
9087,202302,제주,6500000,말,LBI1000007,79,142
9086,202302,제주,6500000,돼지,LBI1000006,74483,151304
9085,202302,경남,6480000,닭,LBI1000088,689681,1403012
9084,202302,경남,6480000,산양,LBI1000087,1027,2025
9071,202302,전남,6460000,돼지,LBI1000006,147035,288779
9082,202302,경남,6480000,소,LBI1000080,11428,26814
9077,202302,경북,6470000,소,LBI1000080,7908,18749
9075,202302,전남,6460000,닭,LBI1000088,3657695,7101168
9076,202302,경북,6470000,돼지,LBI1000006,101234,196791
9081,202302,경남,6480000,오리,LBI1000016,89048,179511
9078,202302,경북,6470000,산양,LBI1000087,476,766
9079,202302,경북,6470000,닭,LBI1000088,5784802,11746821
9080,202302,경남,6480000,돼지,LBI1000006,177208,353626
9138,202301,전남,6460000,산양,LBI1000087,2859,2859
9137,202301,전남,6460000,소,LBI1000080,8693,8693
9136,202301,전남,6460000,오리,LBI1000016,2142256,2142256
9135,202301,전남,6460000,돼지,LBI1000006,141744,141744
9134,202301,전북,6450000,닭,LBI1000088,32764137,32764137
9133,202301,전북,6450000,소,LBI1000080,1831,1831
9132,202301,전북,6450000,오리,LBI1000016,392930,392930
9131,202301,전북,6450000,말,LBI1000007,2,2
9130,202301,전북,6450000,돼지,LBI1000006,190242,190242
9140,202301,경북,6470000,돼지,LBI1000006,95557,95557
9129,202301,충남,6440000,닭,LBI1000088,12213124,12213124
9128,202301,충남,6440000,산양,LBI1000087,1011,1011
9127,202301,충남,6440000,소,LBI1000080,10803,10803
9126,202301,충남,6440000,말,LBI1000007,8,8
9139,202301,전남,6460000,닭,LBI1000088,3443473,3443473
9144,202301,경북,6470000,닭,LBI1000088,5962019,5962019
9141,202301,경북,6470000,말,LBI1000007,3,3
9142,202301,경북,6470000,소,LBI1000080,10841,10841
9143,202301,경북,6470000,산양,LBI1000087,290,290
9124,202301,충북,6430000,닭,LBI1000088,7343131,7343131
9145,202301,경남,6480000,돼지,LBI1000006,176418,176418
9147,202301,경남,6480000,소,LBI1000080,15386,15386
9148,202301,경남,6480000,면양,LBI1000086,8,8
9149,202301,경남,6480000,산양,LBI1000087,998,998
9150,202301,경남,6480000,닭,LBI1000088,713331,713331
9151,202301,제주,6500000,돼지,LBI1000006,76821,76821
9153,202301,제주,6500000,꿩,LBI1000022,400,400
9154,202301,제주,6500000,소,LBI1000080,579,579
9155,202301,제주,6500000,산양,LBI1000087,42,42
9156,202301,제주,6500000,닭,LBI1000088,491431,491431
9125,202301,충남,6440000,돼지,LBI1000006,256135,256135
9152,202301,제주,6500000,말,LBI1000007,63,63
9123,202301,충북,6430000,산양,LBI1000087,1442,1442
9097,202301,광주,6290000,돼지,LBI1000006,39556,39556
9103,202301,울산,6310000,소,LBI1000080,1226,1226
9102,202301,울산,6310000,돼지,LBI1000006,11911,11911
9101,202301,대전,6300000,소,LBI1000080,662,662
9100,202301,대전,6300000,돼지,LBI1000006,16945,16945
9099,202301,광주,6290000,소,LBI1000080,1344,1344
9098,202301,광주,6290000,말,LBI1000007,1,1
9096,202301,인천,6280000,닭,LBI1000088,495381,495381
9105,202301,경기,6410000,돼지,LBI1000006,190285,190285
9095,202301,인천,6280000,소,LBI1000080,1526,1526
9094,202301,인천,6280000,돼지,LBI1000006,29022,29022
9093,202301,대구,6270000,닭,LBI1000088,1475146,1475146
9092,202301,대구,6270000,소,LBI1000080,2209,2209
9091,202301,대구,6270000,돼지,LBI1000006,38902,38902
9122,202301,충북,6430000,면양,LBI1000086,29,29
9104,202301,울산,6310000,산양,LBI1000087,11,11
9146,202301,경남,6480000,오리,LBI1000016,90463,90463
9106,202301,경기,6410000,말,LBI1000007,4,4
9115,202301,강원,6420000,면양,LBI1000086,3,3
9107,202301,경기,6410000,메추리,LBI1000021,29009,29009
9121,202301,충북,6430000,소,LBI1000080,18534,18534
9119,202301,충북,6430000,오리,LBI1000016,260412,260412
9118,202301,충북,6430000,돼지,LBI1000006,227858,227858
9117,202301,강원,6420000,닭,LBI1000088,1648640,1648640
9116,202301,강원,6420000,산양,LBI1000087,326,326
9120,202301,충북,6430000,사슴,LBI1000017,3,3
9114,202301,강원,6420000,소,LBI1000080,3091,3091
9112,202301,강원,6420000,돼지,LBI1000006,43913,43913
9111,202301,경기,6410000,닭,LBI1000088,9877801,9877801
9110,202301,경기,6410000,산양,LBI1000087,333,333
9109,202301,경기,6410000,소,LBI1000080,24389,24389
9113,202301,강원,6420000,말,LBI1000007,2,2
9108,202301,경기,6410000,당나귀,LBI1000023,3,3
9198,202212,전북,6450000,닭,LBI1000088,33391821,436866201
9203,202212,전남,6460000,닭,LBI1000088,4329834,57639001
9202,202212,전남,6460000,산양,LBI1000087,3095,42673
9201,202212,전남,6460000,소,LBI1000080,8641,84701
9200,202212,전남,6460000,오리,LBI1000016,2811070,41311778
9199,202212,전남,6460000,돼지,LBI1000006,165173,1686277
9196,202212,전북,6450000,소,LBI1000080,1781,17266
9197,202212,전북,6450000,산양,LBI1000087,1,1
9195,202212,전북,6450000,토끼,LBI1000018,300,14031
9194,202212,전북,6450000,오리,LBI1000016,496799,8650830
9193,202212,전북,6450000,말,LBI1000007,1,26
9192,202212,전북,6450000,돼지,LBI1000006,203326,2332844
9204,202212,경북,6470000,돼지,LBI1000006,105310,1151867
9211,202212,경남,6480000,소,LBI1000080,17399,150737
9205,202212,경북,6470000,말,LBI1000007,3,41
9206,202212,경북,6470000,소,LBI1000080,11415,104770
9207,202212,경북,6470000,산양,LBI1000087,519,6014
9208,202212,경북,6470000,닭,LBI1000088,6269979,85229073
9209,202212,경남,6480000,돼지,LBI1000006,190140,2081410
9210,202212,경남,6480000,오리,LBI1000016,130248,2056423
9190,202212,충남,6440000,산양,LBI1000087,1166,16718
9212,202212,경남,6480000,산양,LBI1000087,1014,13938
9213,202212,경남,6480000,닭,LBI1000088,345439,5066668
9214,202212,제주,6500000,돼지,LBI1000006,74156,858409
9215,202212,제주,6500000,말,LBI1000007,73,1079
9216,202212,제주,6500000,당나귀,LBI1000023,1,1
9217,202212,제주,6500000,소,LBI1000080,549,5574
9218,202212,제주,6500000,산양,LBI1000087,67,463
9219,202212,제주,6500000,닭,LBI1000088,609062,7128349
9191,202212,충남,6440000,닭,LBI1000088,11811246,157006379
9181,202212,충북,6430000,돼지,LBI1000006,247253,2643337
9189,202212,충남,6440000,소,LBI1000080,11430,99222
9170,202212,경기,6410000,돼지,LBI1000006,224757,2561412
9157,202212,대구,6270000,돼지,LBI1000006,40914,451042
9158,202212,대구,6270000,소,LBI1000080,2230,22250
9159,202212,대구,6270000,닭,LBI1000088,1405939,19126267
9160,202212,인천,6280000,돼지,LBI1000006,34770,388140
9161,202212,인천,6280000,소,LBI1000080,1805,15627
9162,202212,인천,6280000,닭,LBI1000088,637431,9769906
9163,202212,광주,6290000,돼지,LBI1000006,32574,398145
9164,202212,광주,6290000,소,LBI1000080,1457,15009
9165,202212,대전,6300000,돼지,LBI1000006,21441,212300
9166,202212,대전,6300000,소,LBI1000080,598,6728
9167,202212,울산,6310000,돼지,LBI1000006,13557,150118
9168,202212,울산,6310000,소,LBI1000080,866,10209
9169,202212,울산,6310000,산양,LBI1000087,59,153
9171,202212,경기,6410000,말,LBI1000007,25,254
9188,202212,충남,6440000,말,LBI1000007,6,86
9173,202212,경기,6410000,당나귀,LBI1000023,9,57
9174,202212,경기,6410000,소,LBI1000080,28165,260872
9175,202212,경기,6410000,산양,LBI1000087,390,6335
9176,202212,경기,6410000,닭,LBI1000088,10569030,127679151
9177,202212,강원,6420000,돼지,LBI1000006,51952,559100
9178,202212,강원,6420000,소,LBI1000080,4285,33955
9179,202212,강원,6420000,산양,LBI1000087,600,9125
9180,202212,강원,6420000,닭,LBI1000088,1547110,21779586
9182,202212,충북,6430000,오리,LBI1000016,332149,8106475
9183,202212,충북,6430000,소,LBI1000080,18871,187766
9184,202212,충북,6430000,면양,LBI1000086,7,43
9185,202212,충북,6430000,산양,LBI1000087,1581,28139
9187,202212,충남,6440000,돼지,LBI1000006,284022,3081814
9172,202212,경기,6410000,메추리,LBI1000021,17498,718181
9186,202212,충북,6430000,닭,LBI1000088,7992562,97287041
9276,202211,경남,6480000,닭,LBI1000088,493570,4721229
9250,202211,충북,6430000,닭,LBI1000088,7842651,89294479
9248,202211,충북,6430000,소,LBI1000080,16228,168895
9247,202211,충북,6430000,사슴,LBI1000017,9,60
9246,202211,충북,6430000,오리,LBI1000016,630982,7774326
9245,202211,충북,6430000,돼지,LBI1000006,244954,2396084
9244,202211,강원,6420000,닭,LBI1000088,1609850,20232476
9243,202211,강원,6420000,산양,LBI1000087,661,8525
9242,202211,강원,6420000,소,LBI1000080,2437,29670
9241,202211,강원,6420000,돼지,LBI1000006,52281,507148
9240,202211,경기,6410000,닭,LBI1000088,11203264,117110121
9239,202211,경기,6410000,산양,LBI1000087,496,5945
9238,202211,경기,6410000,소,LBI1000080,21767,232707
9237,202211,경기,6410000,당나귀,LBI1000023,8,48
9236,202211,경기,6410000,메추리,LBI1000021,57372,700683
9235,202211,경기,6410000,말,LBI1000007,15,229
9234,202211,경기,6410000,돼지,LBI1000006,247169,2336655
9233,202211,울산,6310000,산양,LBI1000087,55,94
9232,202211,울산,6310000,소,LBI1000080,769,9343
9231,202211,울산,6310000,돼지,LBI1000006,13652,136561
9230,202211,대전,6300000,소,LBI1000080,488,6130
9229,202211,대전,6300000,돼지,LBI1000006,21825,190859
9228,202211,광주,6290000,소,LBI1000080,1271,13552
9227,202211,광주,6290000,돼지,LBI1000006,32553,365571
9226,202211,인천,6280000,닭,LBI1000088,825392,9132475
9225,202211,인천,6280000,소,LBI1000080,1422,13822
9224,202211,인천,6280000,꿩,LBI1000022,7960,7960
9223,202211,인천,6280000,돼지,LBI1000006,37154,353370
9222,202211,대구,6270000,닭,LBI1000088,1507840,17720328
9249,202211,충북,6430000,산양,LBI1000087,1761,26558
9251,202211,충남,6440000,돼지,LBI1000006,301015,2797792
9220,202211,대구,6270000,돼지,LBI1000006,41666,410128
9252,202211,충남,6440000,말,LBI1000007,8,80
9281,202211,제주,6500000,닭,LBI1000088,597357,6519287
9280,202211,제주,6500000,산양,LBI1000087,49,396
9279,202211,제주,6500000,소,LBI1000080,416,5025
9278,202211,제주,6500000,말,LBI1000007,92,1006
9277,202211,제주,6500000,돼지,LBI1000006,74939,784253
9275,202211,경남,6480000,산양,LBI1000087,1083,12924
9274,202211,경남,6480000,소,LBI1000080,12452,133338
9273,202211,경남,6480000,오리,LBI1000016,155385,1926175
9272,202211,경남,6480000,돼지,LBI1000006,189874,1891270
9271,202211,경북,6470000,닭,LBI1000088,6209960,78959094
9270,202211,경북,6470000,산양,LBI1000087,573,5495
9269,202211,경북,6470000,소,LBI1000080,8123,93355
9267,202211,경북,6470000,말,LBI1000007,3,38
9266,202211,경북,6470000,돼지,LBI1000006,108009,1046557
9265,202211,전남,6460000,닭,LBI1000088,4334308,53309167
9264,202211,전남,6460000,산양,LBI1000087,3146,39578
9263,202211,전남,6460000,소,LBI1000080,6838,76060
9262,202211,전남,6460000,오리,LBI1000016,2983645,38500708
9261,202211,전남,6460000,돼지,LBI1000006,168432,1521104
9260,202211,전북,6450000,닭,LBI1000088,35380856,403474380
9259,202211,전북,6450000,소,LBI1000080,1387,15485
9258,202211,전북,6450000,오리,LBI1000016,820410,8154031
9257,202211,전북,6450000,말,LBI1000007,2,25
9256,202211,전북,6450000,돼지,LBI1000006,217935,2129518
9255,202211,충남,6440000,닭,LBI1000088,12702622,145195133
9254,202211,충남,6440000,산양,LBI1000087,1310,15552
9253,202211,충남,6440000,소,LBI1000080,8530,87792
9221,202211,대구,6270000,소,LBI1000080,1654,20020
9268,202211,경북,6470000,꿩,LBI1000022,297,517
9299,202210,경기,6410000,소,LBI1000080,20477,210940
9329,202210,경북,6470000,돼지,LBI1000006,97761,938548
9292,202210,울산,6310000,돼지,LBI1000006,13488,122909
9291,202210,대전,6300000,소,LBI1000080,469,5642
9290,202210,대전,6300000,돼지,LBI1000006,18951,169034
9289,202210,광주,6290000,소,LBI1000080,1237,12281
9288,202210,광주,6290000,돼지,LBI1000006,28282,333018
9287,202210,인천,6280000,닭,LBI1000088,763042,8307083
9286,202210,인천,6280000,소,LBI1000080,1061,12400
9285,202210,인천,6280000,돼지,LBI1000006,34892,316216
9284,202210,대구,6270000,닭,LBI1000088,1608304,16212488
9283,202210,대구,6270000,소,LBI1000080,1660,18366
9282,202210,대구,6270000,돼지,LBI1000006,37673,368462
9327,202210,전남,6460000,산양,LBI1000087,3322,36432
9328,202210,전남,6460000,닭,LBI1000088,4721336,48974859
9330,202210,경북,6470000,말,LBI1000007,4,35
9325,202210,전남,6460000,오리,LBI1000016,3470726,35517063
9331,202210,경북,6470000,꿩,LBI1000022,70,220
9332,202210,경북,6470000,소,LBI1000080,7671,85232
9333,202210,경북,6470000,산양,LBI1000087,478,4922
9334,202210,경북,6470000,닭,LBI1000088,6489273,72749134
9335,202210,경남,6480000,돼지,LBI1000006,174621,1701396
9336,202210,경남,6480000,오리,LBI1000016,181344,1770790
9337,202210,경남,6480000,소,LBI1000080,11342,120886
9338,202210,경남,6480000,산양,LBI1000087,1229,11841
9339,202210,경남,6480000,닭,LBI1000088,415377,4227659
9340,202210,제주,6500000,돼지,LBI1000006,65984,709314
9341,202210,제주,6500000,말,LBI1000007,102,914
9342,202210,제주,6500000,소,LBI1000080,425,4609
9343,202210,제주,6500000,산양,LBI1000087,37,347
9293,202210,울산,6310000,소,LBI1000080,802,8574
9294,202210,울산,6310000,산양,LBI1000087,7,39
9295,202210,경기,6410000,돼지,LBI1000006,226344,2089486
9296,202210,경기,6410000,말,LBI1000007,40,214
9323,202210,전북,6450000,닭,LBI1000088,35420690,368093524
9322,202210,전북,6450000,소,LBI1000080,1322,14098
9321,202210,전북,6450000,타조,LBI1000024,1,5
9320,202210,전북,6450000,당나귀,LBI1000023,1,2
9319,202210,전북,6450000,오리,LBI1000016,886656,7333621
9318,202210,전북,6450000,말,LBI1000007,8,23
9317,202210,전북,6450000,돼지,LBI1000006,194186,1911583
9316,202210,충남,6440000,닭,LBI1000088,13321183,132492511
9315,202210,충남,6440000,산양,LBI1000087,1425,14242
9314,202210,충남,6440000,소,LBI1000080,7812,79262
9313,202210,충남,6440000,말,LBI1000007,6,72
9312,202210,충남,6440000,돼지,LBI1000006,267659,2496777
9311,202210,충북,6430000,닭,LBI1000088,8022081,81451828
9310,202210,충북,6430000,산양,LBI1000087,2003,24797
9309,202210,충북,6430000,소,LBI1000080,14550,152667
9308,202210,충북,6430000,사슴,LBI1000017,1,51
9307,202210,충북,6430000,오리,LBI1000016,772229,7143344
9306,202210,충북,6430000,돼지,LBI1000006,219317,2151130
9305,202210,강원,6420000,닭,LBI1000088,1786662,18622626
9304,202210,강원,6420000,산양,LBI1000087,739,7864
9303,202210,강원,6420000,소,LBI1000080,2660,27233
9302,202210,강원,6420000,돼지,LBI1000006,48823,454867
9301,202210,경기,6410000,닭,LBI1000088,10934398,105906857
9300,202210,경기,6410000,산양,LBI1000087,572,5449
9326,202210,전남,6460000,소,LBI1000080,6499,69222
9298,202210,경기,6410000,당나귀,LBI1000023,5,40
9297,202210,경기,6410000,메추리,LBI1000021,74906,643311
9344,202210,제주,6500000,닭,LBI1000088,585927,5921930
9324,202210,전남,6460000,돼지,LBI1000006,148608,1352672
9396,202209,경북,6470000,소,LBI1000080,7049,77561
9363,202209,경기,6410000,산양,LBI1000087,518,4877
9361,202209,경기,6410000,당나귀,LBI1000023,4,35
9360,202209,경기,6410000,메추리,LBI1000021,54716,568405
9359,202209,경기,6410000,말,LBI1000007,27,174
9358,202209,경기,6410000,돼지,LBI1000006,185452,1863142
9357,202209,울산,6310000,산양,LBI1000087,15,32
9356,202209,울산,6310000,소,LBI1000080,874,7772
9355,202209,울산,6310000,돼지,LBI1000006,12029,109421
9354,202209,대전,6300000,소,LBI1000080,434,5173
9353,202209,대전,6300000,돼지,LBI1000006,16775,150083
9352,202209,광주,6290000,소,LBI1000080,1189,11044
9351,202209,광주,6290000,돼지,LBI1000006,24851,304736
9350,202209,인천,6280000,닭,LBI1000088,798866,7544041
9349,202209,인천,6280000,소,LBI1000080,900,11339
9348,202209,인천,6280000,돼지,LBI1000006,28985,281324
9347,202209,대구,6270000,닭,LBI1000088,1690086,14604184
9346,202209,대구,6270000,소,LBI1000080,1681,16706
9345,202209,대구,6270000,돼지,LBI1000006,35443,330789
9398,202209,경북,6470000,닭,LBI1000088,6349380,66259861
9399,202209,경남,6480000,돼지,LBI1000006,162072,1526775
9400,202209,경남,6480000,오리,LBI1000016,198362,1589446
9401,202209,경남,6480000,소,LBI1000080,8812,109544
9402,202209,경남,6480000,산양,LBI1000087,928,10612
9403,202209,경남,6480000,닭,LBI1000088,481501,3812282
9404,202209,제주,6500000,돼지,LBI1000006,64466,643330
9405,202209,제주,6500000,말,LBI1000007,78,812
9406,202209,제주,6500000,사슴,LBI1000017,4,9
9407,202209,제주,6500000,소,LBI1000080,376,4184
9408,202209,제주,6500000,산양,LBI1000087,46,310
9395,202209,경북,6470000,꿩,LBI1000022,50,150
9362,202209,경기,6410000,소,LBI1000080,16985,190463
9409,202209,제주,6500000,닭,LBI1000088,596490,5336003
9397,202209,경북,6470000,산양,LBI1000087,367,4444
9381,202209,충남,6440000,산양,LBI1000087,1395,12817
9365,202209,강원,6420000,돼지,LBI1000006,37729,406044
9394,202209,경북,6470000,돼지,LBI1000006,92875,840787
9393,202209,전남,6460000,닭,LBI1000088,4165213,44253523
9392,202209,전남,6460000,산양,LBI1000087,3379,33110
9391,202209,전남,6460000,소,LBI1000080,6164,62723
9390,202209,전남,6460000,오리,LBI1000016,4100557,32046337
9389,202209,전남,6460000,돼지,LBI1000006,138311,1204064
9388,202209,전북,6450000,닭,LBI1000088,35237623,332672834
9387,202209,전북,6450000,소,LBI1000080,1329,12776
9386,202209,전북,6450000,타조,LBI1000024,1,4
9385,202209,전북,6450000,오리,LBI1000016,970698,6446965
9384,202209,전북,6450000,말,LBI1000007,4,15
9383,202209,전북,6450000,돼지,LBI1000006,182682,1717397
9382,202209,충남,6440000,닭,LBI1000088,13720424,119171328
9364,202209,경기,6410000,닭,LBI1000088,10777067,94972459
9380,202209,충남,6440000,소,LBI1000080,6727,71450
9372,202209,충북,6430000,사슴,LBI1000017,11,50
9379,202209,충남,6440000,당나귀,LBI1000023,1,2
9367,202209,강원,6420000,소,LBI1000080,2088,24573
9368,202209,강원,6420000,산양,LBI1000087,678,7125
9369,202209,강원,6420000,닭,LBI1000088,1929739,16835964
9370,202209,충북,6430000,돼지,LBI1000006,202140,1931813
9371,202209,충북,6430000,오리,LBI1000016,943260,6371115
9366,202209,강원,6420000,말,LBI1000007,2,13
9373,202209,충북,6430000,소,LBI1000080,12634,138117
9375,202209,충북,6430000,산양,LBI1000087,1972,22794
9376,202209,충북,6430000,닭,LBI1000088,8017592,73429747
9377,202209,충남,6440000,돼지,LBI1000006,236283,2229118
9374,202209,충북,6430000,면양,LBI1000086,6,36
9378,202209,충남,6440000,말,LBI1000007,7,66
9436,202208,충북,6430000,돼지,LBI1000006,215814,1729673
9441,202208,충북,6430000,닭,LBI1000088,8780861,65412155
9440,202208,충북,6430000,산양,LBI1000087,3079,20822
9439,202208,충북,6430000,소,LBI1000080,23551,125483
9438,202208,충북,6430000,사슴,LBI1000017,4,39
9437,202208,충북,6430000,오리,LBI1000016,1030548,5427855
9434,202208,강원,6420000,산양,LBI1000087,897,6447
9435,202208,강원,6420000,닭,LBI1000088,2067414,14906225
9433,202208,강원,6420000,면양,LBI1000086,10,112
9432,202208,강원,6420000,소,LBI1000080,5159,22485
9431,202208,강원,6420000,돼지,LBI1000006,49801,368315
9442,202208,충남,6440000,돼지,LBI1000006,257518,1992835
9430,202208,경기,6410000,닭,LBI1000088,11395708,84195392
9449,202208,전북,6450000,토끼,LBI1000018,550,13731
9443,202208,충남,6440000,말,LBI1000007,13,59
9444,202208,충남,6440000,소,LBI1000080,13312,64723
9445,202208,충남,6440000,산양,LBI1000087,1727,11422
9446,202208,충남,6440000,닭,LBI1000088,14424795,105450904
9447,202208,전북,6450000,돼지,LBI1000006,186436,1534715
9448,202208,전북,6450000,오리,LBI1000016,1012567,5476267
9428,202208,경기,6410000,소,LBI1000080,32339,173478
9450,202208,전북,6450000,소,LBI1000080,2193,11447
9451,202208,전북,6450000,닭,LBI1000088,41853283,297435211
9452,202208,전남,6460000,돼지,LBI1000006,139488,1065753
9453,202208,전남,6460000,오리,LBI1000016,4364840,27945780
9454,202208,전남,6460000,소,LBI1000080,9804,56559
9455,202208,전남,6460000,산양,LBI1000087,4759,29731
9456,202208,전남,6460000,닭,LBI1000088,5285059,40088310
9457,202208,경북,6470000,돼지,LBI1000006,99068,747912
9429,202208,경기,6410000,산양,LBI1000087,635,4359
9420,202208,대전,6300000,소,LBI1000080,930,4739
9427,202208,경기,6410000,당나귀,LBI1000023,4,31
8437,202208,경남,6480000,오리,LBI1000016,241061,1391084
9410,202208,대구,6270000,돼지,LBI1000006,39992,295346
9411,202208,대구,6270000,소,LBI1000080,2867,15025
9412,202208,대구,6270000,닭,LBI1000088,1726401,12914098
9413,202208,인천,6280000,돼지,LBI1000006,34802,252339
8445,202208,제주,6500000,닭,LBI1000088,574325,4739513
8444,202208,제주,6500000,산양,LBI1000087,42,264
9414,202208,인천,6280000,소,LBI1000080,2166,10439
8443,202208,제주,6500000,소,LBI1000080,745,3808
8442,202208,제주,6500000,말,LBI1000007,86,734
8441,202208,제주,6500000,돼지,LBI1000006,73026,578864
8440,202208,경남,6480000,닭,LBI1000088,348652,3330781
8439,202208,경남,6480000,산양,LBI1000087,1342,9684
8438,202208,경남,6480000,소,LBI1000080,20215,100732
9415,202208,인천,6280000,닭,LBI1000088,1008816,6745175
9426,202208,경기,6410000,메추리,LBI1000021,11670,513689
8436,202208,경남,6480000,돼지,LBI1000006,166695,1364703
8434,202208,경북,6470000,산양,LBI1000087,643,4077
8433,202208,경북,6470000,소,LBI1000080,14015,70512
8432,202208,경북,6470000,말,LBI1000007,5,31
9416,202208,광주,6290000,돼지,LBI1000006,29558,279885
9417,202208,광주,6290000,말,LBI1000007,2,2
9418,202208,광주,6290000,소,LBI1000080,1533,9855
9419,202208,대전,6300000,돼지,LBI1000006,16363,133308
9421,202208,울산,6310000,돼지,LBI1000006,12291,97392
9422,202208,울산,6310000,소,LBI1000080,1131,6898
9423,202208,울산,6310000,산양,LBI1000087,3,17
9424,202208,경기,6410000,돼지,LBI1000006,212547,1677690
9425,202208,경기,6410000,말,LBI1000007,13,147
8435,202208,경북,6470000,닭,LBI1000088,8296151,59910481
8492,202207,전남,6460000,산양,LBI1000087,4426,24972
8493,202207,전남,6460000,닭,LBI1000088,7295190,34803251
8491,202207,전남,6460000,소,LBI1000080,6360,46755
8477,202207,충남,6440000,돼지,LBI1000006,214101,1735317
8478,202207,충남,6440000,말,LBI1000007,6,46
8479,202207,충남,6440000,소,LBI1000080,6838,51411
8480,202207,충남,6440000,산양,LBI1000087,1900,9695
8481,202207,충남,6440000,닭,LBI1000088,14411553,91026109
8482,202207,전북,6450000,돼지,LBI1000006,165298,1348279
8483,202207,전북,6450000,오리,LBI1000016,755033,4463700
8484,202207,전북,6450000,토끼,LBI1000018,1248,13181
8485,202207,전북,6450000,당나귀,LBI1000023,1,1
8486,202207,전북,6450000,타조,LBI1000024,3,3
8488,202207,전북,6450000,닭,LBI1000088,46338783,255581928
8489,202207,전남,6460000,돼지,LBI1000006,115499,926265
8490,202207,전남,6460000,오리,LBI1000016,4109631,23580940
8495,202207,경북,6470000,말,LBI1000007,5,26
8475,202207,충북,6430000,산양,LBI1000087,3370,17743
8496,202207,경북,6470000,소,LBI1000080,7215,56497
8497,202207,경북,6470000,산양,LBI1000087,545,3434
8498,202207,경북,6470000,닭,LBI1000088,10192309,51614330
8499,202207,경남,6480000,돼지,LBI1000006,147234,1198008
8500,202207,경남,6480000,오리,LBI1000016,233683,1150023
8501,202207,경남,6480000,소,LBI1000080,10886,80517
8502,202207,경남,6480000,산양,LBI1000087,1421,8342
8503,202207,경남,6480000,닭,LBI1000088,583338,2982129
8504,202207,제주,6500000,돼지,LBI1000006,62569,505838
8505,202207,제주,6500000,말,LBI1000007,76,648
8506,202207,제주,6500000,소,LBI1000080,383,3063
8507,202207,제주,6500000,산양,LBI1000087,44,222
8508,202207,제주,6500000,닭,LBI1000088,656844,4165188
8476,202207,충북,6430000,닭,LBI1000088,8949508,56631294
8487,202207,전북,6450000,소,LBI1000080,1247,9254
8474,202207,충북,6430000,소,LBI1000080,13637,101932
8459,202207,경기,6410000,말,LBI1000007,22,134
8494,202207,경북,6470000,돼지,LBI1000006,80194,648844
8446,202207,대구,6270000,돼지,LBI1000006,32236,255354
8473,202207,충북,6430000,사슴,LBI1000017,7,35
8448,202207,대구,6270000,닭,LBI1000088,1687313,11187697
8449,202207,인천,6280000,돼지,LBI1000006,26815,217537
8450,202207,인천,6280000,소,LBI1000080,893,8273
8451,202207,인천,6280000,닭,LBI1000088,1350917,5736359
8452,202207,광주,6290000,돼지,LBI1000006,30195,250327
8453,202207,광주,6290000,소,LBI1000080,1225,8322
8454,202207,대전,6300000,돼지,LBI1000006,14528,116945
8455,202207,대전,6300000,소,LBI1000080,402,3809
8456,202207,울산,6310000,돼지,LBI1000006,9942,85101
8457,202207,울산,6310000,소,LBI1000080,715,5767
8458,202207,경기,6410000,돼지,LBI1000006,177942,1465143
8447,202207,대구,6270000,소,LBI1000080,1645,12158
8460,202207,경기,6410000,메추리,LBI1000021,73844,502019
8467,202207,강원,6420000,소,LBI1000080,2208,17326
8461,202207,경기,6410000,당나귀,LBI1000023,5,27
8471,202207,충북,6430000,돼지,LBI1000006,190233,1513859
8470,202207,강원,6420000,닭,LBI1000088,1757563,12838811
8469,202207,강원,6420000,산양,LBI1000087,980,5550
8468,202207,강원,6420000,면양,LBI1000086,52,102
8472,202207,충북,6430000,오리,LBI1000016,961659,4397307
8466,202207,강원,6420000,말,LBI1000007,1,11
8464,202207,경기,6410000,닭,LBI1000088,11893689,72799684
8463,202207,경기,6410000,산양,LBI1000087,586,3724
8462,202207,경기,6410000,소,LBI1000080,17654,141139
8465,202207,강원,6420000,돼지,LBI1000006,42346,318514
8527,202206,경기,6410000,닭,LBI1000088,11192793,60905995
8523,202206,경기,6410000,메추리,LBI1000021,106206,428175
8524,202206,경기,6410000,당나귀,LBI1000023,7,22
8525,202206,경기,6410000,소,LBI1000080,18570,123485
8526,202206,경기,6410000,산양,LBI1000087,563,3138
8529,202206,강원,6420000,말,LBI1000007,2,10
8528,202206,강원,6420000,돼지,LBI1000006,45411,276168
8530,202206,강원,6420000,소,LBI1000080,2189,15118
8531,202206,강원,6420000,산양,LBI1000087,967,4570
8532,202206,강원,6420000,닭,LBI1000088,1880395,11081248
8521,202206,경기,6410000,돼지,LBI1000006,208823,1287201
8533,202206,충북,6430000,돼지,LBI1000006,196560,1323626
8522,202206,경기,6410000,말,LBI1000007,9,112
8515,202206,광주,6290000,돼지,LBI1000006,33580,220132
8520,202206,울산,6310000,소,LBI1000080,820,5052
8519,202206,울산,6310000,돼지,LBI1000006,11723,75159
8518,202206,대전,6300000,소,LBI1000080,480,3407
8517,202206,대전,6300000,돼지,LBI1000006,15177,102417
8516,202206,광주,6290000,소,LBI1000080,1195,7097
8514,202206,인천,6280000,닭,LBI1000088,1070571,4385442
8513,202206,인천,6280000,소,LBI1000080,1161,7380
8512,202206,인천,6280000,돼지,LBI1000006,29679,190722
8511,202206,대구,6270000,닭,LBI1000088,1664886,9500384
8510,202206,대구,6270000,소,LBI1000080,1703,10513
8509,202206,대구,6270000,돼지,LBI1000006,35889,223118
8535,202206,충북,6430000,사슴,LBI1000017,8,28
8534,202206,충북,6430000,오리,LBI1000016,942512,3435648
8555,202206,경북,6470000,돼지,LBI1000006,88962,568650
8536,202206,충북,6430000,소,LBI1000080,14066,88295
8562,202206,경남,6480000,소,LBI1000080,10752,69631
8556,202206,경북,6470000,말,LBI1000007,3,21
8557,202206,경북,6470000,소,LBI1000080,7146,49282
8558,202206,경북,6470000,산양,LBI1000087,595,2889
8537,202206,충북,6430000,산양,LBI1000087,2869,14373
8560,202206,경남,6480000,돼지,LBI1000006,164526,1050774
8561,202206,경남,6480000,오리,LBI1000016,215380,916340
8563,202206,경남,6480000,산양,LBI1000087,1244,6921
8553,202206,전남,6460000,산양,LBI1000087,4014,20546
8564,202206,경남,6480000,닭,LBI1000088,394712,2398791
8565,202206,제주,6500000,돼지,LBI1000006,67054,443269
8566,202206,제주,6500000,말,LBI1000007,95,572
8567,202206,제주,6500000,소,LBI1000080,406,2680
8568,202206,제주,6500000,산양,LBI1000087,33,178
8569,202206,제주,6500000,닭,LBI1000088,573004,3508344
8554,202206,전남,6460000,닭,LBI1000088,5798331,27508061
8559,202206,경북,6470000,닭,LBI1000088,7705781,41422021
8552,202206,전남,6460000,소,LBI1000080,6433,40395
8544,202206,전북,6450000,돼지,LBI1000006,182268,1182981
8538,202206,충북,6430000,닭,LBI1000088,7847117,47681786
8551,202206,전남,6460000,오리,LBI1000016,4133185,19471309
8540,202206,충남,6440000,말,LBI1000007,4,40
8541,202206,충남,6440000,소,LBI1000080,7219,44573
8542,202206,충남,6440000,산양,LBI1000087,1470,7795
8543,202206,충남,6440000,닭,LBI1000088,13722421,76614556
8539,202206,충남,6440000,돼지,LBI1000006,239275,1521216
8545,202206,전북,6450000,말,LBI1000007,1,11
8547,202206,전북,6450000,토끼,LBI1000018,1490,11933
8548,202206,전북,6450000,소,LBI1000080,1311,8007
8549,202206,전북,6450000,닭,LBI1000088,38659394,209243145
8550,202206,전남,6460000,돼지,LBI1000006,126276,810766
8546,202206,전북,6450000,오리,LBI1000016,993169,3708667
9930,202205,전북,6450000,토끼,LBI1000018,2060,10443
9936,202205,전남,6460000,산양,LBI1000087,3792,16532
9935,202205,전남,6460000,소,LBI1000080,6899,33962
9934,202205,전남,6460000,오리,LBI1000016,3970214,15338124
9933,202205,전남,6460000,돼지,LBI1000006,134240,684490
9932,202205,전북,6450000,닭,LBI1000088,37818705,170583751
9938,202205,경북,6470000,돼지,LBI1000006,96001,479688
9927,202205,충남,6440000,닭,LBI1000088,13317223,62892135
9929,202205,전북,6450000,오리,LBI1000016,926129,2715498
9928,202205,전북,6450000,돼지,LBI1000006,190067,1000713
9926,202205,충남,6440000,산양,LBI1000087,1388,6325
9925,202205,충남,6440000,소,LBI1000080,7756,37354
9931,202205,전북,6450000,소,LBI1000080,1359,6696
9924,202205,충남,6440000,말,LBI1000007,4,36
9937,202205,전남,6460000,닭,LBI1000088,5097412,21709730
9922,202205,충북,6430000,닭,LBI1000088,8553011,39834669
9939,202205,경북,6470000,말,LBI1000007,4,18
9940,202205,경북,6470000,소,LBI1000080,8228,42136
9941,202205,경북,6470000,산양,LBI1000087,674,2294
9942,202205,경북,6470000,닭,LBI1000088,7635926,33716240
9943,202205,경남,6480000,돼지,LBI1000006,178492,886248
9944,202205,경남,6480000,오리,LBI1000016,189652,700960
9946,202205,경남,6480000,산양,LBI1000087,1219,5677
9952,202205,제주,6500000,닭,LBI1000088,648732,2935340
9951,202205,제주,6500000,산양,LBI1000087,24,145
9950,202205,제주,6500000,소,LBI1000080,481,2274
9949,202205,제주,6500000,말,LBI1000007,108,477
9948,202205,제주,6500000,돼지,LBI1000006,73418,376215
9947,202205,경남,6480000,닭,LBI1000088,411248,2004079
9945,202205,경남,6480000,소,LBI1000080,12202,58879
9923,202205,충남,6440000,돼지,LBI1000006,251273,1281941
8577,202205,광주,6290000,소,LBI1000080,1262,5902
9921,202205,충북,6430000,산양,LBI1000087,2929,11504
9905,202205,경기,6410000,메추리,LBI1000021,50622,321969
8574,202205,인천,6280000,소,LBI1000080,1177,6219
8573,202205,인천,6280000,돼지,LBI1000006,30898,161043
8572,202205,대구,6270000,닭,LBI1000088,1671461,7835498
8571,202205,대구,6270000,소,LBI1000080,1856,8810
8570,202205,대구,6270000,돼지,LBI1000006,36785,187229
9920,202205,충북,6430000,소,LBI1000080,14773,74229
8576,202205,광주,6290000,돼지,LBI1000006,36014,186552
9899,202205,대전,6300000,돼지,LBI1000006,16912,87240
9900,202205,대전,6300000,소,LBI1000080,570,2927
9901,202205,울산,6310000,돼지,LBI1000006,11714,63436
9902,202205,울산,6310000,소,LBI1000080,890,4232
9903,202205,경기,6410000,돼지,LBI1000006,215070,1078378
9904,202205,경기,6410000,말,LBI1000007,31,103
8575,202205,인천,6280000,닭,LBI1000088,893588,3314871
9906,202205,경기,6410000,당나귀,LBI1000023,5,15
9913,202205,강원,6420000,소,LBI1000080,2493,12929
9919,202205,충북,6430000,사슴,LBI1000017,8,20
9918,202205,충북,6430000,오리,LBI1000016,790408,2493136
9917,202205,충북,6430000,돼지,LBI1000006,216341,1127066
9915,202205,강원,6420000,산양,LBI1000087,980,3603
9914,202205,강원,6420000,면양,LBI1000086,1,50
9916,202205,강원,6420000,닭,LBI1000088,2008655,9200853
9912,202205,강원,6420000,사슴,LBI1000017,1,3
9911,202205,강원,6420000,말,LBI1000007,2,8
9910,202205,강원,6420000,돼지,LBI1000006,41547,230757
9909,202205,경기,6410000,닭,LBI1000088,11100392,49713202
9908,202205,경기,6410000,산양,LBI1000087,565,2575
9907,202205,경기,6410000,소,LBI1000080,21492,104915
9993,202204,전남,6460000,돼지,LBI1000006,133800,550250
9998,202204,경북,6470000,돼지,LBI1000006,95127,383687
9997,202204,전남,6460000,닭,LBI1000088,4757873,16612318
9996,202204,전남,6460000,산양,LBI1000087,3584,12740
9995,202204,전남,6460000,소,LBI1000080,6791,27063
9994,202204,전남,6460000,오리,LBI1000016,3322573,11367910
9986,202204,충남,6440000,산양,LBI1000087,1450,4937
9992,202204,전북,6450000,닭,LBI1000088,35096036,132765046
9991,202204,전북,6450000,소,LBI1000080,1306,5337
9990,202204,전북,6450000,토끼,LBI1000018,2344,8383
9989,202204,전북,6450000,오리,LBI1000016,551721,1789369
9988,202204,전북,6450000,돼지,LBI1000006,187194,810646
9987,202204,충남,6440000,닭,LBI1000088,12204188,49574912
10000,202204,경북,6470000,꿩,LBI1000022,100,100
9999,202204,경북,6470000,말,LBI1000007,3,14
10007,202204,경남,6480000,산양,LBI1000087,1391,4458
10001,202204,경북,6470000,소,LBI1000080,8268,33908
10002,202204,경북,6470000,산양,LBI1000087,510,1620
10003,202204,경북,6470000,닭,LBI1000088,7049830,26080314
10004,202204,경남,6480000,돼지,LBI1000006,171658,707756
10005,202204,경남,6480000,오리,LBI1000016,153386,511308
10006,202204,경남,6480000,소,LBI1000080,11826,46677
10008,202204,경남,6480000,닭,LBI1000088,194074,1592831
10009,202204,제주,6500000,돼지,LBI1000006,73055,302797
10010,202204,제주,6500000,말,LBI1000007,115,369
10011,202204,제주,6500000,사슴,LBI1000017,5,5
10012,202204,제주,6500000,소,LBI1000080,482,1793
10013,202204,제주,6500000,산양,LBI1000087,37,121
10014,202204,제주,6500000,닭,LBI1000088,618540,2286608
9983,202204,충남,6440000,돼지,LBI1000006,250911,1030668
9985,202204,충남,6440000,소,LBI1000080,7511,29598
9984,202204,충남,6440000,말,LBI1000007,7,32
9960,202204,광주,6290000,소,LBI1000080,1173,4640
9967,202204,경기,6410000,메추리,LBI1000021,68509,271347
9982,202204,충북,6430000,닭,LBI1000088,7992137,31281658
9953,202204,대구,6270000,돼지,LBI1000006,35493,150444
9954,202204,대구,6270000,소,LBI1000080,1825,6954
9955,202204,대구,6270000,닭,LBI1000088,1556015,6164037
9956,202204,인천,6280000,돼지,LBI1000006,35404,130145
9957,202204,인천,6280000,소,LBI1000080,1220,5042
9958,202204,인천,6280000,닭,LBI1000088,690831,2421283
9959,202204,광주,6290000,돼지,LBI1000006,37298,150538
9961,202204,대전,6300000,돼지,LBI1000006,16503,70328
9962,202204,대전,6300000,소,LBI1000080,481,2357
9963,202204,울산,6310000,돼지,LBI1000006,12184,51722
9964,202204,울산,6310000,소,LBI1000080,747,3342
9966,202204,경기,6410000,말,LBI1000007,22,72
9965,202204,경기,6410000,돼지,LBI1000006,223481,863308
9968,202204,경기,6410000,당나귀,LBI1000023,2,10
9975,202204,강원,6420000,산양,LBI1000087,753,2623
9981,202204,충북,6430000,산양,LBI1000087,2512,8575
9980,202204,충북,6430000,소,LBI1000080,14684,59456
9979,202204,충북,6430000,사슴,LBI1000017,1,12
9978,202204,충북,6430000,오리,LBI1000016,385763,1702728
9977,202204,충북,6430000,돼지,LBI1000006,223361,910725
9969,202204,경기,6410000,소,LBI1000080,20181,83423
9976,202204,강원,6420000,닭,LBI1000088,1827487,7192198
9974,202204,강원,6420000,면양,LBI1000086,12,49
9973,202204,강원,6420000,소,LBI1000080,2234,10436
9972,202204,강원,6420000,돼지,LBI1000006,44408,189210
9971,202204,경기,6410000,닭,LBI1000088,10033592,38612810
9970,202204,경기,6410000,산양,LBI1000087,524,2010
10060,202203,전남,6460000,오리,LBI1000016,2874086,8045337
10054,202203,전북,6450000,말,LBI1000007,4,10
10059,202203,전남,6460000,돼지,LBI1000006,150785,416450
10058,202203,전북,6450000,닭,LBI1000088,35786753,97669010
10057,202203,전북,6450000,소,LBI1000080,1145,4031
10056,202203,전북,6450000,토끼,LBI1000018,2567,6039
10055,202203,전북,6450000,오리,LBI1000016,416533,1237648
10046,202203,충북,6430000,닭,LBI1000088,8120217,23289521
10053,202203,전북,6450000,돼지,LBI1000006,219982,623452
10052,202203,충남,6440000,닭,LBI1000088,12616039,37370724
10051,202203,충남,6440000,산양,LBI1000087,1433,3487
10050,202203,충남,6440000,소,LBI1000080,6919,22087
10049,202203,충남,6440000,당나귀,LBI1000023,1,1
10048,202203,충남,6440000,말,LBI1000007,6,25
10078,202203,제주,6500000,닭,LBI1000088,610386,1668068
10061,202203,전남,6460000,소,LBI1000080,6569,20272
10077,202203,제주,6500000,산양,LBI1000087,21,84
10063,202203,전남,6460000,닭,LBI1000088,4360110,11854445
10064,202203,경북,6470000,돼지,LBI1000006,103533,288560
10065,202203,경북,6470000,말,LBI1000007,5,11
10066,202203,경북,6470000,소,LBI1000080,7685,25640
10067,202203,경북,6470000,산양,LBI1000087,389,1110
10068,202203,경북,6470000,닭,LBI1000088,7083943,19030484
10069,202203,경남,6480000,돼지,LBI1000006,189095,536098
10070,202203,경남,6480000,오리,LBI1000016,152567,357922
10071,202203,경남,6480000,소,LBI1000080,10646,34851
10072,202203,경남,6480000,산양,LBI1000087,1289,3067
10073,202203,경남,6480000,닭,LBI1000088,513092,1398757
10074,202203,제주,6500000,돼지,LBI1000006,79400,229742
10075,202203,제주,6500000,말,LBI1000007,89,254
10076,202203,제주,6500000,소,LBI1000080,378,1311
10047,202203,충남,6440000,돼지,LBI1000006,282824,779757
10062,202203,전남,6460000,산양,LBI1000087,3597,9156
10045,202203,충북,6430000,산양,LBI1000087,2534,6063
10029,202203,경기,6410000,메추리,LBI1000021,94072,202838
10044,202203,충북,6430000,소,LBI1000080,14114,44772
10015,202203,대구,6270000,돼지,LBI1000006,40467,114951
10016,202203,대구,6270000,소,LBI1000080,1572,5129
10017,202203,대구,6270000,닭,LBI1000088,1455934,4608022
10018,202203,인천,6280000,돼지,LBI1000006,37119,94741
10019,202203,인천,6280000,소,LBI1000080,1217,3822
10020,202203,인천,6280000,닭,LBI1000088,626348,1730452
10021,202203,광주,6290000,돼지,LBI1000006,39952,113240
10023,202203,대전,6300000,돼지,LBI1000006,20531,53825
10024,202203,대전,6300000,소,LBI1000080,510,1876
10025,202203,울산,6310000,돼지,LBI1000006,14675,39538
10026,202203,울산,6310000,소,LBI1000080,719,2595
10027,202203,경기,6410000,돼지,LBI1000006,228130,639827
10028,202203,경기,6410000,말,LBI1000007,29,50
10022,202203,광주,6290000,소,LBI1000080,1112,3467
10030,202203,경기,6410000,당나귀,LBI1000023,4,8
10037,202203,강원,6420000,소,LBI1000080,2206,8202
10031,202203,경기,6410000,소,LBI1000080,19895,63242
10042,202203,충북,6430000,오리,LBI1000016,427165,1316965
10041,202203,충북,6430000,돼지,LBI1000006,243955,687364
10040,202203,강원,6420000,닭,LBI1000088,1870554,5364711
10038,202203,강원,6420000,면양,LBI1000086,20,37
10039,202203,강원,6420000,산양,LBI1000087,797,1870
10036,202203,강원,6420000,사슴,LBI1000017,1,2
10043,202203,충북,6430000,사슴,LBI1000017,3,11
10035,202203,강원,6420000,말,LBI1000007,4,6
10034,202203,강원,6420000,돼지,LBI1000006,50742,144802
10033,202203,경기,6410000,닭,LBI1000088,10292394,28579218
10032,202203,경기,6410000,산양,LBI1000087,602,1486
10119,202202,전북,6450000,오리,LBI1000016,371680,821115
10124,202202,전남,6460000,오리,LBI1000016,2709694,5171251
10123,202202,전남,6460000,돼지,LBI1000006,127068,265665
10122,202202,전북,6450000,닭,LBI1000088,29564789,61882257
10121,202202,전북,6450000,소,LBI1000080,726,2886
10120,202202,전북,6450000,토끼,LBI1000018,2722,3472
10112,202202,충남,6440000,돼지,LBI1000006,247319,496933
10118,202202,전북,6450000,말,LBI1000007,6,6
10117,202202,전북,6450000,돼지,LBI1000006,200603,403470
10116,202202,충남,6440000,닭,LBI1000088,12324321,24754685
10115,202202,충남,6440000,산양,LBI1000087,987,2054
10114,202202,충남,6440000,소,LBI1000080,3983,15168
10113,202202,충남,6440000,말,LBI1000007,14,19
10127,202202,전남,6460000,닭,LBI1000088,3495738,7494335
10126,202202,전남,6460000,산양,LBI1000087,2605,5559
10142,202202,제주,6500000,닭,LBI1000088,531457,1057682
10128,202202,경북,6470000,돼지,LBI1000006,84152,185027
10129,202202,경북,6470000,말,LBI1000007,4,6
10130,202202,경북,6470000,소,LBI1000080,4917,17955
10131,202202,경북,6470000,산양,LBI1000087,361,721
10132,202202,경북,6470000,닭,LBI1000088,5860355,11946541
10133,202202,경남,6480000,돼지,LBI1000006,166795,347003
10134,202202,경남,6480000,오리,LBI1000016,105102,205355
10135,202202,경남,6480000,소,LBI1000080,7011,24205
10136,202202,경남,6480000,산양,LBI1000087,771,1778
10137,202202,경남,6480000,닭,LBI1000088,441956,885665
10138,202202,제주,6500000,돼지,LBI1000006,69921,150342
10139,202202,제주,6500000,말,LBI1000007,75,165
10140,202202,제주,6500000,소,LBI1000080,257,933
10141,202202,제주,6500000,산양,LBI1000087,28,63
10110,202202,충북,6430000,산양,LBI1000087,1673,3529
10111,202202,충북,6430000,닭,LBI1000088,6928165,15169304
10125,202202,전남,6460000,소,LBI1000080,4675,13703
10109,202202,충북,6430000,면양,LBI1000086,14,30
10093,202202,경기,6410000,메추리,LBI1000021,47958,108766
10108,202202,충북,6430000,소,LBI1000080,10762,30658
10080,202202,대구,6270000,소,LBI1000080,1171,3557
10081,202202,대구,6270000,닭,LBI1000088,1495129,3152088
10082,202202,인천,6280000,돼지,LBI1000006,28915,57622
10083,202202,인천,6280000,소,LBI1000080,543,2605
10084,202202,인천,6280000,닭,LBI1000088,529237,1104104
10085,202202,광주,6290000,돼지,LBI1000006,34429,73288
10086,202202,광주,6290000,소,LBI1000080,887,2355
10087,202202,대전,6300000,돼지,LBI1000006,17819,33294
10088,202202,대전,6300000,소,LBI1000080,282,1366
10089,202202,울산,6310000,돼지,LBI1000006,11717,24863
10090,202202,울산,6310000,소,LBI1000080,522,1876
10091,202202,경기,6410000,돼지,LBI1000006,197056,411697
10092,202202,경기,6410000,말,LBI1000007,14,21
10079,202202,대구,6270000,돼지,LBI1000006,36047,74484
10094,202202,경기,6410000,당나귀,LBI1000023,2,4
10102,202202,강원,6420000,면양,LBI1000086,17,17
10095,202202,경기,6410000,소,LBI1000080,14157,43347
10106,202202,충북,6430000,오리,LBI1000016,420544,889800
10105,202202,충북,6430000,돼지,LBI1000006,215758,443409
10104,202202,강원,6420000,닭,LBI1000088,1690907,3494157
10103,202202,강원,6420000,산양,LBI1000087,543,1073
10107,202202,충북,6430000,사슴,LBI1000017,6,8
10101,202202,강원,6420000,소,LBI1000080,1581,5996
10099,202202,강원,6420000,말,LBI1000007,2,2
10098,202202,강원,6420000,돼지,LBI1000006,46226,94060
10097,202202,경기,6410000,닭,LBI1000088,8796228,18286824
10096,202202,경기,6410000,산양,LBI1000087,281,884
10100,202202,강원,6420000,사슴,LBI1000017,1,1
10181,202201,전북,6450000,오리,LBI1000016,449435,449435
10186,202201,전남,6460000,오리,LBI1000016,2461557,2461557
10185,202201,전남,6460000,돼지,LBI1000006,138597,138597
10184,202201,전북,6450000,닭,LBI1000088,32317468,32317468
10183,202201,전북,6450000,소,LBI1000080,2160,2160
10182,202201,전북,6450000,토끼,LBI1000018,750,750
10179,202201,충남,6440000,닭,LBI1000088,12430364,12430364
10180,202201,전북,6450000,돼지,LBI1000006,202867,202867
10178,202201,충남,6440000,산양,LBI1000087,1067,1067
10177,202201,충남,6440000,소,LBI1000080,11185,11185
10176,202201,충남,6440000,말,LBI1000007,5,5
10187,202201,전남,6460000,소,LBI1000080,9028,9028
10174,202201,충북,6430000,닭,LBI1000088,8241139,8241139
10175,202201,충남,6440000,돼지,LBI1000006,249614,249614
10193,202201,경북,6470000,산양,LBI1000087,360,360
10188,202201,전남,6460000,산양,LBI1000087,2954,2954
10189,202201,전남,6460000,닭,LBI1000088,3998597,3998597
10190,202201,경북,6470000,돼지,LBI1000006,100875,100875
10191,202201,경북,6470000,말,LBI1000007,2,2
10192,202201,경북,6470000,소,LBI1000080,13038,13038
10194,202201,경북,6470000,닭,LBI1000088,6086186,6086186
10195,202201,경남,6480000,돼지,LBI1000006,180208,180208
10196,202201,경남,6480000,오리,LBI1000016,100253,100253
10197,202201,경남,6480000,소,LBI1000080,17194,17194
10198,202201,경남,6480000,산양,LBI1000087,1007,1007
10199,202201,경남,6480000,닭,LBI1000088,443709,443709
10200,202201,제주,6500000,돼지,LBI1000006,80421,80421
10201,202201,제주,6500000,말,LBI1000007,90,90
10172,202201,충북,6430000,면양,LBI1000086,16,16
10173,202201,충북,6430000,산양,LBI1000087,1856,1856
10157,202201,경기,6410000,말,LBI1000007,7,7
10171,202201,충북,6430000,소,LBI1000080,19896,19896
10170,202201,충북,6430000,사슴,LBI1000017,2,2
10204,202201,제주,6500000,닭,LBI1000088,526225,526225
10143,202201,대구,6270000,돼지,LBI1000006,38437,38437
10144,202201,대구,6270000,소,LBI1000080,2386,2386
10145,202201,대구,6270000,닭,LBI1000088,1656959,1656959
10146,202201,인천,6280000,돼지,LBI1000006,28707,28707
10147,202201,인천,6280000,소,LBI1000080,2062,2062
10148,202201,인천,6280000,닭,LBI1000088,574867,574867
10149,202201,광주,6290000,돼지,LBI1000006,38859,38859
10150,202201,광주,6290000,소,LBI1000080,1468,1468
10151,202201,대전,6300000,돼지,LBI1000006,15475,15475
10152,202201,대전,6300000,소,LBI1000080,1084,1084
10153,202201,울산,6310000,돼지,LBI1000006,13146,13146
10154,202201,울산,6310000,소,LBI1000080,1354,1354
10155,202201,울산,6310000,산양,LBI1000087,14,14
10156,202201,경기,6410000,돼지,LBI1000006,214641,214641
10158,202201,경기,6410000,메추리,LBI1000021,60808,60808
10159,202201,경기,6410000,꿩,LBI1000022,55,55
10160,202201,경기,6410000,당나귀,LBI1000023,2,2
10161,202201,경기,6410000,소,LBI1000080,29190,29190
10162,202201,경기,6410000,산양,LBI1000087,603,603
10163,202201,경기,6410000,닭,LBI1000088,9490596,9490596
10164,202201,강원,6420000,돼지,LBI1000006,47834,47834
10165,202201,강원,6420000,소,LBI1000080,4415,4415
10166,202201,강원,6420000,산양,LBI1000087,530,530
10167,202201,강원,6420000,닭,LBI1000088,1803250,1803250
10168,202201,충북,6430000,돼지,LBI1000006,227651,227651
10169,202201,충북,6430000,오리,LBI1000016,469256,469256
10203,202201,제주,6500000,산양,LBI1000087,35,35
10202,202201,제주,6500000,소,LBI1000080,676,676
10214,202112,대전,6300000,돼지,LBI1000006,18714,232515
10208,202112,인천,6280000,돼지,LBI1000006,33643,344349
10210,202112,인천,6280000,소,LBI1000080,1524,16172
10211,202112,인천,6280000,닭,LBI1000088,458684,5286168
10243,202112,충남,6440000,닭,LBI1000088,14435139,152356951
10244,202112,전북,6450000,돼지,LBI1000006,224654,2331465
10245,202112,전북,6450000,오리,LBI1000016,556000,6544795
10246,202112,전북,6450000,토끼,LBI1000018,1733,14272
10247,202112,전북,6450000,소,LBI1000080,1599,17619
10248,202112,전북,6450000,닭,LBI1000088,36705344,438108468
10249,202112,전남,6460000,돼지,LBI1000006,145332,1571972
10250,202112,전남,6460000,오리,LBI1000016,3494530,34213216
10251,202112,전남,6460000,소,LBI1000080,6627,75760
10252,202112,전남,6460000,산양,LBI1000087,3489,47044
10254,202112,경북,6470000,돼지,LBI1000006,113822,1298780
10255,202112,경북,6470000,말,LBI1000007,6,43
10256,202112,경북,6470000,소,LBI1000080,10095,101841
10257,202112,경북,6470000,산양,LBI1000087,580,6067
10258,202112,경북,6470000,닭,LBI1000088,7125950,83955660
10259,202112,경남,6480000,돼지,LBI1000006,200769,2083468
10260,202112,경남,6480000,오리,LBI1000016,180580,1529463
10261,202112,경남,6480000,소,LBI1000080,12201,131167
10262,202112,경남,6480000,산양,LBI1000087,1209,16141
10263,202112,경남,6480000,닭,LBI1000088,401013,4741701
10264,202112,제주,6500000,돼지,LBI1000006,81645,878749
10265,202112,제주,6500000,말,LBI1000007,95,990
10266,202112,제주,6500000,소,LBI1000080,479,5247
10267,202112,제주,6500000,산양,LBI1000087,47,569
10268,202112,제주,6500000,닭,LBI1000088,670616,8353107
10213,202112,광주,6290000,소,LBI1000080,1275,14081
10212,202112,광주,6290000,돼지,LBI1000006,45059,417350
10209,202112,인천,6280000,꿩,LBI1000022,240,6250
10253,202112,전남,6460000,닭,LBI1000088,4700216,55315885
10207,202112,대구,6270000,닭,LBI1000088,1718616,19983297
10229,202112,강원,6420000,당나귀,LBI1000023,1,2
10215,202112,대전,6300000,소,LBI1000080,748,10555
10206,202112,대구,6270000,소,LBI1000080,1804,20911
10217,202112,울산,6310000,소,LBI1000080,920,10384
10218,202112,울산,6310000,산양,LBI1000087,50,138
10219,202112,경기,6410000,돼지,LBI1000006,239703,2543920
10220,202112,경기,6410000,말,LBI1000007,1,71
10221,202112,경기,6410000,메추리,LBI1000021,37388,488538
10222,202112,경기,6410000,당나귀,LBI1000023,3,37
10223,202112,경기,6410000,소,LBI1000080,24635,245308
10224,202112,경기,6410000,산양,LBI1000087,712,9061
10225,202112,경기,6410000,닭,LBI1000088,11501052,119457689
10226,202112,강원,6420000,돼지,LBI1000006,54023,603595
10227,202112,강원,6420000,말,LBI1000007,4,36
10228,202112,강원,6420000,사슴,LBI1000017,9,22
10216,202112,울산,6310000,돼지,LBI1000006,12681,119300
10230,202112,강원,6420000,소,LBI1000080,3239,32984
10237,202112,충북,6430000,산양,LBI1000087,2690,39767
10205,202112,대구,6270000,돼지,LBI1000006,41765,435900
10231,202112,강원,6420000,산양,LBI1000087,828,12385
10241,202112,충남,6440000,소,LBI1000080,8464,75722
10240,202112,충남,6440000,말,LBI1000007,13,101
10239,202112,충남,6440000,돼지,LBI1000006,270899,2901504
10238,202112,충북,6430000,닭,LBI1000088,10182474,125187316
10242,202112,충남,6440000,산양,LBI1000087,1217,16995
10236,202112,충북,6430000,면양,LBI1000086,3,3
10234,202112,충북,6430000,오리,LBI1000016,653772,6926839
10233,202112,충북,6430000,돼지,LBI1000006,239991,2619900
10232,202112,강원,6420000,닭,LBI1000088,2251625,22896387
10235,202112,충북,6430000,소,LBI1000080,17531,176110
10311,202111,전북,6450000,타조,LBI1000024,5,10
10304,202111,충남,6440000,말,LBI1000007,20,88
10315,202111,전남,6460000,오리,LBI1000016,3445417,30718686
10314,202111,전남,6460000,돼지,LBI1000006,145715,1426640
10313,202111,전북,6450000,닭,LBI1000088,35919189,401403124
10312,202111,전북,6450000,소,LBI1000080,1344,16020
10309,202111,전북,6450000,오리,LBI1000016,671505,5988795
10310,202111,전북,6450000,토끼,LBI1000018,260,12539
10308,202111,전북,6450000,돼지,LBI1000006,213813,2106811
10307,202111,충남,6440000,닭,LBI1000088,13608140,137921812
10306,202111,충남,6440000,산양,LBI1000087,1506,15778
10317,202111,전남,6460000,산양,LBI1000087,3604,43555
10305,202111,충남,6440000,소,LBI1000080,6429,67258
10316,202111,전남,6460000,소,LBI1000080,6122,69133
10324,202111,경남,6480000,돼지,LBI1000006,191717,1882699
10318,202111,전남,6460000,닭,LBI1000088,4133299,50615669
10319,202111,경북,6470000,돼지,LBI1000006,114969,1184958
10320,202111,경북,6470000,말,LBI1000007,4,37
10321,202111,경북,6470000,소,LBI1000080,8413,91746
10322,202111,경북,6470000,산양,LBI1000087,618,5487
10323,202111,경북,6470000,닭,LBI1000088,6543566,76829710
10325,202111,경남,6480000,오리,LBI1000016,157591,1348883
10326,202111,경남,6480000,소,LBI1000080,10849,118966
10327,202111,경남,6480000,산양,LBI1000087,1463,14932
10328,202111,경남,6480000,닭,LBI1000088,316032,4340688
10329,202111,제주,6500000,돼지,LBI1000006,79000,797104
10330,202111,제주,6500000,말,LBI1000007,122,895
10331,202111,제주,6500000,소,LBI1000080,482,4768
10332,202111,제주,6500000,산양,LBI1000087,41,522
10302,202111,충북,6430000,닭,LBI1000088,10689719,115004842
10303,202111,충남,6440000,돼지,LBI1000006,275352,2630605
10270,202111,대구,6270000,소,LBI1000080,1566,19107
10301,202111,충북,6430000,산양,LBI1000087,2694,37077
10300,202111,충북,6430000,소,LBI1000080,15356,158579
10269,202111,대구,6270000,돼지,LBI1000006,41884,394135
10271,202111,대구,6270000,닭,LBI1000088,1845504,18264681
10272,202111,인천,6280000,돼지,LBI1000006,34620,310706
10273,202111,인천,6280000,꿩,LBI1000022,4060,6010
10274,202111,인천,6280000,소,LBI1000080,1272,14648
10275,202111,인천,6280000,닭,LBI1000088,385250,4827484
10276,202111,광주,6290000,돼지,LBI1000006,43696,372291
10277,202111,광주,6290000,소,LBI1000080,1239,12806
10278,202111,대전,6300000,돼지,LBI1000006,19499,213801
10279,202111,대전,6300000,소,LBI1000080,659,9807
10280,202111,울산,6310000,돼지,LBI1000006,12681,106619
10281,202111,울산,6310000,소,LBI1000080,864,9464
10282,202111,울산,6310000,면양,LBI1000086,3,43
10283,202111,울산,6310000,산양,LBI1000087,58,88
10284,202111,경기,6410000,돼지,LBI1000006,241015,2304217
10285,202111,경기,6410000,말,LBI1000007,6,70
10286,202111,경기,6410000,메추리,LBI1000021,22320,451150
10288,202111,경기,6410000,소,LBI1000080,21033,220673
10289,202111,경기,6410000,산양,LBI1000087,923,8349
10290,202111,경기,6410000,닭,LBI1000088,10486583,107956637
10291,202111,강원,6420000,돼지,LBI1000006,57486,549572
10292,202111,강원,6420000,말,LBI1000007,4,32
10293,202111,강원,6420000,사슴,LBI1000017,3,13
10294,202111,강원,6420000,소,LBI1000080,2700,29745
10295,202111,강원,6420000,산양,LBI1000087,954,11557
10296,202111,강원,6420000,닭,LBI1000088,2280339,20644762
10297,202111,충북,6430000,돼지,LBI1000006,249089,2379909
10298,202111,충북,6430000,오리,LBI1000016,606688,6273067
10299,202111,충북,6430000,사슴,LBI1000017,7,67
10333,202111,제주,6500000,닭,LBI1000088,611047,7682491
10287,202111,경기,6410000,당나귀,LBI1000023,5,34
10368,202110,충남,6440000,말,LBI1000007,5,68
10335,202110,대구,6270000,소,LBI1000080,1452,17541
10370,202110,충남,6440000,산양,LBI1000087,1442,14272
10371,202110,충남,6440000,닭,LBI1000088,12756312,124313672
10372,202110,전북,6450000,돼지,LBI1000006,196825,1892998
10373,202110,전북,6450000,말,LBI1000007,5,26
10374,202110,전북,6450000,오리,LBI1000016,655885,5317290
10375,202110,전북,6450000,토끼,LBI1000018,480,12279
10376,202110,전북,6450000,소,LBI1000080,1216,14676
10377,202110,전북,6450000,닭,LBI1000088,34136210,365483935
10378,202110,전남,6460000,돼지,LBI1000006,127214,1280925
10379,202110,전남,6460000,오리,LBI1000016,3154451,27273269
10380,202110,전남,6460000,소,LBI1000080,6204,63011
10381,202110,전남,6460000,산양,LBI1000087,3562,39951
10382,202110,전남,6460000,닭,LBI1000088,3921826,46482370
10383,202110,경북,6470000,돼지,LBI1000006,107868,1069989
10384,202110,경북,6470000,말,LBI1000007,4,33
10385,202110,경북,6470000,소,LBI1000080,7306,83333
10386,202110,경북,6470000,산양,LBI1000087,607,4869
10387,202110,경북,6470000,닭,LBI1000088,6235365,70286144
10388,202110,경남,6480000,돼지,LBI1000006,171172,1690982
10389,202110,경남,6480000,오리,LBI1000016,150576,1191292
10390,202110,경남,6480000,소,LBI1000080,9193,108117
10391,202110,경남,6480000,산양,LBI1000087,1327,13469
10392,202110,경남,6480000,닭,LBI1000088,490871,4024656
10393,202110,제주,6500000,돼지,LBI1000006,71876,718104
10394,202110,제주,6500000,말,LBI1000007,101,773
10395,202110,제주,6500000,소,LBI1000080,404,4286
10396,202110,제주,6500000,산양,LBI1000087,47,481
10397,202110,제주,6500000,닭,LBI1000088,575075,7071444
10367,202110,충남,6440000,돼지,LBI1000006,251178,2355253
10334,202110,대구,6270000,돼지,LBI1000006,36779,352251
10355,202110,강원,6420000,돼지,LBI1000006,49017,492086
10336,202110,대구,6270000,닭,LBI1000088,1610579,16419177
10352,202110,경기,6410000,소,LBI1000080,19537,199640
10366,202110,충북,6430000,닭,LBI1000088,10105554,104315123
10365,202110,충북,6430000,산양,LBI1000087,3119,34383
10364,202110,충북,6430000,소,LBI1000080,12340,143223
10363,202110,충북,6430000,사슴,LBI1000017,5,60
10362,202110,충북,6430000,오리,LBI1000016,654246,5666379
10361,202110,충북,6430000,돼지,LBI1000006,212602,2130820
10360,202110,강원,6420000,닭,LBI1000088,1716287,18364423
10359,202110,강원,6420000,산양,LBI1000087,1084,10603
10358,202110,강원,6420000,소,LBI1000080,2335,27045
10357,202110,강원,6420000,사슴,LBI1000017,2,10
10356,202110,강원,6420000,말,LBI1000007,3,28
10369,202110,충남,6440000,소,LBI1000080,6233,60829
10354,202110,경기,6410000,닭,LBI1000088,9393106,97470054
10353,202110,경기,6410000,산양,LBI1000087,740,7426
10337,202110,인천,6280000,돼지,LBI1000006,28622,276086
10351,202110,경기,6410000,당나귀,LBI1000023,2,29
10343,202110,대전,6300000,돼지,LBI1000006,17524,194302
10350,202110,경기,6410000,메추리,LBI1000021,81203,428830
10338,202110,인천,6280000,꿩,LBI1000022,1950,1950
10339,202110,인천,6280000,소,LBI1000080,1169,13376
10340,202110,인천,6280000,닭,LBI1000088,286332,4442234
10342,202110,광주,6290000,소,LBI1000080,1185,11567
10341,202110,광주,6290000,돼지,LBI1000006,39121,328595
10344,202110,대전,6300000,소,LBI1000080,684,9148
10345,202110,울산,6310000,돼지,LBI1000006,11188,93938
10346,202110,울산,6310000,소,LBI1000080,722,8600
10347,202110,경기,6410000,돼지,LBI1000006,219347,2063202
10348,202110,경기,6410000,말,LBI1000007,18,64
10349,202110,경기,6410000,칠면조,LBI1000019,131,131
10438,202109,전북,6450000,소,LBI1000080,1893,13460
10443,202109,전남,6460000,산양,LBI1000087,3574,36389
10442,202109,전남,6460000,소,LBI1000080,7227,56807
10441,202109,전남,6460000,오리,LBI1000016,3253662,24118818
10440,202109,전남,6460000,돼지,LBI1000006,128605,1153711
10439,202109,전북,6450000,닭,LBI1000088,34155798,331347725
10432,202109,충남,6440000,소,LBI1000080,8283,54596
10437,202109,전북,6450000,토끼,LBI1000018,550,11799
10436,202109,전북,6450000,오리,LBI1000016,734176,4661405
10435,202109,전북,6450000,돼지,LBI1000006,185548,1696173
10434,202109,충남,6440000,닭,LBI1000088,12683416,111557360
10433,202109,충남,6440000,산양,LBI1000087,1509,12830
10445,202109,경북,6470000,돼지,LBI1000006,104677,962121
10431,202109,충남,6440000,당나귀,LBI1000023,1,5
10444,202109,전남,6460000,닭,LBI1000088,4058654,42560544
10451,202109,경남,6480000,오리,LBI1000016,150601,1040716
10446,202109,경북,6470000,말,LBI1000007,4,29
10447,202109,경북,6470000,소,LBI1000080,10654,76027
10448,202109,경북,6470000,산양,LBI1000087,409,4262
10449,202109,경북,6470000,닭,LBI1000088,6525905,64050779
10450,202109,경남,6480000,돼지,LBI1000006,166926,1519810
10452,202109,경남,6480000,소,LBI1000080,13325,98924
10453,202109,경남,6480000,산양,LBI1000087,1351,12142
10454,202109,경남,6480000,닭,LBI1000088,482569,3533785
10455,202109,제주,6500000,돼지,LBI1000006,74199,646228
10456,202109,제주,6500000,말,LBI1000007,64,672
10457,202109,제주,6500000,오리,LBI1000016,4733,66004
10458,202109,제주,6500000,소,LBI1000080,494,3882
10430,202109,충남,6440000,말,LBI1000007,10,63
10460,202109,제주,6500000,닭,LBI1000088,569018,6496369
10459,202109,제주,6500000,산양,LBI1000087,37,434
10429,202109,충남,6440000,돼지,LBI1000006,246530,2104075
10428,202109,충북,6430000,닭,LBI1000088,9144323,94209569
10411,202109,경기,6410000,말,LBI1000007,5,46
10427,202109,충북,6430000,산양,LBI1000087,2880,31264
10399,202109,대구,6270000,소,LBI1000080,2212,16089
10400,202109,대구,6270000,닭,LBI1000088,1625035,14808598
10401,202109,인천,6280000,돼지,LBI1000006,25700,247464
10402,202109,인천,6280000,소,LBI1000080,1522,12207
10403,202109,인천,6280000,닭,LBI1000088,269784,4155902
10404,202109,광주,6290000,돼지,LBI1000006,33770,289474
10405,202109,광주,6290000,소,LBI1000080,1310,10382
10406,202109,대전,6300000,돼지,LBI1000006,17398,176778
10407,202109,대전,6300000,소,LBI1000080,1050,8464
10408,202109,울산,6310000,돼지,LBI1000006,10419,82750
10409,202109,울산,6310000,소,LBI1000080,1278,7878
10410,202109,경기,6410000,돼지,LBI1000006,193260,1843855
10398,202109,대구,6270000,돼지,LBI1000006,34890,315472
10413,202109,경기,6410000,당나귀,LBI1000023,4,27
10421,202109,강원,6420000,산양,LBI1000087,1031,9519
10414,202109,경기,6410000,소,LBI1000080,24067,180103
10426,202109,충북,6430000,소,LBI1000080,16235,130883
10425,202109,충북,6430000,사슴,LBI1000017,9,55
10424,202109,충북,6430000,오리,LBI1000016,640524,5012133
10423,202109,충북,6430000,돼지,LBI1000006,218368,1918218
10422,202109,강원,6420000,닭,LBI1000088,2039111,16648136
10412,202109,경기,6410000,메추리,LBI1000021,24011,347627
10420,202109,강원,6420000,소,LBI1000080,3224,24710
10418,202109,강원,6420000,말,LBI1000007,1,25
10417,202109,강원,6420000,돼지,LBI1000006,48968,443069
10416,202109,경기,6410000,닭,LBI1000088,9472697,88076948
10419,202109,강원,6420000,사슴,LBI1000017,1,8
10415,202109,경기,6410000,산양,LBI1000087,887,6686
10518,202108,제주,6500000,돼지,LBI1000006,67945,572029
10514,202108,경남,6480000,오리,LBI1000016,149524,890115
10515,202108,경남,6480000,소,LBI1000080,12815,85599
10516,202108,경남,6480000,산양,LBI1000087,1568,10791
10517,202108,경남,6480000,닭,LBI1000088,368052,3051216
10520,202108,제주,6500000,오리,LBI1000016,8586,61271
10519,202108,제주,6500000,말,LBI1000007,80,608
10512,202108,경북,6470000,닭,LBI1000088,7972547,57524874
10521,202108,제주,6500000,사슴,LBI1000017,2,3
10522,202108,제주,6500000,소,LBI1000080,548,3388
10523,202108,제주,6500000,산양,LBI1000087,42,397
10524,202108,제주,6500000,닭,LBI1000088,681956,5927351
10513,202108,경남,6480000,돼지,LBI1000006,162167,1352884
10509,202108,경북,6470000,말,LBI1000007,4,25
10511,202108,경북,6470000,산양,LBI1000087,629,3853
10510,202108,경북,6470000,소,LBI1000080,10706,65373
10508,202108,경북,6470000,돼지,LBI1000006,104258,857444
10507,202108,전남,6460000,닭,LBI1000088,4856018,38501890
10506,202108,전남,6460000,산양,LBI1000087,4522,32815
10505,202108,전남,6460000,소,LBI1000080,7060,49580
10503,202108,전남,6460000,돼지,LBI1000006,123300,1025106
10502,202108,전북,6450000,닭,LBI1000088,38898864,297191927
10501,202108,전북,6450000,소,LBI1000080,1640,11567
10500,202108,전북,6450000,토끼,LBI1000018,507,11249
10496,202108,충남,6440000,닭,LBI1000088,12906656,98873944
10499,202108,전북,6450000,오리,LBI1000016,708314,3927229
10498,202108,전북,6450000,말,LBI1000007,1,21
10504,202108,전남,6460000,오리,LBI1000016,3280224,20865156
10497,202108,전북,6450000,돼지,LBI1000006,177442,1510625
10494,202108,충남,6440000,소,LBI1000080,7826,46313
10478,202108,경기,6410000,산양,LBI1000087,804,5799
10480,202108,강원,6420000,돼지,LBI1000006,46633,394101
10481,202108,강원,6420000,말,LBI1000007,3,24
10482,202108,강원,6420000,사슴,LBI1000017,3,7
10483,202108,강원,6420000,소,LBI1000080,4032,21486
10484,202108,강원,6420000,산양,LBI1000087,1068,8488
10486,202108,충북,6430000,돼지,LBI1000006,197922,1699850
10487,202108,충북,6430000,오리,LBI1000016,735981,4371609
10488,202108,충북,6430000,사슴,LBI1000017,5,46
10489,202108,충북,6430000,소,LBI1000080,18038,114648
10490,202108,충북,6430000,산양,LBI1000087,3706,28384
10491,202108,충북,6430000,닭,LBI1000088,10492361,85065246
10492,202108,충남,6440000,돼지,LBI1000006,230709,1857545
10493,202108,충남,6440000,말,LBI1000007,10,53
10461,202108,대구,6270000,돼지,LBI1000006,34516,280582
10495,202108,충남,6440000,산양,LBI1000087,1797,11321
10479,202108,경기,6410000,닭,LBI1000088,9829782,78604251
10485,202108,강원,6420000,닭,LBI1000088,1807466,14609025
10477,202108,경기,6410000,소,LBI1000080,23966,156036
10469,202108,대전,6300000,돼지,LBI1000006,17803,159380
10476,202108,경기,6410000,당나귀,LBI1000023,4,23
10463,202108,대구,6270000,닭,LBI1000088,1534313,13183563
10464,202108,인천,6280000,돼지,LBI1000006,22703,221764
10465,202108,인천,6280000,소,LBI1000080,1695,10685
10466,202108,인천,6280000,닭,LBI1000088,544244,3886118
10467,202108,광주,6290000,돼지,LBI1000006,30022,255704
10468,202108,광주,6290000,소,LBI1000080,1190,9072
10462,202108,대구,6270000,소,LBI1000080,1901,13877
10470,202108,대전,6300000,소,LBI1000080,992,7414
10472,202108,울산,6310000,소,LBI1000080,839,6600
10473,202108,경기,6410000,돼지,LBI1000006,190972,1650595
10474,202108,경기,6410000,말,LBI1000007,3,41
10475,202108,경기,6410000,메추리,LBI1000021,21454,323616
10471,202108,울산,6310000,돼지,LBI1000006,9710,72331
10568,202107,전북,6450000,타조,LBI1000024,1,5
10574,202107,전남,6460000,산양,LBI1000087,4786,28293
10573,202107,전남,6460000,소,LBI1000080,5854,42520
10572,202107,전남,6460000,오리,LBI1000016,2976355,17584932
10571,202107,전남,6460000,돼지,LBI1000006,121865,901806
10570,202107,전북,6450000,닭,LBI1000088,46797412,258293063
10569,202107,전북,6450000,소,LBI1000080,1329,9927
10565,202107,전북,6450000,말,LBI1000007,12,20
10567,202107,전북,6450000,토끼,LBI1000018,2181,10742
10566,202107,전북,6450000,오리,LBI1000016,627525,3218915
10564,202107,전북,6450000,돼지,LBI1000006,160784,1333183
10563,202107,충남,6440000,닭,LBI1000088,13791043,85967288
10562,202107,충남,6440000,산양,LBI1000087,1868,9524
10561,202107,충남,6440000,소,LBI1000080,4881,38487
10576,202107,경북,6470000,돼지,LBI1000006,98086,753186
10575,202107,전남,6460000,닭,LBI1000088,7017088,33645872
10556,202107,충북,6430000,소,LBI1000080,12584,96610
10577,202107,경북,6470000,말,LBI1000007,3,21
10586,202107,제주,6500000,돼지,LBI1000006,66463,504084
10559,202107,충남,6440000,돼지,LBI1000006,211260,1626836
10591,202107,제주,6500000,닭,LBI1000088,869372,5245395
10590,202107,제주,6500000,산양,LBI1000087,47,355
10589,202107,제주,6500000,소,LBI1000080,348,2840
10588,202107,제주,6500000,오리,LBI1000016,7575,52685
10587,202107,제주,6500000,말,LBI1000007,72,528
10585,202107,경남,6480000,닭,LBI1000088,201513,2683164
10578,202107,경북,6470000,소,LBI1000080,6911,54667
10584,202107,경남,6480000,산양,LBI1000087,1487,9223
10583,202107,경남,6480000,소,LBI1000080,8930,72784
10582,202107,경남,6480000,오리,LBI1000016,165010,740591
10581,202107,경남,6480000,돼지,LBI1000006,153083,1190717
10580,202107,경북,6470000,닭,LBI1000088,10497797,49552327
10579,202107,경북,6470000,산양,LBI1000087,609,3224
10560,202107,충남,6440000,말,LBI1000007,6,43
10548,202107,강원,6420000,사슴,LBI1000017,3,4
10558,202107,충북,6430000,닭,LBI1000088,11626760,74572885
10532,202107,광주,6290000,소,LBI1000080,1167,7882
10538,202107,울산,6310000,산양,LBI1000087,8,30
10537,202107,울산,6310000,면양,LBI1000086,25,40
10536,202107,울산,6310000,소,LBI1000080,741,5761
10535,202107,울산,6310000,돼지,LBI1000006,9711,62621
10534,202107,대전,6300000,소,LBI1000080,791,6422
10557,202107,충북,6430000,산양,LBI1000087,4200,24678
10531,202107,광주,6290000,돼지,LBI1000006,28305,225682
10540,202107,경기,6410000,말,LBI1000007,4,38
10530,202107,인천,6280000,닭,LBI1000088,1071699,3341874
10529,202107,인천,6280000,소,LBI1000080,1182,8990
10528,202107,인천,6280000,돼지,LBI1000006,24738,199061
10527,202107,대구,6270000,닭,LBI1000088,2008316,11649250
10526,202107,대구,6270000,소,LBI1000080,1494,11976
10525,202107,대구,6270000,돼지,LBI1000006,32738,246066
10539,202107,경기,6410000,돼지,LBI1000006,184633,1459623
10533,202107,대전,6300000,돼지,LBI1000006,17918,141577
10541,202107,경기,6410000,메추리,LBI1000021,79042,302162
10549,202107,강원,6420000,소,LBI1000080,2214,17454
10542,202107,경기,6410000,당나귀,LBI1000023,4,19
10555,202107,충북,6430000,사슴,LBI1000017,10,41
10554,202107,충북,6430000,오리,LBI1000016,754064,3635628
10553,202107,충북,6430000,돼지,LBI1000006,191987,1501928
10552,202107,강원,6420000,닭,LBI1000088,1721149,12801559
10550,202107,강원,6420000,면양,LBI1000086,2,7
10551,202107,강원,6420000,산양,LBI1000087,1256,7420
10547,202107,강원,6420000,말,LBI1000007,4,21
10546,202107,강원,6420000,돼지,LBI1000006,46172,347468
10545,202107,경기,6410000,닭,LBI1000088,10044663,68774469
10544,202107,경기,6410000,산양,LBI1000087,749,4995
10543,202107,경기,6410000,소,LBI1000080,15186,132070
9466,202106,전남,6460000,닭,LBI1000088,5842953,26628784
9460,202106,전북,6450000,소,LBI1000080,1292,8598
9465,202106,전남,6460000,산양,LBI1000087,4795,23507
9464,202106,전남,6460000,소,LBI1000080,6265,36666
9463,202106,전남,6460000,오리,LBI1000016,3244499,14608577
9462,202106,전남,6460000,돼지,LBI1000006,128226,779941
9461,202106,전북,6450000,닭,LBI1000088,38772996,211495651
10626,202106,충남,6440000,말,LBI1000007,13,37
9459,202106,전북,6450000,토끼,LBI1000018,3447,8561
9458,202106,전북,6450000,오리,LBI1000016,624165,2591390
10630,202106,충남,6440000,닭,LBI1000088,13865991,72176245
10629,202106,충남,6440000,산양,LBI1000087,1524,7656
10628,202106,충남,6440000,소,LBI1000080,5175,33606
10627,202106,충남,6440000,당나귀,LBI1000023,1,4
9468,202106,경북,6470000,말,LBI1000007,3,18
9467,202106,경북,6470000,돼지,LBI1000006,104835,655100
10624,202106,충북,6430000,닭,LBI1000088,11061858,62946125
9469,202106,경북,6470000,소,LBI1000080,6868,47756
9470,202106,경북,6470000,산양,LBI1000087,418,2615
9471,202106,경북,6470000,닭,LBI1000088,8176825,39054530
9472,202106,경남,6480000,돼지,LBI1000006,161479,1037634
9473,202106,경남,6480000,말,LBI1000007,1,2
9474,202106,경남,6480000,오리,LBI1000016,154887,575581
9475,202106,경남,6480000,소,LBI1000080,9772,63854
9476,202106,경남,6480000,산양,LBI1000087,1241,7736
9477,202106,경남,6480000,닭,LBI1000088,430565,2481651
9478,202106,제주,6500000,돼지,LBI1000006,70359,437621
9479,202106,제주,6500000,말,LBI1000007,92,456
9480,202106,제주,6500000,오리,LBI1000016,9365,45110
9481,202106,제주,6500000,소,LBI1000080,370,2492
9482,202106,제주,6500000,산양,LBI1000087,32,308
9483,202106,제주,6500000,닭,LBI1000088,754797,4376023
10625,202106,충남,6440000,돼지,LBI1000006,224738,1415576
10631,202106,전북,6450000,돼지,LBI1000006,177975,1172399
10623,202106,충북,6430000,산양,LBI1000087,3988,20478
10602,202106,울산,6310000,돼지,LBI1000006,8979,52910
10612,202106,강원,6420000,돼지,LBI1000006,48590,301296
10611,202106,경기,6410000,닭,LBI1000088,10060919,58729806
10610,202106,경기,6410000,산양,LBI1000087,705,4246
10609,202106,경기,6410000,소,LBI1000080,18321,116884
10608,202106,경기,6410000,당나귀,LBI1000023,3,15
10607,202106,경기,6410000,메추리,LBI1000021,52126,223120
10606,202106,경기,6410000,말,LBI1000007,5,34
10605,202106,경기,6410000,돼지,LBI1000006,204156,1274990
10604,202106,울산,6310000,면양,LBI1000086,15,15
10601,202106,대전,6300000,소,LBI1000080,881,5631
10614,202106,강원,6420000,당나귀,LBI1000023,1,1
10600,202106,대전,6300000,돼지,LBI1000006,18054,123659
10599,202106,광주,6290000,소,LBI1000080,1143,6715
10598,202106,광주,6290000,돼지,LBI1000006,29614,197377
10597,202106,인천,6280000,닭,LBI1000088,609512,2270175
10596,202106,인천,6280000,소,LBI1000080,1305,7808
10595,202106,인천,6280000,돼지,LBI1000006,27541,174323
10594,202106,대구,6270000,닭,LBI1000088,1742330,9640934
10593,202106,대구,6270000,소,LBI1000080,1700,10482
10592,202106,대구,6270000,돼지,LBI1000006,34418,213328
10613,202106,강원,6420000,말,LBI1000007,1,17
10603,202106,울산,6310000,소,LBI1000080,717,5020
10615,202106,강원,6420000,소,LBI1000080,2181,15240
10617,202106,강원,6420000,산양,LBI1000087,1084,6164
10616,202106,강원,6420000,면양,LBI1000086,3,5
10621,202106,충북,6430000,사슴,LBI1000017,6,31
10620,202106,충북,6430000,오리,LBI1000016,730757,2881564
10619,202106,충북,6430000,돼지,LBI1000006,210012,1309941
10618,202106,강원,6420000,닭,LBI1000088,2167153,11080410
10622,202106,충북,6430000,소,LBI1000080,14537,84026
9522,202105,전북,6450000,오리,LBI1000016,624390,1967225
9527,202105,전남,6460000,돼지,LBI1000006,129509,651715
9526,202105,전북,6450000,닭,LBI1000088,38084087,172722655
9525,202105,전북,6450000,소,LBI1000080,1293,7306
9524,202105,전북,6450000,타조,LBI1000024,1,4
9523,202105,전북,6450000,토끼,LBI1000018,925,5114
9521,202105,전북,6450000,말,LBI1000007,4,8
9529,202105,전남,6460000,소,LBI1000080,5670,30401
9520,202105,전북,6450000,돼지,LBI1000006,187135,994424
9519,202105,충남,6440000,닭,LBI1000088,13401356,58310254
9518,202105,충남,6440000,산양,LBI1000087,1317,6132
9517,202105,충남,6440000,소,LBI1000080,4732,28431
9516,202105,충남,6440000,말,LBI1000007,4,24
9515,202105,충남,6440000,돼지,LBI1000006,234182,1190838
9514,202105,충북,6430000,닭,LBI1000088,10617439,51884267
9513,202105,충북,6430000,산양,LBI1000087,3902,16490
9512,202105,충북,6430000,소,LBI1000080,12901,69489
9511,202105,충북,6430000,사슴,LBI1000017,6,25
9528,202105,전남,6460000,오리,LBI1000016,2954801,11364078
9533,202105,경북,6470000,말,LBI1000007,3,15
9530,202105,전남,6460000,산양,LBI1000087,4097,18712
9541,202105,경남,6480000,닭,LBI1000088,435587,2051086
9534,202105,경북,6470000,소,LBI1000080,6800,40888
9535,202105,경북,6470000,산양,LBI1000087,581,2197
9536,202105,경북,6470000,닭,LBI1000088,7800019,30877705
9537,202105,경남,6480000,돼지,LBI1000006,160547,876155
9538,202105,경남,6480000,오리,LBI1000016,143820,420694
9539,202105,경남,6480000,소,LBI1000080,10049,54082
9540,202105,경남,6480000,산양,LBI1000087,1400,6495
9509,202105,충북,6430000,돼지,LBI1000006,178272,1099929
9531,202105,전남,6460000,닭,LBI1000088,4702503,20785831
9542,202105,제주,6500000,돼지,LBI1000006,69729,367262
9543,202105,제주,6500000,말,LBI1000007,78,364
9544,202105,제주,6500000,오리,LBI1000016,6484,35745
9545,202105,제주,6500000,소,LBI1000080,377,2122
9546,202105,제주,6500000,산양,LBI1000087,41,276
9547,202105,제주,6500000,닭,LBI1000088,775885,3621226
9532,202105,경북,6470000,돼지,LBI1000006,108357,550265
9510,202105,충북,6430000,오리,LBI1000016,751783,2150807
9503,202105,강원,6420000,돼지,LBI1000006,47423,252706
9508,202105,강원,6420000,닭,LBI1000088,1820965,8913257
9495,202105,울산,6310000,소,LBI1000080,775,4303
9507,202105,강원,6420000,산양,LBI1000087,1147,5080
9484,202105,대구,6270000,돼지,LBI1000006,34280,178910
9485,202105,대구,6270000,소,LBI1000080,1548,8782
9486,202105,대구,6270000,닭,LBI1000088,1829665,7898604
9487,202105,인천,6280000,돼지,LBI1000006,26854,146782
9489,202105,인천,6280000,닭,LBI1000088,425598,1660663
9490,202105,광주,6290000,돼지,LBI1000006,30760,167763
9491,202105,광주,6290000,소,LBI1000080,1106,5572
9492,202105,대전,6300000,돼지,LBI1000006,18437,105605
9493,202105,대전,6300000,소,LBI1000080,856,4750
9494,202105,울산,6310000,돼지,LBI1000006,11018,43931
9488,202105,인천,6280000,소,LBI1000080,1253,6503
9496,202105,경기,6410000,돼지,LBI1000006,203716,1070834
9502,202105,경기,6410000,닭,LBI1000088,9697589,48668887
9506,202105,강원,6420000,면양,LBI1000086,2,2
9497,202105,경기,6410000,말,LBI1000007,3,29
9505,202105,강원,6420000,소,LBI1000080,2373,13059
9504,202105,강원,6420000,말,LBI1000007,2,16
9501,202105,경기,6410000,산양,LBI1000087,701,3541
9500,202105,경기,6410000,소,LBI1000080,17563,98563
9499,202105,경기,6410000,당나귀,LBI1000023,3,12
9498,202105,경기,6410000,메추리,LBI1000021,41554,170994
9586,202104,전북,6450000,토끼,LBI1000018,404,4189
9585,202104,전북,6450000,오리,LBI1000016,440881,1342835
9579,202104,충남,6440000,말,LBI1000007,5,20
9584,202104,전북,6450000,말,LBI1000007,4,4
9583,202104,전북,6450000,돼지,LBI1000006,193897,807289
9582,202104,충남,6440000,닭,LBI1000088,12968579,44908898
9581,202104,충남,6440000,산양,LBI1000087,1611,4815
9580,202104,충남,6440000,소,LBI1000080,5142,23699
9575,202104,충북,6430000,소,LBI1000080,13800,56588
9578,202104,충남,6440000,돼지,LBI1000006,234062,956656
9577,202104,충북,6430000,닭,LBI1000088,10630782,41266828
9576,202104,충북,6430000,산양,LBI1000087,3925,12588
9574,202104,충북,6430000,사슴,LBI1000017,10,19
9573,202104,충북,6430000,오리,LBI1000016,576990,1399024
9572,202104,충북,6430000,돼지,LBI1000006,228250,921657
9588,202104,전북,6450000,소,LBI1000080,1389,6013
9587,202104,전북,6450000,타조,LBI1000024,3,3
9597,202104,경북,6470000,소,LBI1000080,7783,34088
9589,202104,전북,6450000,닭,LBI1000088,35683945,134638568
9590,202104,전남,6460000,돼지,LBI1000006,136750,522206
9570,202104,강원,6420000,산양,LBI1000087,1015,3933
9592,202104,전남,6460000,소,LBI1000080,5822,24731
9593,202104,전남,6460000,산양,LBI1000087,4630,14615
9594,202104,전남,6460000,닭,LBI1000088,4735511,16083328
9595,202104,경북,6470000,돼지,LBI1000006,106893,441908
9596,202104,경북,6470000,말,LBI1000007,2,12
9598,202104,경북,6470000,산양,LBI1000087,466,1616
9599,202104,경북,6470000,닭,LBI1000088,7624064,23077686
9600,202104,경남,6480000,돼지,LBI1000006,174063,715608
9601,202104,경남,6480000,오리,LBI1000016,146047,276874
9602,202104,경남,6480000,소,LBI1000080,10413,44033
9603,202104,경남,6480000,산양,LBI1000087,1582,5095
9604,202104,경남,6480000,닭,LBI1000088,349918,1615499
9605,202104,제주,6500000,돼지,LBI1000006,74261,297533
9591,202104,전남,6460000,오리,LBI1000016,2595792,8409277
9571,202104,강원,6420000,닭,LBI1000088,2011296,7092292
9556,202104,대전,6300000,돼지,LBI1000006,21778,87168
9569,202104,강원,6420000,소,LBI1000080,2268,10686
9554,202104,광주,6290000,돼지,LBI1000006,31977,137003
9753,202104,제주,6500000,오리,LBI1000016,6010,29261
9754,202104,제주,6500000,당나귀,LBI1000023,1,1
9755,202104,제주,6500000,소,LBI1000080,440,1745
9756,202104,제주,6500000,산양,LBI1000087,64,235
9757,202104,제주,6500000,닭,LBI1000088,822933,2845341
9752,202104,제주,6500000,말,LBI1000007,93,286
9568,202104,강원,6420000,말,LBI1000007,3,14
9548,202104,대구,6270000,돼지,LBI1000006,35549,144630
9550,202104,대구,6270000,닭,LBI1000088,1798023,6068939
9551,202104,인천,6280000,돼지,LBI1000006,29822,119928
9552,202104,인천,6280000,소,LBI1000080,1156,5250
9553,202104,인천,6280000,닭,LBI1000088,321840,1235065
9549,202104,대구,6270000,소,LBI1000080,1604,7234
9555,202104,광주,6290000,소,LBI1000080,1125,4466
9563,202104,경기,6410000,당나귀,LBI1000023,2,9
9557,202104,대전,6300000,소,LBI1000080,887,3894
9558,202104,울산,6310000,돼지,LBI1000006,9798,32913
9559,202104,울산,6310000,소,LBI1000080,737,3528
9560,202104,경기,6410000,돼지,LBI1000006,220950,867118
9561,202104,경기,6410000,말,LBI1000007,4,26
9567,202104,강원,6420000,돼지,LBI1000006,52984,205283
9562,202104,경기,6410000,메추리,LBI1000021,16569,129440
9566,202104,경기,6410000,닭,LBI1000088,9820403,38971298
9565,202104,경기,6410000,산양,LBI1000087,810,2840
9564,202104,경기,6410000,소,LBI1000080,18603,81000
9802,202103,전남,6460000,산양,LBI1000087,4286,9985
9801,202103,전남,6460000,소,LBI1000080,5634,18909
9800,202103,전남,6460000,오리,LBI1000016,2189713,5813485
9799,202103,전남,6460000,돼지,LBI1000006,146035,385456
9796,202103,전북,6450000,토끼,LBI1000018,2685,3785
9798,202103,전북,6450000,닭,LBI1000088,36948531,98954623
9797,202103,전북,6450000,소,LBI1000080,1264,4624
9791,202103,충남,6440000,소,LBI1000080,5445,18557
9795,202103,전북,6450000,오리,LBI1000016,124606,901954
9794,202103,전북,6450000,돼지,LBI1000006,218168,613392
9793,202103,충남,6440000,닭,LBI1000088,13299903,31940319
9792,202103,충남,6440000,산양,LBI1000087,1386,3204
9804,202103,경북,6470000,돼지,LBI1000006,123723,335015
9803,202103,전남,6460000,닭,LBI1000088,4521065,11347817
9812,202103,경남,6480000,닭,LBI1000088,575911,1265581
9805,202103,경북,6470000,말,LBI1000007,5,10
9806,202103,경북,6470000,소,LBI1000080,7571,26305
9807,202103,경북,6470000,산양,LBI1000087,521,1150
9808,202103,경북,6470000,닭,LBI1000088,7310414,15453622
9809,202103,경남,6480000,돼지,LBI1000006,196322,541545
9810,202103,경남,6480000,소,LBI1000080,10092,33620
9811,202103,경남,6480000,산양,LBI1000087,1546,3513
9789,202103,충남,6440000,돼지,LBI1000006,256588,722594
9813,202103,제주,6500000,돼지,LBI1000006,79192,223272
9814,202103,제주,6500000,말,LBI1000007,83,193
9815,202103,제주,6500000,오리,LBI1000016,6635,23251
9816,202103,제주,6500000,사슴,LBI1000017,1,1
9817,202103,제주,6500000,소,LBI1000080,374,1305
9818,202103,제주,6500000,산양,LBI1000087,75,171
9819,202103,제주,6500000,닭,LBI1000088,783750,2022408
9790,202103,충남,6440000,말,LBI1000007,4,15
9784,202103,충북,6430000,오리,LBI1000016,289366,822034
9788,202103,충북,6430000,닭,LBI1000088,9868732,30636046
9771,202103,경기,6410000,돼지,LBI1000006,222056,646168
9766,202103,대전,6300000,돼지,LBI1000006,24070,65390
9765,202103,광주,6290000,소,LBI1000080,1106,3341
9764,202103,광주,6290000,돼지,LBI1000006,33301,105026
9763,202103,인천,6280000,닭,LBI1000088,331753,913225
9762,202103,인천,6280000,소,LBI1000080,1236,4094
9761,202103,인천,6280000,돼지,LBI1000006,32382,90106
9787,202103,충북,6430000,산양,LBI1000087,4308,8663
9759,202103,대구,6270000,소,LBI1000080,1651,5630
9758,202103,대구,6270000,돼지,LBI1000006,38370,109081
9767,202103,대전,6300000,소,LBI1000080,927,3007
9768,202103,울산,6310000,돼지,LBI1000006,9408,23115
9769,202103,울산,6310000,소,LBI1000080,778,2791
9770,202103,울산,6310000,산양,LBI1000087,16,22
9760,202103,대구,6270000,닭,LBI1000088,1454008,4270916
9772,202103,경기,6410000,말,LBI1000007,6,22
9780,202103,강원,6420000,소,LBI1000080,2397,8418
9773,202103,경기,6410000,메추리,LBI1000021,49083,112871
9786,202103,충북,6430000,소,LBI1000080,14793,42788
9785,202103,충북,6430000,사슴,LBI1000017,5,9
9782,202103,강원,6420000,닭,LBI1000088,2035140,5080996
9781,202103,강원,6420000,산양,LBI1000087,1425,2918
9783,202103,충북,6430000,돼지,LBI1000006,252733,693407
9779,202103,강원,6420000,말,LBI1000007,2,11
9778,202103,강원,6420000,돼지,LBI1000006,56715,152299
9777,202103,경기,6410000,닭,LBI1000088,11436124,29150895
9776,202103,경기,6410000,산양,LBI1000087,863,2030
9775,202103,경기,6410000,소,LBI1000080,17787,62397
9774,202103,경기,6410000,당나귀,LBI1000023,2,7
9827,202102,광주,6290000,소,LBI1000080,939,2235
9834,202102,경기,6410000,말,LBI1000007,10,16
9833,202102,경기,6410000,돼지,LBI1000006,200556,424112
9832,202102,울산,6310000,산양,LBI1000087,1,6
9831,202102,울산,6310000,소,LBI1000080,905,2013
9830,202102,울산,6310000,돼지,LBI1000006,6723,13707
9829,202102,대전,6300000,소,LBI1000080,675,2080
9828,202102,대전,6300000,돼지,LBI1000006,19470,41320
9820,202102,대구,6270000,돼지,LBI1000006,34428,70711
9826,202102,광주,6290000,돼지,LBI1000006,32440,71725
9825,202102,인천,6280000,닭,LBI1000088,271182,581472
9824,202102,인천,6280000,소,LBI1000080,821,2858
9823,202102,인천,6280000,돼지,LBI1000006,26563,57724
9822,202102,대구,6270000,닭,LBI1000088,1380355,2816908
9821,202102,대구,6270000,소,LBI1000080,1220,3979
9836,202102,경기,6410000,당나귀,LBI1000023,2,5
9835,202102,경기,6410000,메추리,LBI1000021,52520,63788
9860,202102,전북,6450000,소,LBI1000080,1239,3360
9837,202102,경기,6410000,소,LBI1000080,15264,44610
9862,202102,전북,6450000,닭,LBI1000088,29119692,62006092
9864,202102,전남,6460000,오리,LBI1000016,1456391,3623772
9865,202102,전남,6460000,소,LBI1000080,4807,13275
9866,202102,전남,6460000,산양,LBI1000087,2645,5699
9867,202102,전남,6460000,닭,LBI1000088,3305986,6826752
9868,202102,경북,6470000,돼지,LBI1000006,99825,211292
9869,202102,경북,6470000,말,LBI1000007,1,5
9870,202102,경북,6470000,소,LBI1000080,5458,18734
9871,202102,경북,6470000,산양,LBI1000087,295,629
9872,202102,경북,6470000,닭,LBI1000088,5200869,8143208
9873,202102,경남,6480000,돼지,LBI1000006,162765,345223
9874,202102,경남,6480000,말,LBI1000007,1,1
9875,202102,경남,6480000,오리,LBI1000016,17115,130827
9876,202102,경남,6480000,소,LBI1000080,6996,23528
9877,202102,경남,6480000,산양,LBI1000087,948,1967
9878,202102,경남,6480000,닭,LBI1000088,264129,689670
9879,202102,제주,6500000,돼지,LBI1000006,68182,144080
9881,202102,제주,6500000,오리,LBI1000016,6520,16616
9882,202102,제주,6500000,소,LBI1000080,330,931
9883,202102,제주,6500000,산양,LBI1000087,49,96
9884,202102,제주,6500000,닭,LBI1000088,587724,1238658
9838,202102,경기,6410000,산양,LBI1000087,586,1167
9863,202102,전남,6460000,돼지,LBI1000006,112332,239421
9880,202102,제주,6500000,말,LBI1000007,58,110
9861,202102,전북,6450000,산양,LBI1000087,2,2
9848,202102,충북,6430000,산양,LBI1000087,2180,4355
9859,202102,전북,6450000,당나귀,LBI1000023,1,1
9839,202102,경기,6410000,닭,LBI1000088,8339041,17714771
9840,202102,강원,6420000,돼지,LBI1000006,44696,95584
9842,202102,강원,6420000,소,LBI1000080,1476,6021
9843,202102,강원,6420000,산양,LBI1000087,887,1493
9844,202102,강원,6420000,닭,LBI1000088,1490819,3045856
9845,202102,충북,6430000,돼지,LBI1000006,204241,440674
9846,202102,충북,6430000,오리,LBI1000016,228025,532668
9847,202102,충북,6430000,소,LBI1000080,7829,27995
9841,202102,강원,6420000,말,LBI1000007,3,9
9849,202102,충북,6430000,닭,LBI1000088,9664808,20767314
9854,202102,충남,6440000,산양,LBI1000087,958,1818
9850,202102,충남,6440000,돼지,LBI1000006,217383,466006
9858,202102,전북,6450000,토끼,LBI1000018,750,1100
9855,202102,충남,6440000,닭,LBI1000088,8996462,18640416
9856,202102,전북,6450000,돼지,LBI1000006,186925,395224
9853,202102,충남,6440000,소,LBI1000080,3799,13112
9852,202102,충남,6440000,당나귀,LBI1000023,2,3
9851,202102,충남,6440000,말,LBI1000007,4,11
9857,202102,전북,6450000,오리,LBI1000016,161421,777348
9634,202101,전북,6450000,소,LBI1000080,2121,2121
9633,202101,전북,6450000,토끼,LBI1000018,350,350
9632,202101,전북,6450000,오리,LBI1000016,615927,615927
9631,202101,전북,6450000,돼지,LBI1000006,208299,208299
9630,202101,충남,6440000,닭,LBI1000088,9643954,9643954
9629,202101,충남,6440000,산양,LBI1000087,860,860
9628,202101,충남,6440000,소,LBI1000080,9313,9313
9627,202101,충남,6440000,당나귀,LBI1000023,1,1
9623,202101,충북,6430000,산양,LBI1000087,2175,2175
9625,202101,충남,6440000,돼지,LBI1000006,248623,248623
9624,202101,충북,6430000,닭,LBI1000088,11102506,11102506
9622,202101,충북,6430000,소,LBI1000080,20166,20166
9621,202101,충북,6430000,사슴,LBI1000017,4,4
9620,202101,충북,6430000,오리,LBI1000016,304643,304643
9619,202101,충북,6430000,돼지,LBI1000006,236433,236433
9636,202101,전남,6460000,돼지,LBI1000006,127089,127089
9618,202101,강원,6420000,닭,LBI1000088,1555037,1555037
9635,202101,전북,6450000,닭,LBI1000088,32886400,32886400
9653,202101,제주,6500000,오리,LBI1000016,10096,10096
9637,202101,전남,6460000,오리,LBI1000016,2167381,2167381
9651,202101,제주,6500000,돼지,LBI1000006,75898,75898
9616,202101,강원,6420000,소,LBI1000080,4545,4545
9645,202101,경북,6470000,닭,LBI1000088,2942339,2942339
9646,202101,경남,6480000,돼지,LBI1000006,182458,182458
9647,202101,경남,6480000,오리,LBI1000016,113712,113712
9648,202101,경남,6480000,소,LBI1000080,16532,16532
9649,202101,경남,6480000,산양,LBI1000087,1019,1019
9650,202101,경남,6480000,닭,LBI1000088,425541,425541
9652,202101,제주,6500000,말,LBI1000007,52,52
9638,202101,전남,6460000,소,LBI1000080,8468,8468
9654,202101,제주,6500000,소,LBI1000080,601,601
9655,202101,제주,6500000,산양,LBI1000087,47,47
9656,202101,제주,6500000,닭,LBI1000088,650934,650934
9642,202101,경북,6470000,말,LBI1000007,4,4
9641,202101,경북,6470000,돼지,LBI1000006,111467,111467
9640,202101,전남,6460000,닭,LBI1000088,3520766,3520766
9639,202101,전남,6460000,산양,LBI1000087,3054,3054
9617,202101,강원,6420000,산양,LBI1000087,606,606
9626,202101,충남,6440000,말,LBI1000007,7,7
9615,202101,강원,6420000,사슴,LBI1000017,1,1
9611,202101,경기,6410000,산양,LBI1000087,581,581
9613,202101,강원,6420000,돼지,LBI1000006,50888,50888
9614,202101,강원,6420000,말,LBI1000007,6,6
9898,202101,울산,6310000,산양,LBI1000087,5,5
9897,202101,울산,6310000,소,LBI1000080,1108,1108
9643,202101,경북,6470000,소,LBI1000080,13276,13276
9896,202101,울산,6310000,돼지,LBI1000006,6984,6984
9895,202101,대전,6300000,소,LBI1000080,1405,1405
9894,202101,대전,6300000,돼지,LBI1000006,21850,21850
9893,202101,광주,6290000,소,LBI1000080,1296,1296
9892,202101,광주,6290000,말,LBI1000007,1,1
9891,202101,광주,6290000,돼지,LBI1000006,39285,39285
9890,202101,인천,6280000,닭,LBI1000088,310290,310290
9889,202101,인천,6280000,소,LBI1000080,2037,2037
9888,202101,인천,6280000,돼지,LBI1000006,31161,31161
9887,202101,대구,6270000,닭,LBI1000088,1436553,1436553
9886,202101,대구,6270000,소,LBI1000080,2759,2759
9885,202101,대구,6270000,돼지,LBI1000006,36283,36283
9612,202101,경기,6410000,닭,LBI1000088,9375730,9375730
9644,202101,경북,6470000,산양,LBI1000087,334,334
9610,202101,경기,6410000,소,LBI1000080,29346,29346
9608,202101,경기,6410000,메추리,LBI1000021,11268,11268
9607,202101,경기,6410000,말,LBI1000007,6,6
9606,202101,경기,6410000,돼지,LBI1000006,223556,223556
9609,202101,경기,6410000,당나귀,LBI1000023,3,3
9681,202012,강원,6420000,사슴,LBI1000017,2,13
9675,202012,경기,6410000,당나귀,LBI1000023,2,36
9676,202012,경기,6410000,소,LBI1000080,20811,244384
9677,202012,경기,6410000,산양,LBI1000087,645,9508
9678,202012,경기,6410000,닭,LBI1000088,11335328,136466155
9679,202012,강원,6420000,돼지,LBI1000006,57063,582572
9680,202012,강원,6420000,말,LBI1000007,11,43
9683,202012,강원,6420000,산양,LBI1000087,906,10966
9682,202012,강원,6420000,소,LBI1000080,2741,29619
9673,202012,경기,6410000,말,LBI1000007,1,47
9684,202012,강원,6420000,닭,LBI1000088,1862276,20076190
9685,202012,충북,6430000,돼지,LBI1000006,251444,2805333
9687,202012,충북,6430000,사슴,LBI1000017,2,61
9688,202012,충북,6430000,소,LBI1000080,15536,177071
9674,202012,경기,6410000,메추리,LBI1000021,12845,844937
9671,202012,울산,6310000,산양,LBI1000087,16,206
9672,202012,경기,6410000,돼지,LBI1000006,242690,2760512
9663,202012,인천,6280000,닭,LBI1000088,384847,6205921
9657,202012,대구,6270000,돼지,LBI1000006,40925,426807
9658,202012,대구,6270000,소,LBI1000080,1682,19968
9659,202012,대구,6270000,닭,LBI1000088,1911796,21673744
9660,202012,인천,6280000,돼지,LBI1000006,29811,269651
9661,202012,인천,6280000,꿩,LBI1000022,4028,9582
9662,202012,인천,6280000,소,LBI1000080,1301,15303
9664,202012,광주,6290000,돼지,LBI1000006,42431,395877
9690,202012,충북,6430000,닭,LBI1000088,12415846,148514236
9665,202012,광주,6290000,말,LBI1000007,2,7
9666,202012,광주,6290000,소,LBI1000080,1082,13185
9667,202012,대전,6300000,돼지,LBI1000006,21284,236608
9668,202012,대전,6300000,소,LBI1000080,810,10102
9669,202012,울산,6310000,돼지,LBI1000006,8829,105369
9670,202012,울산,6310000,소,LBI1000080,849,10547
9689,202012,충북,6430000,산양,LBI1000087,3249,47073
9686,202012,충북,6430000,오리,LBI1000016,861703,11751546
9691,202012,충남,6440000,돼지,LBI1000006,254981,2655340
9716,202012,경남,6480000,산양,LBI1000087,1438,15034
9710,202012,경북,6470000,소,LBI1000080,7923,96146
9711,202012,경북,6470000,산양,LBI1000087,495,7873
9712,202012,경북,6470000,닭,LBI1000088,3200574,86097081
9713,202012,경남,6480000,돼지,LBI1000006,192181,2052515
9692,202012,충남,6440000,말,LBI1000007,9,99
9715,202012,경남,6480000,소,LBI1000080,10595,127494
9717,202012,경남,6480000,닭,LBI1000088,679448,9379646
9708,202012,경북,6470000,돼지,LBI1000006,113427,1270236
9718,202012,제주,6500000,돼지,LBI1000006,83252,909575
9719,202012,제주,6500000,말,LBI1000007,90,909
9720,202012,제주,6500000,오리,LBI1000016,11670,114646
9721,202012,제주,6500000,소,LBI1000080,381,5345
9722,202012,제주,6500000,산양,LBI1000087,73,898
9723,202012,제주,6500000,닭,LBI1000088,735182,8229700
9709,202012,경북,6470000,말,LBI1000007,2,26
9714,202012,경남,6480000,오리,LBI1000016,192727,2552127
9707,202012,전남,6460000,닭,LBI1000088,4118821,58151700
9699,202012,전북,6450000,소,LBI1000080,1494,18786
9706,202012,전남,6460000,산양,LBI1000087,3164,48570
9694,202012,충남,6440000,산양,LBI1000087,1268,21491
9695,202012,충남,6440000,닭,LBI1000088,11360939,130439135
9696,202012,전북,6450000,돼지,LBI1000006,211113,2376380
9698,202012,전북,6450000,토끼,LBI1000018,760,23377
9693,202012,충남,6440000,소,LBI1000080,5040,45190
9700,202012,전북,6450000,산양,LBI1000087,1,36
9704,202012,전남,6460000,오리,LBI1000016,2780870,42207713
9701,202012,전북,6450000,닭,LBI1000088,39038552,445174549
9705,202012,전남,6460000,소,LBI1000080,5982,74056
9697,202012,전북,6450000,오리,LBI1000016,957934,10315792
9703,202012,전남,6460000,말,LBI1000007,1,3
9702,202012,전남,6460000,돼지,LBI1000006,136371,1483177
10803,202011,경북,6470000,산양,LBI1000087,890,7378
10805,202011,경남,6480000,돼지,LBI1000006,173752,1860334
10806,202011,경남,6480000,말,LBI1000007,1,2
10804,202011,경북,6470000,닭,LBI1000088,5797251,82896507
10808,202011,경남,6480000,소,LBI1000080,9635,116899
10809,202011,경남,6480000,산양,LBI1000087,1571,13596
10810,202011,경남,6480000,닭,LBI1000088,734142,8700198
10811,202011,제주,6500000,돼지,LBI1000006,75480,826323
10812,202011,제주,6500000,말,LBI1000007,119,819
10813,202011,제주,6500000,오리,LBI1000016,7499,102976
10814,202011,제주,6500000,소,LBI1000080,378,4964
10815,202011,제주,6500000,산양,LBI1000087,64,825
10816,202011,제주,6500000,닭,LBI1000088,658324,7494518
10807,202011,경남,6480000,오리,LBI1000016,145657,2359400
10790,202011,전북,6450000,오리,LBI1000016,687456,9357858
9724,202011,대구,6270000,돼지,LBI1000006,37122,385882
9751,202011,강원,6420000,닭,LBI1000088,1811061,18213914
10801,202011,경북,6470000,말,LBI1000007,4,24
10800,202011,경북,6470000,돼지,LBI1000006,111583,1156809
10799,202011,전남,6460000,닭,LBI1000088,3712966,54032879
10797,202011,전남,6460000,소,LBI1000080,5469,68074
10796,202011,전남,6460000,오리,LBI1000016,3267375,39426843
10795,202011,전남,6460000,돼지,LBI1000006,130076,1346806
10794,202011,전북,6450000,닭,LBI1000088,33151671,406135997
10793,202011,전북,6450000,산양,LBI1000087,6,35
10792,202011,전북,6450000,소,LBI1000080,1313,17292
10791,202011,전북,6450000,토끼,LBI1000018,220,22617
10789,202011,전북,6450000,돼지,LBI1000006,208567,2165267
10788,202011,충남,6440000,닭,LBI1000088,9959953,119078196
10787,202011,충남,6440000,산양,LBI1000087,1311,20223
10786,202011,충남,6440000,소,LBI1000080,3915,40150
10785,202011,충남,6440000,말,LBI1000007,13,90
10784,202011,충남,6440000,돼지,LBI1000006,249467,2400359
10783,202011,충북,6430000,닭,LBI1000088,11667968,136098390
10782,202011,충북,6430000,산양,LBI1000087,3897,43824
10781,202011,충북,6430000,소,LBI1000080,14346,161535
10780,202011,충북,6430000,사슴,LBI1000017,5,59
10779,202011,충북,6430000,오리,LBI1000016,858019,10889843
10778,202011,충북,6430000,돼지,LBI1000006,240513,2553889
9725,202011,대구,6270000,소,LBI1000080,1565,18286
10802,202011,경북,6470000,소,LBI1000080,7229,88223
10798,202011,전남,6460000,산양,LBI1000087,4037,45406
9750,202011,강원,6420000,산양,LBI1000087,1073,10060
9738,202011,경기,6410000,돼지,LBI1000006,238285,2517822
9726,202011,대구,6270000,닭,LBI1000088,1537561,19761948
9727,202011,인천,6280000,돼지,LBI1000006,28122,239840
9728,202011,인천,6280000,꿩,LBI1000022,5280,5554
9729,202011,인천,6280000,소,LBI1000080,1101,14002
9730,202011,인천,6280000,닭,LBI1000088,337257,5821074
9731,202011,광주,6290000,돼지,LBI1000006,38409,353446
9732,202011,광주,6290000,소,LBI1000080,1137,12103
9749,202011,강원,6420000,소,LBI1000080,2406,26878
9734,202011,대전,6300000,소,LBI1000080,799,9292
9735,202011,울산,6310000,돼지,LBI1000006,7845,96540
9736,202011,울산,6310000,소,LBI1000080,841,9698
9737,202011,울산,6310000,산양,LBI1000087,56,190
9733,202011,대전,6300000,돼지,LBI1000006,20753,215324
9740,202011,경기,6410000,칠면조,LBI1000019,299,299
9741,202011,경기,6410000,메추리,LBI1000021,77280,832092
9742,202011,경기,6410000,당나귀,LBI1000023,4,34
9743,202011,경기,6410000,소,LBI1000080,18045,223573
9744,202011,경기,6410000,산양,LBI1000087,707,8863
9745,202011,경기,6410000,닭,LBI1000088,11226314,125130827
9746,202011,강원,6420000,돼지,LBI1000006,58137,525509
9747,202011,강원,6420000,말,LBI1000007,5,32
9739,202011,경기,6410000,말,LBI1000007,2,46
9748,202011,강원,6420000,사슴,LBI1000017,2,11
10848,202010,충북,6430000,닭,LBI1000088,12212973,124430422
10854,202010,충남,6440000,닭,LBI1000088,11180840,109118243
10858,202010,전북,6450000,타조,LBI1000024,3,7
10857,202010,전북,6450000,토끼,LBI1000018,260,22397
10856,202010,전북,6450000,오리,LBI1000016,763579,8670402
10855,202010,전북,6450000,돼지,LBI1000006,198640,1956700
10849,202010,충남,6440000,돼지,LBI1000006,240245,2150892
10853,202010,충남,6440000,산양,LBI1000087,1707,18912
10852,202010,충남,6440000,소,LBI1000080,3582,36235
10851,202010,충남,6440000,당나귀,LBI1000023,1,4
10850,202010,충남,6440000,말,LBI1000007,13,77
10860,202010,전북,6450000,닭,LBI1000088,35723010,372984326
10859,202010,전북,6450000,소,LBI1000080,1148,15979
10873,202010,경남,6480000,말,LBI1000007,1,1
10861,202010,전남,6460000,돼지,LBI1000006,126516,1216730
10862,202010,전남,6460000,말,LBI1000007,2,2
10863,202010,전남,6460000,오리,LBI1000016,3394637,36159468
10864,202010,전남,6460000,소,LBI1000080,5390,62605
10865,202010,전남,6460000,산양,LBI1000087,3825,41369
10866,202010,전남,6460000,닭,LBI1000088,3622472,50319913
10867,202010,경북,6470000,돼지,LBI1000006,106025,1045226
10868,202010,경북,6470000,말,LBI1000007,2,20
10869,202010,경북,6470000,소,LBI1000080,7211,80994
10870,202010,경북,6470000,산양,LBI1000087,687,6488
10871,202010,경북,6470000,닭,LBI1000088,6250767,77099256
10872,202010,경남,6480000,돼지,LBI1000006,170901,1686582
10846,202010,충북,6430000,면양,LBI1000086,3,4
10847,202010,충북,6430000,산양,LBI1000087,3928,39927
10821,202010,인천,6280000,소,LBI1000080,1199,12901
10845,202010,충북,6430000,소,LBI1000080,13127,147189
10844,202010,충북,6430000,사슴,LBI1000017,3,54
10819,202010,대구,6270000,닭,LBI1000088,1632921,18224387
10820,202010,인천,6280000,돼지,LBI1000006,25502,211718
10875,202010,경남,6480000,소,LBI1000080,8296,107264
10822,202010,인천,6280000,닭,LBI1000088,311379,5483817
10823,202010,광주,6290000,돼지,LBI1000006,33555,315037
10824,202010,광주,6290000,말,LBI1000007,1,5
10825,202010,광주,6290000,소,LBI1000080,1025,10966
10826,202010,대전,6300000,돼지,LBI1000006,19960,194571
10827,202010,대전,6300000,소,LBI1000080,749,8493
10828,202010,울산,6310000,돼지,LBI1000006,6395,88695
10829,202010,울산,6310000,소,LBI1000080,656,8857
10830,202010,울산,6310000,산양,LBI1000087,22,134
10831,202010,경기,6410000,돼지,LBI1000006,235241,2279537
10832,202010,경기,6410000,메추리,LBI1000021,66313,754812
10833,202010,경기,6410000,당나귀,LBI1000023,2,30
10834,202010,경기,6410000,소,LBI1000080,17700,205528
10835,202010,경기,6410000,산양,LBI1000087,863,8156
10836,202010,경기,6410000,닭,LBI1000088,11424138,113904513
10837,202010,강원,6420000,돼지,LBI1000006,44963,467372
10838,202010,강원,6420000,말,LBI1000007,4,27
10839,202010,강원,6420000,소,LBI1000080,2107,24472
10840,202010,강원,6420000,산양,LBI1000087,1067,8987
10841,202010,강원,6420000,닭,LBI1000088,1771468,16402853
10842,202010,충북,6430000,돼지,LBI1000006,230977,2313376
10843,202010,충북,6430000,오리,LBI1000016,1005272,10031824
10874,202010,경남,6480000,오리,LBI1000016,202089,2213743
10818,202010,대구,6270000,소,LBI1000080,1349,16721
10876,202010,경남,6480000,산양,LBI1000087,1669,12025
10878,202010,제주,6500000,돼지,LBI1000006,71384,750843
10879,202010,제주,6500000,말,LBI1000007,91,700
10880,202010,제주,6500000,오리,LBI1000016,10012,95477
10881,202010,제주,6500000,사슴,LBI1000017,6,8
10882,202010,제주,6500000,소,LBI1000080,352,4586
10883,202010,제주,6500000,산양,LBI1000087,64,761
10884,202010,제주,6500000,닭,LBI1000088,661706,6836194
10817,202010,대구,6270000,돼지,LBI1000006,35848,348760
10877,202010,경남,6480000,닭,LBI1000088,662425,7966056
10916,202009,충북,6430000,닭,LBI1000088,12236415,112217449
10919,202009,충남,6440000,소,LBI1000080,7634,32653
10918,202009,충남,6440000,말,LBI1000007,2,64
10917,202009,충남,6440000,돼지,LBI1000006,222829,1910647
10913,202009,충북,6430000,사슴,LBI1000017,5,51
10915,202009,충북,6430000,산양,LBI1000087,3755,35999
10914,202009,충북,6430000,소,LBI1000080,19099,134062
10921,202009,충남,6440000,닭,LBI1000088,10355097,97937403
10912,202009,충북,6430000,오리,LBI1000016,1226564,9026552
10920,202009,충남,6440000,산양,LBI1000087,1753,17205
10925,202009,전북,6450000,타조,LBI1000024,4,4
10922,202009,전북,6450000,돼지,LBI1000006,186907,1758060
10923,202009,전북,6450000,오리,LBI1000016,856777,7906823
10924,202009,전북,6450000,토끼,LBI1000018,250,22137
10910,202009,강원,6420000,닭,LBI1000088,1666730,14631385
10926,202009,전북,6450000,소,LBI1000080,2421,14831
10927,202009,전북,6450000,닭,LBI1000088,36189378,337261316
10928,202009,전남,6460000,돼지,LBI1000006,120803,1090214
10929,202009,전남,6460000,오리,LBI1000016,4030587,32764831
10930,202009,전남,6460000,소,LBI1000080,8665,57215
10931,202009,전남,6460000,산양,LBI1000087,4397,37544
10932,202009,전남,6460000,닭,LBI1000088,3407492,46697441
10933,202009,경북,6470000,돼지,LBI1000006,105544,939201
10911,202009,충북,6430000,돼지,LBI1000006,226272,2082399
10905,202009,경기,6410000,닭,LBI1000088,10685040,102480375
10909,202009,강원,6420000,산양,LBI1000087,991,7920
10908,202009,강원,6420000,소,LBI1000080,4047,22365
10885,202009,대구,6270000,돼지,LBI1000006,38344,312912
10886,202009,대구,6270000,소,LBI1000080,2185,15372
10887,202009,대구,6270000,닭,LBI1000088,1763807,16591466
10888,202009,인천,6280000,돼지,LBI1000006,22504,186216
10889,202009,인천,6280000,소,LBI1000080,1830,11702
10890,202009,인천,6280000,닭,LBI1000088,384251,5172438
10891,202009,광주,6290000,돼지,LBI1000006,36681,281482
10892,202009,광주,6290000,말,LBI1000007,1,4
10893,202009,광주,6290000,소,LBI1000080,1420,9941
10894,202009,대전,6300000,돼지,LBI1000006,17802,174611
10895,202009,대전,6300000,소,LBI1000080,1460,7744
10896,202009,울산,6310000,돼지,LBI1000006,7391,82300
10897,202009,울산,6310000,소,LBI1000080,1376,8201
10898,202009,울산,6310000,산양,LBI1000087,6,112
10899,202009,경기,6410000,돼지,LBI1000006,220178,2044296
10900,202009,경기,6410000,말,LBI1000007,5,44
10902,202009,경기,6410000,당나귀,LBI1000023,3,28
10903,202009,경기,6410000,소,LBI1000080,28125,187828
10904,202009,경기,6410000,산양,LBI1000087,966,7293
10906,202009,강원,6420000,돼지,LBI1000006,46017,422409
10907,202009,강원,6420000,말,LBI1000007,5,23
10901,202009,경기,6410000,메추리,LBI1000021,44051,688499
10934,202009,경북,6470000,말,LBI1000007,2,18
10948,202009,제주,6500000,닭,LBI1000088,650866,6174488
10941,202009,경남,6480000,산양,LBI1000087,1453,10356
10947,202009,제주,6500000,산양,LBI1000087,68,697
10946,202009,제주,6500000,소,LBI1000080,654,4234
10945,202009,제주,6500000,오리,LBI1000016,10690,85465
10944,202009,제주,6500000,말,LBI1000007,86,609
10942,202009,경남,6480000,닭,LBI1000088,413595,7303631
10943,202009,제주,6500000,돼지,LBI1000006,76649,679459
10940,202009,경남,6480000,소,LBI1000080,14507,98968
10939,202009,경남,6480000,오리,LBI1000016,247957,2011654
10938,202009,경남,6480000,돼지,LBI1000006,168401,1515681
10937,202009,경북,6470000,닭,LBI1000088,6491786,70848489
10936,202009,경북,6470000,산양,LBI1000087,674,5801
10935,202009,경북,6470000,소,LBI1000080,11529,73783
10988,202008,전북,6450000,오리,LBI1000016,879880,7050046
10994,202008,전남,6460000,오리,LBI1000016,3404410,28734244
10993,202008,전남,6460000,돼지,LBI1000006,106153,969411
10992,202008,전북,6450000,닭,LBI1000088,39348611,301071938
10991,202008,전북,6450000,산양,LBI1000087,10,29
10990,202008,전북,6450000,소,LBI1000080,1545,12410
10989,202008,전북,6450000,토끼,LBI1000018,584,21887
11007,202008,경남,6480000,닭,LBI1000088,373789,6890036
10987,202008,전북,6450000,말,LBI1000007,1,7
10986,202008,전북,6450000,돼지,LBI1000006,163772,1571153
10985,202008,충남,6440000,닭,LBI1000088,10950728,87582306
10984,202008,충남,6440000,산양,LBI1000087,2240,15452
10983,202008,충남,6440000,소,LBI1000080,4380,25019
10982,202008,충남,6440000,당나귀,LBI1000023,1,3
10996,202008,전남,6460000,산양,LBI1000087,5215,33147
10995,202008,전남,6460000,소,LBI1000080,5948,48550
11009,202008,제주,6500000,말,LBI1000007,82,523
10997,202008,전남,6460000,닭,LBI1000088,4572493,43289949
10998,202008,경북,6470000,돼지,LBI1000006,96091,833657
11014,202008,제주,6500000,닭,LBI1000088,694404,5523622
11013,202008,제주,6500000,산양,LBI1000087,103,629
11012,202008,제주,6500000,소,LBI1000080,513,3580
11011,202008,제주,6500000,사슴,LBI1000017,1,2
11010,202008,제주,6500000,오리,LBI1000016,10478,74775
10980,202008,충남,6440000,돼지,LBI1000006,197380,1687818
11008,202008,제주,6500000,돼지,LBI1000006,69274,602810
10999,202008,경북,6470000,말,LBI1000007,1,16
11006,202008,경남,6480000,산양,LBI1000087,1590,8903
11005,202008,경남,6480000,소,LBI1000080,10734,84461
11004,202008,경남,6480000,오리,LBI1000016,230062,1763697
11003,202008,경남,6480000,돼지,LBI1000006,146069,1347280
11002,202008,경북,6470000,닭,LBI1000088,7913174,64356703
10981,202008,충남,6440000,말,LBI1000007,5,62
10973,202008,강원,6420000,닭,LBI1000088,1502775,12964655
10979,202008,충북,6430000,닭,LBI1000088,12446833,99981034
10978,202008,충북,6430000,산양,LBI1000087,4820,32244
10949,202008,대구,6270000,돼지,LBI1000006,33223,274568
10950,202008,대구,6270000,소,LBI1000080,1527,13187
10951,202008,대구,6270000,닭,LBI1000088,1925263,14827659
10952,202008,인천,6280000,돼지,LBI1000006,20308,163712
10953,202008,인천,6280000,소,LBI1000080,1251,9872
10954,202008,인천,6280000,닭,LBI1000088,800916,4788187
10955,202008,광주,6290000,돼지,LBI1000006,30646,244801
10956,202008,광주,6290000,소,LBI1000080,1122,8521
10957,202008,대전,6300000,돼지,LBI1000006,17092,156809
10958,202008,대전,6300000,소,LBI1000080,899,6284
10959,202008,울산,6310000,돼지,LBI1000006,7633,74909
10960,202008,울산,6310000,소,LBI1000080,835,6825
10961,202008,울산,6310000,산양,LBI1000087,14,106
10962,202008,경기,6410000,돼지,LBI1000006,202147,1824118
10963,202008,경기,6410000,말,LBI1000007,1,39
10964,202008,경기,6410000,메추리,LBI1000021,90428,644448
10965,202008,경기,6410000,당나귀,LBI1000023,4,25
10966,202008,경기,6410000,소,LBI1000080,20407,159703
10967,202008,경기,6410000,산양,LBI1000087,1024,6327
10968,202008,경기,6410000,닭,LBI1000088,11119819,91795335
10969,202008,강원,6420000,돼지,LBI1000006,42482,376392
10970,202008,강원,6420000,말,LBI1000007,3,18
10971,202008,강원,6420000,소,LBI1000080,2669,18318
10972,202008,강원,6420000,산양,LBI1000087,1058,6929
11000,202008,경북,6470000,소,LBI1000080,8474,62254
10974,202008,충북,6430000,돼지,LBI1000006,209400,1856127
10975,202008,충북,6430000,오리,LBI1000016,1107390,7799988
10976,202008,충북,6430000,사슴,LBI1000017,9,46
10977,202008,충북,6430000,소,LBI1000080,15117,114963
11001,202008,경북,6470000,산양,LBI1000087,881,5127
11053,202007,충남,6440000,닭,LBI1000088,12663704,76631578
11054,202007,전북,6450000,돼지,LBI1000006,188059,1407381
11070,202007,경북,6470000,닭,LBI1000088,11180074,56443529
11050,202007,충남,6440000,당나귀,LBI1000023,1,2
11051,202007,충남,6440000,소,LBI1000080,3462,20639
11052,202007,충남,6440000,산양,LBI1000087,3055,13212
11082,202007,제주,6500000,닭,LBI1000088,789153,4829218
11081,202007,제주,6500000,산양,LBI1000087,98,526
11080,202007,제주,6500000,소,LBI1000080,446,3067
11079,202007,제주,6500000,사슴,LBI1000017,1,1
11078,202007,제주,6500000,오리,LBI1000016,11282,64297
11077,202007,제주,6500000,말,LBI1000007,70,441
11075,202007,경남,6480000,닭,LBI1000088,612833,6516247
11074,202007,경남,6480000,산양,LBI1000087,1576,7313
11073,202007,경남,6480000,소,LBI1000080,9519,73727
11072,202007,경남,6480000,오리,LBI1000016,280985,1533635
11071,202007,경남,6480000,돼지,LBI1000006,164704,1201211
11069,202007,경북,6470000,산양,LBI1000087,971,4246
11015,202007,대구,6270000,돼지,LBI1000006,36546,241345
11068,202007,경북,6470000,소,LBI1000080,7350,53780
11067,202007,경북,6470000,말,LBI1000007,2,15
11066,202007,경북,6470000,돼지,LBI1000006,102956,737566
11065,202007,전남,6460000,닭,LBI1000088,8406467,38717456
11064,202007,전남,6460000,산양,LBI1000087,5639,27932
11063,202007,전남,6460000,소,LBI1000080,6078,42602
11062,202007,전남,6460000,오리,LBI1000016,3992464,25329834
11061,202007,전남,6460000,돼지,LBI1000006,118846,863258
11060,202007,전북,6450000,닭,LBI1000088,49790248,261723327
11059,202007,전북,6450000,산양,LBI1000087,7,19
11058,202007,전북,6450000,소,LBI1000080,1386,10865
11057,202007,전북,6450000,토끼,LBI1000018,822,21303
11056,202007,전북,6450000,오리,LBI1000016,1083928,6170166
11055,202007,전북,6450000,말,LBI1000007,1,6
11049,202007,충남,6440000,말,LBI1000007,2,57
11048,202007,충남,6440000,돼지,LBI1000006,217680,1490438
11047,202007,충북,6430000,닭,LBI1000088,14086937,87534201
11046,202007,충북,6430000,산양,LBI1000087,6537,27424
11016,202007,대구,6270000,소,LBI1000080,1548,11660
11017,202007,대구,6270000,닭,LBI1000088,2017253,12902396
11018,202007,인천,6280000,돼지,LBI1000006,19066,143404
11019,202007,인천,6280000,소,LBI1000080,1066,8621
11020,202007,인천,6280000,닭,LBI1000088,1213662,3987271
11021,202007,광주,6290000,돼지,LBI1000006,34188,214155
11022,202007,광주,6290000,소,LBI1000080,1074,7399
11023,202007,대전,6300000,돼지,LBI1000006,18767,139717
11024,202007,대전,6300000,소,LBI1000080,781,5385
11025,202007,울산,6310000,돼지,LBI1000006,9170,67276
11026,202007,울산,6310000,소,LBI1000080,814,5990
11027,202007,울산,6310000,산양,LBI1000087,12,92
11028,202007,경기,6410000,돼지,LBI1000006,224454,1621971
11029,202007,경기,6410000,말,LBI1000007,2,38
11030,202007,경기,6410000,메추리,LBI1000021,103526,554020
11031,202007,경기,6410000,당나귀,LBI1000023,4,21
11032,202007,경기,6410000,소,LBI1000080,18889,139296
11033,202007,경기,6410000,산양,LBI1000087,1135,5303
11034,202007,경기,6410000,닭,LBI1000088,13228408,80675516
11035,202007,강원,6420000,돼지,LBI1000006,45111,333910
11036,202007,강원,6420000,말,LBI1000007,2,15
11037,202007,강원,6420000,사슴,LBI1000017,1,9
11038,202007,강원,6420000,소,LBI1000080,2320,15649
11039,202007,강원,6420000,면양,LBI1000086,6,8
11040,202007,강원,6420000,산양,LBI1000087,1267,5871
11042,202007,충북,6430000,돼지,LBI1000006,229737,1646727
11043,202007,충북,6430000,오리,LBI1000016,1231397,6692598
11044,202007,충북,6430000,사슴,LBI1000017,7,37
11045,202007,충북,6430000,소,LBI1000080,13646,99846
11041,202007,강원,6420000,닭,LBI1000088,1669080,11461880
11076,202007,제주,6500000,돼지,LBI1000006,76140,533536
11097,202006,경기,6410000,말,LBI1000007,8,36
11134,202006,전남,6460000,닭,LBI1000088,5966286,30310989
11120,202006,충남,6440000,소,LBI1000080,2835,17177
11121,202006,충남,6440000,산양,LBI1000087,2343,10157
11122,202006,충남,6440000,닭,LBI1000088,12118016,63967874
11123,202006,전북,6450000,돼지,LBI1000006,181674,1219322
11124,202006,전북,6450000,말,LBI1000007,1,5
11125,202006,전북,6450000,오리,LBI1000016,886544,5086238
11126,202006,전북,6450000,토끼,LBI1000018,1294,20481
11127,202006,전북,6450000,소,LBI1000080,1531,9479
11128,202006,전북,6450000,산양,LBI1000087,2,12
11129,202006,전북,6450000,닭,LBI1000088,40213337,211933079
11130,202006,전남,6460000,돼지,LBI1000006,110110,744412
11131,202006,전남,6460000,오리,LBI1000016,3782567,21337370
11132,202006,전남,6460000,소,LBI1000080,6149,36524
11133,202006,전남,6460000,산양,LBI1000087,5253,22293
11135,202006,경북,6470000,돼지,LBI1000006,95593,634610
11118,202006,충남,6440000,말,LBI1000007,7,55
11136,202006,경북,6470000,말,LBI1000007,4,13
11137,202006,경북,6470000,소,LBI1000080,7189,46430
11138,202006,경북,6470000,산양,LBI1000087,734,3275
11139,202006,경북,6470000,닭,LBI1000088,8704674,45263455
11140,202006,경남,6480000,돼지,LBI1000006,153608,1036507
11141,202006,경남,6480000,오리,LBI1000016,216329,1252650
11142,202006,경남,6480000,소,LBI1000080,11776,64208
11143,202006,경남,6480000,산양,LBI1000087,1517,5737
11144,202006,경남,6480000,닭,LBI1000088,910460,5903414
11145,202006,제주,6500000,돼지,LBI1000006,71468,457396
11146,202006,제주,6500000,말,LBI1000007,64,371
11147,202006,제주,6500000,오리,LBI1000016,9484,53015
11148,202006,제주,6500000,소,LBI1000080,437,2621
11149,202006,제주,6500000,산양,LBI1000087,96,428
11119,202006,충남,6440000,당나귀,LBI1000023,1,1
11117,202006,충남,6440000,돼지,LBI1000006,200319,1272758
11110,202006,충북,6430000,돼지,LBI1000006,221267,1416990
11094,202006,울산,6310000,소,LBI1000080,784,5176
11108,202006,강원,6420000,산양,LBI1000087,1018,4604
11107,202006,강원,6420000,면양,LBI1000086,1,2
11106,202006,강원,6420000,소,LBI1000080,2239,13329
11105,202006,강원,6420000,사슴,LBI1000017,2,8
11104,202006,강원,6420000,말,LBI1000007,6,13
11103,202006,강원,6420000,돼지,LBI1000006,43870,288799
11102,202006,경기,6410000,닭,LBI1000088,11774209,67447108
11101,202006,경기,6410000,산양,LBI1000087,944,4168
11100,202006,경기,6410000,소,LBI1000080,21104,120407
11099,202006,경기,6410000,당나귀,LBI1000023,4,17
11098,202006,경기,6410000,메추리,LBI1000021,93705,450494
11111,202006,충북,6430000,오리,LBI1000016,1087362,5461201
11096,202006,경기,6410000,돼지,LBI1000006,211931,1397517
11095,202006,울산,6310000,산양,LBI1000087,13,80
11093,202006,울산,6310000,돼지,LBI1000006,8760,58106
11116,202006,충북,6430000,닭,LBI1000088,12737674,73447264
11092,202006,대전,6300000,소,LBI1000080,819,4604
11091,202006,대전,6300000,돼지,LBI1000006,16016,120950
11090,202006,광주,6290000,소,LBI1000080,1141,6325
11089,202006,광주,6290000,돼지,LBI1000006,31109,179967
11088,202006,인천,6280000,닭,LBI1000088,612972,2773609
11087,202006,인천,6280000,소,LBI1000080,1270,7555
11086,202006,인천,6280000,돼지,LBI1000006,18958,124338
11085,202006,대구,6270000,닭,LBI1000088,1734107,10885143
11084,202006,대구,6270000,소,LBI1000080,1520,10112
11083,202006,대구,6270000,돼지,LBI1000006,33590,204799
11112,202006,충북,6430000,사슴,LBI1000017,10,30
11113,202006,충북,6430000,소,LBI1000080,15389,86200
11114,202006,충북,6430000,면양,LBI1000086,1,1
11115,202006,충북,6430000,산양,LBI1000087,5051,20887
11150,202006,제주,6500000,닭,LBI1000088,714083,4040065
11109,202006,강원,6420000,닭,LBI1000088,1751125,9792800
11190,202005,전북,6450000,말,LBI1000007,1,4
11157,202005,인천,6280000,닭,LBI1000088,486073,2160637
11155,202005,인천,6280000,꿩,LBI1000022,274,274
11154,202005,인천,6280000,돼지,LBI1000006,19118,105380
11153,202005,대구,6270000,닭,LBI1000088,1837354,9151036
11152,202005,대구,6270000,소,LBI1000080,1638,8592
11151,202005,대구,6270000,돼지,LBI1000006,32257,171209
11192,202005,전북,6450000,토끼,LBI1000018,3230,19187
11193,202005,전북,6450000,소,LBI1000080,1463,7948
11194,202005,전북,6450000,닭,LBI1000088,37255598,171719742
11195,202005,전남,6460000,돼지,LBI1000006,119216,634302
11196,202005,전남,6460000,오리,LBI1000016,3736423,17554803
11197,202005,전남,6460000,소,LBI1000080,6158,30375
11198,202005,전남,6460000,산양,LBI1000087,4274,17040
11199,202005,전남,6460000,닭,LBI1000088,6063193,24344703
11200,202005,경북,6470000,돼지,LBI1000006,98086,539017
11201,202005,경북,6470000,말,LBI1000007,1,9
11202,202005,경북,6470000,소,LBI1000080,7069,39241
11203,202005,경북,6470000,산양,LBI1000087,687,2541
11204,202005,경북,6470000,닭,LBI1000088,8283439,36558781
11189,202005,전북,6450000,돼지,LBI1000006,185792,1037648
11206,202005,경남,6480000,오리,LBI1000016,200194,1036321
11207,202005,경남,6480000,소,LBI1000080,10613,52432
11208,202005,경남,6480000,산양,LBI1000087,1050,4220
11209,202005,경남,6480000,닭,LBI1000088,869935,4992954
11210,202005,제주,6500000,돼지,LBI1000006,73065,385928
11211,202005,제주,6500000,말,LBI1000007,58,307
11212,202005,제주,6500000,오리,LBI1000016,6805,43531
11213,202005,제주,6500000,소,LBI1000080,458,2184
11214,202005,제주,6500000,산양,LBI1000087,67,332
11215,202005,제주,6500000,닭,LBI1000088,761595,3325982
11156,202005,인천,6280000,소,LBI1000080,1224,6285
11205,202005,경남,6480000,돼지,LBI1000006,152669,882899
11158,202005,광주,6290000,돼지,LBI1000006,33624,148858
11175,202005,강원,6420000,면양,LBI1000086,1,1
11159,202005,광주,6290000,소,LBI1000080,1181,5184
11188,202005,충남,6440000,닭,LBI1000088,11081999,51849858
11187,202005,충남,6440000,산양,LBI1000087,2054,7814
11186,202005,충남,6440000,소,LBI1000080,2512,14342
11185,202005,충남,6440000,말,LBI1000007,10,48
11184,202005,충남,6440000,돼지,LBI1000006,189944,1072439
11183,202005,충북,6430000,닭,LBI1000088,12691195,60709590
11182,202005,충북,6430000,산양,LBI1000087,3883,15836
11181,202005,충북,6430000,소,LBI1000080,13175,70811
11180,202005,충북,6430000,사슴,LBI1000017,2,20
11179,202005,충북,6430000,오리,LBI1000016,986567,4373839
11178,202005,충북,6430000,돼지,LBI1000006,220261,1195723
11177,202005,강원,6420000,닭,LBI1000088,1782555,8041675
11176,202005,강원,6420000,산양,LBI1000087,980,3586
11171,202005,경기,6410000,닭,LBI1000088,11166849,55672899
11174,202005,강원,6420000,소,LBI1000080,2069,11090
11166,202005,경기,6410000,말,LBI1000007,17,28
11173,202005,강원,6420000,사슴,LBI1000017,2,6
11160,202005,대전,6300000,돼지,LBI1000006,15724,104934
11161,202005,대전,6300000,소,LBI1000080,736,3785
11163,202005,울산,6310000,소,LBI1000080,896,4392
11164,202005,울산,6310000,산양,LBI1000087,14,67
11165,202005,경기,6410000,돼지,LBI1000006,216262,1185586
11162,202005,울산,6310000,돼지,LBI1000006,9508,49346
11167,202005,경기,6410000,메추리,LBI1000021,80734,356789
11168,202005,경기,6410000,당나귀,LBI1000023,3,13
11169,202005,경기,6410000,소,LBI1000080,18462,99303
11170,202005,경기,6410000,산양,LBI1000087,729,3224
11191,202005,전북,6450000,오리,LBI1000016,960694,4199694
11172,202005,강원,6420000,돼지,LBI1000006,44888,244929
11247,202004,충남,6440000,돼지,LBI1000006,233904,882495
11239,202004,강원,6420000,산양,LBI1000087,764,2606
11240,202004,강원,6420000,닭,LBI1000088,1724850,6259120
11241,202004,충북,6430000,돼지,LBI1000006,249122,975462
11242,202004,충북,6430000,오리,LBI1000016,1020932,3387272
11243,202004,충북,6430000,사슴,LBI1000017,3,18
11244,202004,충북,6430000,소,LBI1000080,14053,57636
11245,202004,충북,6430000,산양,LBI1000087,3346,11953
11246,202004,충북,6430000,닭,LBI1000088,12670484,48018395
11253,202004,전북,6450000,말,LBI1000007,1,3
11248,202004,충남,6440000,말,LBI1000007,4,38
11249,202004,충남,6440000,소,LBI1000080,2730,11830
11250,202004,충남,6440000,산양,LBI1000087,1936,5760
11251,202004,충남,6440000,닭,LBI1000088,11633862,40767859
11252,202004,전북,6450000,돼지,LBI1000006,211690,851856
11237,202004,강원,6420000,사슴,LBI1000017,1,4
11254,202004,전북,6450000,오리,LBI1000016,1059931,3239000
11255,202004,전북,6450000,토끼,LBI1000018,4181,15957
11256,202004,전북,6450000,소,LBI1000080,1497,6485
11238,202004,강원,6420000,소,LBI1000080,2038,9021
11230,202004,경기,6410000,오리,LBI1000016,5951,22393
11236,202004,강원,6420000,돼지,LBI1000006,50658,200041
11235,202004,경기,6410000,닭,LBI1000088,12163327,44506050
11216,202004,대구,6270000,돼지,LBI1000006,33500,138952
11217,202004,대구,6270000,소,LBI1000080,1583,6954
11218,202004,대구,6270000,닭,LBI1000088,1812345,7313682
11219,202004,인천,6280000,돼지,LBI1000006,23600,86262
11220,202004,인천,6280000,소,LBI1000080,1174,5061
11222,202004,광주,6290000,돼지,LBI1000006,35512,115234
11223,202004,광주,6290000,말,LBI1000007,1,3
11224,202004,광주,6290000,소,LBI1000080,943,4003
11225,202004,대전,6300000,돼지,LBI1000006,20935,89210
11226,202004,대전,6300000,소,LBI1000080,814,3049
11227,202004,울산,6310000,돼지,LBI1000006,9996,39838
11228,202004,울산,6310000,소,LBI1000080,814,3496
11229,202004,경기,6410000,돼지,LBI1000006,240845,969324
11231,202004,경기,6410000,메추리,LBI1000021,75177,276055
11232,202004,경기,6410000,당나귀,LBI1000023,3,10
11233,202004,경기,6410000,소,LBI1000080,19953,80841
11234,202004,경기,6410000,산양,LBI1000087,611,2495
11221,202004,인천,6280000,닭,LBI1000088,396736,1674564
11263,202004,전남,6460000,닭,LBI1000088,5494419,18281510
11258,202004,전북,6450000,닭,LBI1000088,35757306,134464144
11271,202004,경남,6480000,소,LBI1000080,10064,41819
11259,202004,전남,6460000,돼지,LBI1000006,126660,515086
11279,202004,제주,6500000,닭,LBI1000088,688079,2564387
11278,202004,제주,6500000,산양,LBI1000087,82,265
11277,202004,제주,6500000,소,LBI1000080,398,1726
11276,202004,제주,6500000,오리,LBI1000016,10347,36726
11275,202004,제주,6500000,말,LBI1000007,71,249
11274,202004,제주,6500000,돼지,LBI1000006,79562,312863
11273,202004,경남,6480000,닭,LBI1000088,786152,4123019
11272,202004,경남,6480000,산양,LBI1000087,859,3170
11257,202004,전북,6450000,산양,LBI1000087,7,10
11270,202004,경남,6480000,오리,LBI1000016,259640,836127
11264,202004,경북,6470000,돼지,LBI1000006,109276,440931
11269,202004,경남,6480000,돼지,LBI1000006,179653,730230
11261,202004,전남,6460000,소,LBI1000080,5707,24217
11262,202004,전남,6460000,산양,LBI1000087,3708,12766
11260,202004,전남,6460000,오리,LBI1000016,3946459,13818380
11265,202004,경북,6470000,말,LBI1000007,2,8
11268,202004,경북,6470000,닭,LBI1000088,7700981,28275342
11266,202004,경북,6470000,소,LBI1000080,7566,32172
11267,202004,경북,6470000,산양,LBI1000087,550,1854
11314,202003,충남,6440000,소,LBI1000080,2400,9100
11315,202003,충남,6440000,산양,LBI1000087,1506,3824
11316,202003,충남,6440000,닭,LBI1000088,10794632,29133997
11317,202003,전북,6450000,돼지,LBI1000006,212338,640166
11318,202003,전북,6450000,오리,LBI1000016,811887,2179069
11327,202003,전남,6460000,닭,LBI1000088,4636306,12787091
11320,202003,전북,6450000,소,LBI1000080,1367,4988
11321,202003,전북,6450000,산양,LBI1000087,3,3
11322,202003,전북,6450000,닭,LBI1000088,33666825,98706838
11323,202003,전남,6460000,돼지,LBI1000006,124916,388426
11324,202003,전남,6460000,오리,LBI1000016,3457599,9871921
11325,202003,전남,6460000,소,LBI1000080,5417,18510
11326,202003,전남,6460000,산양,LBI1000087,2902,9058
11319,202003,전북,6450000,토끼,LBI1000018,6226,11776
11329,202003,경북,6470000,말,LBI1000007,2,6
11328,202003,경북,6470000,돼지,LBI1000006,109081,331655
11330,202003,경북,6470000,소,LBI1000080,6778,24606
11331,202003,경북,6470000,산양,LBI1000087,271,1304
11312,202003,충남,6440000,돼지,LBI1000006,207107,648591
11333,202003,경남,6480000,돼지,LBI1000006,182344,550577
11334,202003,경남,6480000,오리,LBI1000016,229524,576487
11335,202003,경남,6480000,소,LBI1000080,10173,31755
11336,202003,경남,6480000,산양,LBI1000087,659,2311
11337,202003,경남,6480000,닭,LBI1000088,1115111,3336867
11339,202003,제주,6500000,말,LBI1000007,54,178
11340,202003,제주,6500000,오리,LBI1000016,9871,26379
11341,202003,제주,6500000,소,LBI1000080,402,1328
11342,202003,제주,6500000,산양,LBI1000087,58,183
11343,202003,제주,6500000,닭,LBI1000088,638047,1876308
11313,202003,충남,6440000,말,LBI1000007,5,34
11338,202003,제주,6500000,돼지,LBI1000006,77690,233301
11311,202003,충북,6430000,닭,LBI1000088,12139302,35347911
11286,202003,광주,6290000,돼지,LBI1000006,32522,79722
11292,202003,울산,6310000,소,LBI1000080,646,2682
11291,202003,울산,6310000,돼지,LBI1000006,10527,29842
11290,202003,대전,6300000,소,LBI1000080,553,2235
11289,202003,대전,6300000,돼지,LBI1000006,19911,68275
11288,202003,광주,6290000,소,LBI1000080,904,3060
11287,202003,광주,6290000,말,LBI1000007,1,2
11285,202003,인천,6280000,닭,LBI1000088,535850,1277828
11294,202003,경기,6410000,말,LBI1000007,10,11
11284,202003,인천,6280000,소,LBI1000080,1125,3887
11283,202003,인천,6280000,돼지,LBI1000006,22997,62662
11282,202003,대구,6270000,닭,LBI1000088,1880696,5501337
11281,202003,대구,6270000,소,LBI1000080,1619,5371
11280,202003,대구,6270000,돼지,LBI1000006,35009,105452
11310,202003,충북,6430000,산양,LBI1000087,2808,8607
11293,202003,경기,6410000,돼지,LBI1000006,252536,728479
11332,202003,경북,6470000,닭,LBI1000088,7534883,20574361
11295,202003,경기,6410000,오리,LBI1000016,16442,16442
11303,202003,강원,6420000,소,LBI1000080,1972,6983
11296,202003,경기,6410000,메추리,LBI1000021,75667,200878
11309,202003,충북,6430000,소,LBI1000080,13696,43583
11308,202003,충북,6430000,사슴,LBI1000017,3,15
11307,202003,충북,6430000,오리,LBI1000016,919308,2366340
11306,202003,충북,6430000,돼지,LBI1000006,245355,726340
11304,202003,강원,6420000,산양,LBI1000087,635,1842
11305,202003,강원,6420000,닭,LBI1000088,1673470,4534270
11302,202003,강원,6420000,말,LBI1000007,5,7
11301,202003,강원,6420000,돼지,LBI1000006,51086,149383
11300,202003,경기,6410000,닭,LBI1000088,11543664,32342723
11299,202003,경기,6410000,산양,LBI1000087,570,1884
11298,202003,경기,6410000,소,LBI1000080,19252,60888
11297,202003,경기,6410000,당나귀,LBI1000023,2,7
11383,202002,전북,6450000,소,LBI1000080,1142,3621
11388,202002,전남,6460000,산양,LBI1000087,2919,6156
11387,202002,전남,6460000,소,LBI1000080,5074,13093
11386,202002,전남,6460000,오리,LBI1000016,3220088,6414322
11385,202002,전남,6460000,돼지,LBI1000006,128498,263510
11384,202002,전북,6450000,닭,LBI1000088,32791586,65040013
11377,202002,충남,6440000,산양,LBI1000087,1204,2318
11382,202002,전북,6450000,토끼,LBI1000018,4437,5550
11381,202002,전북,6450000,오리,LBI1000016,686254,1367182
11380,202002,전북,6450000,말,LBI1000007,1,2
11379,202002,전북,6450000,돼지,LBI1000006,214717,427828
11378,202002,충남,6440000,닭,LBI1000088,7775478,18339365
11389,202002,전남,6460000,닭,LBI1000088,3873340,8150785
11397,202002,경남,6480000,소,LBI1000080,8095,21582
11390,202002,경북,6470000,돼지,LBI1000006,111241,222574
11391,202002,경북,6470000,말,LBI1000007,2,4
11392,202002,경북,6470000,소,LBI1000080,5979,17828
11393,202002,경북,6470000,산양,LBI1000087,462,1033
11394,202002,경북,6470000,닭,LBI1000088,6815051,13039478
11396,202002,경남,6480000,오리,LBI1000016,182938,346963
11375,202002,충남,6440000,말,LBI1000007,17,29
11398,202002,경남,6480000,산양,LBI1000087,728,1652
11399,202002,경남,6480000,닭,LBI1000088,1135261,2221756
11400,202002,제주,6500000,돼지,LBI1000006,73689,155611
11401,202002,제주,6500000,말,LBI1000007,62,124
11402,202002,제주,6500000,오리,LBI1000016,8452,16508
11403,202002,제주,6500000,소,LBI1000080,341,926
11404,202002,제주,6500000,산양,LBI1000087,57,125
11405,202002,제주,6500000,닭,LBI1000088,604250,1238261
11376,202002,충남,6440000,소,LBI1000080,1997,6700
11368,202002,충북,6430000,돼지,LBI1000006,236775,480985
11374,202002,충남,6440000,돼지,LBI1000006,218088,441484
11373,202002,충북,6430000,닭,LBI1000088,11549853,23208609
11344,202002,대구,6270000,돼지,LBI1000006,34243,70443
11345,202002,대구,6270000,소,LBI1000080,1342,3752
11346,202002,대구,6270000,닭,LBI1000088,1861246,3620641
11347,202002,인천,6280000,돼지,LBI1000006,21324,39665
11348,202002,인천,6280000,소,LBI1000080,1011,2762
11349,202002,인천,6280000,닭,LBI1000088,313512,741978
11350,202002,광주,6290000,돼지,LBI1000006,25250,47200
11351,202002,광주,6290000,소,LBI1000080,894,2156
11352,202002,대전,6300000,돼지,LBI1000006,23260,48364
11353,202002,대전,6300000,소,LBI1000080,552,1682
11354,202002,울산,6310000,돼지,LBI1000006,9758,19315
11355,202002,울산,6310000,소,LBI1000080,620,2036
11356,202002,울산,6310000,산양,LBI1000087,21,53
11357,202002,경기,6410000,돼지,LBI1000006,240319,475943
11358,202002,경기,6410000,말,LBI1000007,1,1
11360,202002,경기,6410000,당나귀,LBI1000023,3,5
11361,202002,경기,6410000,소,LBI1000080,15235,41636
11362,202002,경기,6410000,산양,LBI1000087,485,1314
11363,202002,경기,6410000,닭,LBI1000088,9448261,20799059
11364,202002,강원,6420000,돼지,LBI1000006,47958,98297
11365,202002,강원,6420000,소,LBI1000080,1677,5011
11366,202002,강원,6420000,산양,LBI1000087,560,1207
11367,202002,강원,6420000,닭,LBI1000088,1371032,2860800
11369,202002,충북,6430000,오리,LBI1000016,726694,1447032
11370,202002,충북,6430000,사슴,LBI1000017,4,12
11371,202002,충북,6430000,소,LBI1000080,11782,29887
11372,202002,충북,6430000,산양,LBI1000087,2672,5799
11359,202002,경기,6410000,메추리,LBI1000021,58285,125211
11395,202002,경남,6480000,돼지,LBI1000006,181690,368233
11424,202001,경기,6410000,소,LBI1000080,26401,26401
11442,202001,충남,6440000,산양,LBI1000087,1114,1114
11408,202001,대구,6270000,닭,LBI1000088,1759395,1759395
11407,202001,대구,6270000,소,LBI1000080,2410,2410
11406,202001,대구,6270000,돼지,LBI1000006,36200,36200
11444,202001,전북,6450000,돼지,LBI1000006,213111,213111
11445,202001,전북,6450000,말,LBI1000007,1,1
11446,202001,전북,6450000,오리,LBI1000016,680928,680928
11447,202001,전북,6450000,토끼,LBI1000018,1113,1113
11448,202001,전북,6450000,소,LBI1000080,2479,2479
11449,202001,전북,6450000,닭,LBI1000088,32248427,32248427
11450,202001,전남,6460000,돼지,LBI1000006,135012,135012
11451,202001,전남,6460000,오리,LBI1000016,3194234,3194234
11452,202001,전남,6460000,소,LBI1000080,8019,8019
11453,202001,전남,6460000,산양,LBI1000087,3237,3237
11454,202001,전남,6460000,닭,LBI1000088,4277445,4277445
11455,202001,경북,6470000,돼지,LBI1000006,111333,111333
11456,202001,경북,6470000,말,LBI1000007,2,2
11457,202001,경북,6470000,소,LBI1000080,11849,11849
11458,202001,경북,6470000,산양,LBI1000087,571,571
11459,202001,경북,6470000,닭,LBI1000088,6224427,6224427
11460,202001,경남,6480000,돼지,LBI1000006,186543,186543
11461,202001,경남,6480000,오리,LBI1000016,164025,164025
11462,202001,경남,6480000,소,LBI1000080,13487,13487
11463,202001,경남,6480000,산양,LBI1000087,924,924
11464,202001,경남,6480000,닭,LBI1000088,1086495,1086495
11465,202001,제주,6500000,돼지,LBI1000006,81922,81922
11466,202001,제주,6500000,말,LBI1000007,62,62
11467,202001,제주,6500000,오리,LBI1000016,8056,8056
11468,202001,제주,6500000,소,LBI1000080,585,585
11469,202001,제주,6500000,산양,LBI1000087,68,68
11409,202001,인천,6280000,돼지,LBI1000006,18341,18341
11410,202001,인천,6280000,소,LBI1000080,1751,1751
11411,202001,인천,6280000,닭,LBI1000088,428466,428466
11427,202001,강원,6420000,돼지,LBI1000006,50339,50339
11440,202001,충남,6440000,말,LBI1000007,12,12
11439,202001,충남,6440000,돼지,LBI1000006,223396,223396
11438,202001,충북,6430000,닭,LBI1000088,11658756,11658756
11437,202001,충북,6430000,산양,LBI1000087,3127,3127
11436,202001,충북,6430000,소,LBI1000080,18105,18105
11435,202001,충북,6430000,사슴,LBI1000017,8,8
11434,202001,충북,6430000,오리,LBI1000016,720338,720338
11433,202001,충북,6430000,돼지,LBI1000006,244210,244210
11432,202001,강원,6420000,닭,LBI1000088,1489768,1489768
11431,202001,강원,6420000,산양,LBI1000087,647,647
11430,202001,강원,6420000,소,LBI1000080,3334,3334
11429,202001,강원,6420000,사슴,LBI1000017,3,3
11428,202001,강원,6420000,말,LBI1000007,2,2
11426,202001,경기,6410000,닭,LBI1000088,11350798,11350798
11412,202001,광주,6290000,돼지,LBI1000006,21950,21950
11425,202001,경기,6410000,산양,LBI1000087,829,829
11443,202001,충남,6440000,닭,LBI1000088,10563887,10563887
11423,202001,경기,6410000,당나귀,LBI1000023,2,2
11422,202001,경기,6410000,메추리,LBI1000021,66926,66926
11421,202001,경기,6410000,돼지,LBI1000006,235624,235624
11420,202001,울산,6310000,산양,LBI1000087,32,32
11419,202001,울산,6310000,소,LBI1000080,1416,1416
11418,202001,울산,6310000,돼지,LBI1000006,9557,9557
11417,202001,대전,6300000,소,LBI1000080,1130,1130
11416,202001,대전,6300000,돼지,LBI1000006,25104,25104
11415,202001,광주,6290000,소,LBI1000080,1262,1262
11414,202001,광주,6290000,오리,LBI1000016,6055,6055
11413,202001,광주,6290000,말,LBI1000007,1,1
11470,202001,제주,6500000,닭,LBI1000088,634011,634011
11441,202001,충남,6440000,소,LBI1000080,4703,4703
11525,201912,경북,6470000,닭,LBI1000088,6895723,90804344
11476,201912,인천,6280000,닭,LBI1000088,407145,7260884
11490,201912,경기,6410000,산양,LBI1000087,754,7722
11489,201912,경기,6410000,소,LBI1000080,25641,240044
11488,201912,경기,6410000,당나귀,LBI1000023,7,56
11487,201912,경기,6410000,메추리,LBI1000021,56697,905823
11486,201912,경기,6410000,말,LBI1000007,1,28
11485,201912,경기,6410000,돼지,LBI1000006,243895,2922843
11484,201912,울산,6310000,산양,LBI1000087,110,821
11483,201912,울산,6310000,소,LBI1000080,1063,11432
11482,201912,울산,6310000,돼지,LBI1000006,9317,96198
11481,201912,대전,6300000,소,LBI1000080,830,8929
11480,201912,대전,6300000,돼지,LBI1000006,23647,259985
11479,201912,광주,6290000,소,LBI1000080,1168,12792
11478,201912,광주,6290000,오리,LBI1000016,66831,1309830
11477,201912,광주,6290000,돼지,LBI1000006,22541,230878
11475,201912,인천,6280000,소,LBI1000080,1198,13449
11492,201912,강원,6420000,돼지,LBI1000006,56391,583685
11474,201912,인천,6280000,돼지,LBI1000006,12598,332492
11473,201912,대구,6270000,닭,LBI1000088,1747279,21546591
11472,201912,대구,6270000,소,LBI1000080,1952,20303
11471,201912,대구,6270000,돼지,LBI1000006,38170,439661
11527,201912,경남,6480000,오리,LBI1000016,315031,2472488
11528,201912,경남,6480000,소,LBI1000080,13389,132284
11529,201912,경남,6480000,산양,LBI1000087,1327,13600
11530,201912,경남,6480000,닭,LBI1000088,819653,12553545
11524,201912,경북,6470000,산양,LBI1000087,989,9704
11532,201912,제주,6500000,말,LBI1000007,111,1043
11533,201912,제주,6500000,오리,LBI1000016,9127,122323
11534,201912,제주,6500000,소,LBI1000080,648,6149
11535,201912,제주,6500000,산양,LBI1000087,99,715
11536,201912,제주,6500000,닭,LBI1000088,751437,8498507
11491,201912,경기,6410000,닭,LBI1000088,11919593,137239815
11531,201912,제주,6500000,돼지,LBI1000006,81134,864561
11493,201912,강원,6420000,말,LBI1000007,3,71
11510,201912,전북,6450000,돼지,LBI1000006,216370,2358206
11494,201912,강원,6420000,사슴,LBI1000017,1,5
11523,201912,경북,6470000,소,LBI1000080,10556,96066
11522,201912,경북,6470000,말,LBI1000007,4,47
11521,201912,경북,6470000,돼지,LBI1000006,118955,1275677
11520,201912,전남,6460000,닭,LBI1000088,4180444,64226821
11519,201912,전남,6460000,산양,LBI1000087,3465,40679
11518,201912,전남,6460000,소,LBI1000080,6945,73718
11517,201912,전남,6460000,오리,LBI1000016,3984645,44591697
11516,201912,전남,6460000,돼지,LBI1000006,140426,1451105
11515,201912,전북,6450000,닭,LBI1000088,33413200,424520836
11514,201912,전북,6450000,소,LBI1000080,1935,19678
11513,201912,전북,6450000,토끼,LBI1000018,1217,17099
11512,201912,전북,6450000,오리,LBI1000016,696822,11046024
11511,201912,전북,6450000,말,LBI1000007,1,25
11499,201912,충북,6430000,오리,LBI1000016,903239,10076740
11509,201912,충남,6440000,닭,LBI1000088,10064610,121206425
11501,201912,충북,6430000,소,LBI1000080,18890,183062
11508,201912,충남,6440000,산양,LBI1000087,1423,16733
11497,201912,강원,6420000,닭,LBI1000088,1658950,17531477
11498,201912,충북,6430000,돼지,LBI1000006,263671,2772627
11526,201912,경남,6480000,돼지,LBI1000006,189983,1977803
11500,201912,충북,6430000,사슴,LBI1000017,1,61
11496,201912,강원,6420000,산양,LBI1000087,825,9758
11502,201912,충북,6430000,면양,LBI1000086,2,32
11506,201912,충남,6440000,말,LBI1000007,12,84
11507,201912,충남,6440000,소,LBI1000080,3875,37102
11503,201912,충북,6430000,산양,LBI1000087,3898,45668
11495,201912,강원,6420000,소,LBI1000080,3607,31596
11505,201912,충남,6440000,돼지,LBI1000006,212278,2259528
11504,201912,충북,6430000,닭,LBI1000088,12963385,154605245
11576,201911,전북,6450000,오리,LBI1000016,988239,10349202
11566,201911,충북,6430000,소,LBI1000080,14270,164172
11567,201911,충북,6430000,산양,LBI1000087,3724,41770
11568,201911,충북,6430000,닭,LBI1000088,12788652,141641860
11570,201911,충남,6440000,말,LBI1000007,8,72
11571,201911,충남,6440000,소,LBI1000080,2759,33227
11572,201911,충남,6440000,산양,LBI1000087,1309,15310
11573,201911,충남,6440000,닭,LBI1000088,10270578,111141815
11574,201911,전북,6450000,돼지,LBI1000006,215879,2141836
11575,201911,전북,6450000,말,LBI1000007,1,24
11569,201911,충남,6440000,돼지,LBI1000006,220015,2047250
11582,201911,전남,6460000,오리,LBI1000016,3604107,40607052
11577,201911,전북,6450000,토끼,LBI1000018,870,15882
11578,201911,전북,6450000,소,LBI1000080,1513,17743
11579,201911,전북,6450000,닭,LBI1000088,33539203,391107636
11580,201911,전남,6460000,돼지,LBI1000006,138448,1310679
11581,201911,전남,6460000,말,LBI1000007,2,5
11564,201911,충북,6430000,오리,LBI1000016,806971,9173501
11583,201911,전남,6460000,소,LBI1000080,6047,66773
11584,201911,전남,6460000,산양,LBI1000087,3041,37214
11585,201911,전남,6460000,닭,LBI1000088,4385678,60046377
11586,201911,경북,6470000,돼지,LBI1000006,124225,1156722
11587,201911,경북,6470000,말,LBI1000007,3,43
11588,201911,경북,6470000,소,LBI1000080,7482,85510
11565,201911,충북,6430000,사슴,LBI1000017,8,60
11556,201911,경기,6410000,소,LBI1000080,18324,214403
11563,201911,충북,6430000,돼지,LBI1000006,235334,2508956
11562,201911,강원,6420000,닭,LBI1000088,1652727,15872527
11537,201911,대구,6270000,돼지,LBI1000006,41255,401491
11538,201911,대구,6270000,소,LBI1000080,1411,18351
11539,201911,대구,6270000,닭,LBI1000088,1876215,19799312
11540,201911,인천,6280000,돼지,LBI1000006,16627,319894
11541,201911,인천,6280000,꿩,LBI1000022,8054,8054
11542,201911,인천,6280000,소,LBI1000080,907,12251
11543,201911,인천,6280000,닭,LBI1000088,405967,6853739
11544,201911,광주,6290000,돼지,LBI1000006,19603,208337
11545,201911,광주,6290000,말,LBI1000007,2,4
11546,201911,광주,6290000,오리,LBI1000016,116695,1242999
11547,201911,광주,6290000,소,LBI1000080,1112,11624
11549,201911,대전,6300000,소,LBI1000080,635,8099
11550,201911,울산,6310000,돼지,LBI1000006,10563,86881
11551,201911,울산,6310000,소,LBI1000080,818,10369
11552,201911,울산,6310000,산양,LBI1000087,109,711
11553,201911,경기,6410000,돼지,LBI1000006,291769,2678948
11554,201911,경기,6410000,메추리,LBI1000021,71683,849126
11555,201911,경기,6410000,당나귀,LBI1000023,3,49
11557,201911,경기,6410000,산양,LBI1000087,661,6968
11558,201911,경기,6410000,닭,LBI1000088,11319944,125320222
11559,201911,강원,6420000,돼지,LBI1000006,54897,527294
11560,201911,강원,6420000,소,LBI1000080,2315,27989
11561,201911,강원,6420000,산양,LBI1000087,793,8933
11548,201911,대전,6300000,돼지,LBI1000006,20747,236338
11589,201911,경북,6470000,산양,LBI1000087,824,8715
11597,201911,제주,6500000,돼지,LBI1000006,76000,783427
11591,201911,경남,6480000,돼지,LBI1000006,185284,1787820
11602,201911,제주,6500000,산양,LBI1000087,110,616
11601,201911,제주,6500000,소,LBI1000080,463,5501
11600,201911,제주,6500000,사슴,LBI1000017,10,11
11599,201911,제주,6500000,오리,LBI1000016,8317,113196
11598,201911,제주,6500000,말,LBI1000007,88,932
11596,201911,경남,6480000,닭,LBI1000088,981775,11733892
11595,201911,경남,6480000,산양,LBI1000087,912,12273
11594,201911,경남,6480000,소,LBI1000080,9342,118895
11593,201911,경남,6480000,오리,LBI1000016,239337,2157457
11603,201911,제주,6500000,닭,LBI1000088,686870,7747070
11592,201911,경남,6480000,말,LBI1000007,1,3
11590,201911,경북,6470000,닭,LBI1000088,6578626,83908621
11609,201910,인천,6280000,닭,LBI1000088,444785,6447772
11604,201910,대구,6270000,돼지,LBI1000006,53155,360236
11607,201910,인천,6280000,돼지,LBI1000006,26443,303267
11606,201910,대구,6270000,닭,LBI1000088,1583538,17923097
11610,201910,광주,6290000,돼지,LBI1000006,20827,188734
11611,201910,광주,6290000,오리,LBI1000016,154175,1126304
11612,201910,광주,6290000,소,LBI1000080,1040,10512
11605,201910,대구,6270000,소,LBI1000080,1551,16940
11613,201910,대전,6300000,돼지,LBI1000006,20972,215591
11614,201910,대전,6300000,소,LBI1000080,766,7464
11615,201910,울산,6310000,돼지,LBI1000006,9634,76318
11616,201910,울산,6310000,소,LBI1000080,876,9551
11608,201910,인천,6280000,소,LBI1000080,1274,11344
10633,201910,경남,6480000,돼지,LBI1000006,182329,1602536
11618,201910,경기,6410000,돼지,LBI1000006,313557,2387179
10644,201910,제주,6500000,닭,LBI1000088,744949,7060200
10643,201910,제주,6500000,산양,LBI1000087,84,506
10642,201910,제주,6500000,소,LBI1000080,496,5038
10641,201910,제주,6500000,오리,LBI1000016,8744,104879
10640,201910,제주,6500000,말,LBI1000007,96,844
10639,201910,제주,6500000,돼지,LBI1000006,74373,707427
10638,201910,경남,6480000,닭,LBI1000088,820895,10752117
10637,201910,경남,6480000,산양,LBI1000087,1182,11361
10636,201910,경남,6480000,면양,LBI1000086,1,1
10635,201910,경남,6480000,소,LBI1000080,10764,109553
10634,201910,경남,6480000,오리,LBI1000016,223487,1918120
11617,201910,울산,6310000,산양,LBI1000087,81,602
10632,201910,경북,6470000,닭,LBI1000088,6707696,77329995
11619,201910,경기,6410000,말,LBI1000007,4,27
11652,201910,전남,6460000,닭,LBI1000088,4603014,55660699
11641,201910,전북,6450000,말,LBI1000007,2,23
11642,201910,전북,6450000,오리,LBI1000016,1093711,9360963
11643,201910,전북,6450000,토끼,LBI1000018,760,15012
11656,201910,경북,6470000,산양,LBI1000087,779,7891
11655,201910,경북,6470000,소,LBI1000080,8416,78028
11654,201910,경북,6470000,말,LBI1000007,5,40
11653,201910,경북,6470000,돼지,LBI1000006,139658,1032497
11651,201910,전남,6460000,산양,LBI1000087,3940,34173
11639,201910,충남,6440000,닭,LBI1000088,10029213,100871237
11650,201910,전남,6460000,소,LBI1000080,6484,60726
11648,201910,전남,6460000,말,LBI1000007,1,3
11647,201910,전남,6460000,돼지,LBI1000006,142052,1172231
11646,201910,전북,6450000,닭,LBI1000088,35012991,357568433
11645,201910,전북,6450000,산양,LBI1000087,3,9
11644,201910,전북,6450000,소,LBI1000080,1394,16230
11620,201910,경기,6410000,메추리,LBI1000021,105163,777443
11640,201910,전북,6450000,돼지,LBI1000006,213724,1925957
11649,201910,전남,6460000,오리,LBI1000016,3996739,37002945
11638,201910,충남,6440000,산양,LBI1000087,1554,14001
11628,201910,강원,6420000,닭,LBI1000088,1450882,14219800
11621,201910,경기,6410000,당나귀,LBI1000023,4,46
11637,201910,충남,6440000,소,LBI1000080,3347,30468
11622,201910,경기,6410000,소,LBI1000080,17640,196079
11623,201910,경기,6410000,산양,LBI1000087,775,6307
11625,201910,강원,6420000,돼지,LBI1000006,59972,472397
11626,201910,강원,6420000,소,LBI1000080,2564,25674
11627,201910,강원,6420000,산양,LBI1000087,1000,8140
11624,201910,경기,6410000,닭,LBI1000088,11272225,114000278
11629,201910,충북,6430000,돼지,LBI1000006,213883,2273622
11636,201910,충남,6440000,말,LBI1000007,18,64
11631,201910,충북,6430000,사슴,LBI1000017,6,52
11632,201910,충북,6430000,소,LBI1000080,17710,149902
11633,201910,충북,6430000,산양,LBI1000087,3763,38046
11634,201910,충북,6430000,닭,LBI1000088,13334045,128853208
11630,201910,충북,6430000,오리,LBI1000016,900620,8366530
11635,201910,충남,6440000,돼지,LBI1000006,242201,1827235
10663,201909,경기,6410000,당나귀,LBI1000023,2,42
10659,201909,울산,6310000,산양,LBI1000087,23,521
10660,201909,경기,6410000,돼지,LBI1000006,192681,2073622
10661,201909,경기,6410000,말,LBI1000007,2,23
10662,201909,경기,6410000,메추리,LBI1000021,20149,672280
10665,201909,경기,6410000,산양,LBI1000087,684,5532
10664,201909,경기,6410000,소,LBI1000080,18932,178439
10666,201909,경기,6410000,닭,LBI1000088,10247623,102728053
10667,201909,강원,6420000,돼지,LBI1000006,35654,412425
10657,201909,울산,6310000,돼지,LBI1000006,5316,66684
10668,201909,강원,6420000,말,LBI1000007,7,68
10658,201909,울산,6310000,소,LBI1000080,1145,8675
10649,201909,인천,6280000,소,LBI1000080,1084,10070
10656,201909,대전,6300000,소,LBI1000080,856,6698
10655,201909,대전,6300000,돼지,LBI1000006,18544,194619
10654,201909,광주,6290000,소,LBI1000080,1034,9472
10653,201909,광주,6290000,오리,LBI1000016,159446,972129
10652,201909,광주,6290000,말,LBI1000007,1,2
10651,201909,광주,6290000,돼지,LBI1000006,17421,167907
10650,201909,인천,6280000,닭,LBI1000088,474571,6002987
10648,201909,인천,6280000,돼지,LBI1000006,17867,276824
10647,201909,대구,6270000,닭,LBI1000088,1452344,16339559
10646,201909,대구,6270000,소,LBI1000080,1568,15389
10645,201909,대구,6270000,돼지,LBI1000006,30932,307081
10670,201909,강원,6420000,소,LBI1000080,2339,23110
10669,201909,강원,6420000,사슴,LBI1000017,1,4
10683,201909,충남,6440000,닭,LBI1000088,9750691,90842024
10671,201909,강원,6420000,산양,LBI1000087,698,7140
10701,201909,경남,6480000,소,LBI1000080,9847,98789
10694,201909,경북,6470000,돼지,LBI1000006,96196,892839
10695,201909,경북,6470000,말,LBI1000007,2,35
10696,201909,경북,6470000,소,LBI1000080,7343,69612
10697,201909,경북,6470000,산양,LBI1000087,570,7112
10698,201909,경북,6470000,닭,LBI1000088,5940250,70622299
10699,201909,경남,6480000,돼지,LBI1000006,140958,1420207
10700,201909,경남,6480000,오리,LBI1000016,156433,1694633
10702,201909,경남,6480000,산양,LBI1000087,946,10179
10672,201909,강원,6420000,닭,LBI1000088,1563949,12768918
10703,201909,경남,6480000,닭,LBI1000088,987560,9931222
10705,201909,제주,6500000,말,LBI1000007,73,748
10706,201909,제주,6500000,오리,LBI1000016,8683,96135
10707,201909,제주,6500000,사슴,LBI1000017,1,1
10708,201909,제주,6500000,소,LBI1000080,433,4542
10709,201909,제주,6500000,산양,LBI1000087,73,422
10710,201909,제주,6500000,닭,LBI1000088,601622,6315251
10693,201909,전남,6460000,닭,LBI1000088,4217595,51057685
10692,201909,전남,6460000,산양,LBI1000087,3071,30233
10691,201909,전남,6460000,소,LBI1000080,5929,54242
10690,201909,전남,6460000,오리,LBI1000016,3751455,33006206
10673,201909,충북,6430000,돼지,LBI1000006,184473,2059739
10674,201909,충북,6430000,오리,LBI1000016,948509,7465910
10675,201909,충북,6430000,사슴,LBI1000017,4,46
10676,201909,충북,6430000,소,LBI1000080,13466,132192
10677,201909,충북,6430000,산양,LBI1000087,3110,34283
10678,201909,충북,6430000,닭,LBI1000088,12685260,115519163
10679,201909,충남,6440000,돼지,LBI1000006,163014,1585034
10680,201909,충남,6440000,말,LBI1000007,3,46
10681,201909,충남,6440000,소,LBI1000080,2958,27121
10682,201909,충남,6440000,산양,LBI1000087,1135,12447
10684,201909,전북,6450000,돼지,LBI1000006,168379,1712233
10685,201909,전북,6450000,오리,LBI1000016,906382,8267252
10686,201909,전북,6450000,토끼,LBI1000018,1051,14252
10687,201909,전북,6450000,소,LBI1000080,1625,14836
10688,201909,전북,6450000,닭,LBI1000088,31762023,322555442
10689,201909,전남,6460000,돼지,LBI1000006,101947,1030179
10704,201909,제주,6500000,돼지,LBI1000006,68180,633054
10776,201908,제주,6500000,소,LBI1000080,739,4109
10777,201908,제주,6500000,산양,LBI1000087,78,349
12098,201908,제주,6500000,닭,LBI1000088,821774,5713629
10760,201908,전남,6460000,산양,LBI1000087,4547,27162
10745,201908,충남,6440000,돼지,LBI1000006,179228,1422020
10746,201908,충남,6440000,말,LBI1000007,9,43
10747,201908,충남,6440000,소,LBI1000080,4608,24163
10748,201908,충남,6440000,산양,LBI1000087,1812,11312
10749,201908,충남,6440000,닭,LBI1000088,11137507,81091333
10750,201908,전북,6450000,돼지,LBI1000006,182440,1543854
10751,201908,전북,6450000,말,LBI1000007,3,21
10752,201908,전북,6450000,오리,LBI1000016,1116526,7360870
10753,201908,전북,6450000,토끼,LBI1000018,1638,13201
10754,201908,전북,6450000,당나귀,LBI1000023,1,2
10755,201908,전북,6450000,소,LBI1000080,2114,13211
10756,201908,전북,6450000,닭,LBI1000088,39789516,290793419
10757,201908,전남,6460000,돼지,LBI1000006,114505,928232
10759,201908,전남,6460000,소,LBI1000080,7504,48313
10761,201908,전남,6460000,닭,LBI1000088,6352434,46840090
10743,201908,충북,6430000,산양,LBI1000087,5586,31173
10762,201908,경북,6470000,돼지,LBI1000006,99113,796643
10763,201908,경북,6470000,말,LBI1000007,4,33
10764,201908,경북,6470000,소,LBI1000080,11913,62269
10765,201908,경북,6470000,산양,LBI1000087,874,6542
10766,201908,경북,6470000,닭,LBI1000088,8346275,64682049
10767,201908,경남,6480000,돼지,LBI1000006,150756,1279249
10768,201908,경남,6480000,말,LBI1000007,1,2
10769,201908,경남,6480000,오리,LBI1000016,192989,1538200
10770,201908,경남,6480000,소,LBI1000080,14534,88942
10771,201908,경남,6480000,산양,LBI1000087,1326,9233
10772,201908,경남,6480000,닭,LBI1000088,1048941,8943662
10773,201908,제주,6500000,돼지,LBI1000006,71523,564874
10774,201908,제주,6500000,말,LBI1000007,90,675
10775,201908,제주,6500000,오리,LBI1000016,10534,87452
10744,201908,충북,6430000,닭,LBI1000088,13722095,102833903
10758,201908,전남,6460000,오리,LBI1000016,4214412,29254751
10742,201908,충북,6430000,면양,LBI1000086,1,30
10717,201908,광주,6290000,돼지,LBI1000006,17471,150486
10724,201908,울산,6310000,산양,LBI1000087,21,498
10723,201908,울산,6310000,소,LBI1000080,1044,7530
10722,201908,울산,6310000,돼지,LBI1000006,6900,61368
10721,201908,대전,6300000,소,LBI1000080,1043,5842
10719,201908,광주,6290000,소,LBI1000080,1175,8438
10718,201908,광주,6290000,오리,LBI1000016,200380,812683
10716,201908,인천,6280000,닭,LBI1000088,965038,5528416
10726,201908,경기,6410000,말,LBI1000007,3,21
10715,201908,인천,6280000,소,LBI1000080,1430,8986
10714,201908,인천,6280000,돼지,LBI1000006,29642,258957
10713,201908,대구,6270000,닭,LBI1000088,1935293,14887215
10712,201908,대구,6270000,소,LBI1000080,2322,13821
10741,201908,충북,6430000,소,LBI1000080,19768,118726
10711,201908,대구,6270000,돼지,LBI1000006,32788,276149
10725,201908,경기,6410000,돼지,LBI1000006,222661,1880941
10720,201908,대전,6300000,돼지,LBI1000006,22269,176075
10727,201908,경기,6410000,메추리,LBI1000021,15230,652131
10733,201908,강원,6420000,말,LBI1000007,19,61
10740,201908,충북,6430000,사슴,LBI1000017,17,42
10738,201908,충북,6430000,말,LBI1000007,2,36
10737,201908,충북,6430000,돼지,LBI1000006,217774,1875266
10736,201908,강원,6420000,닭,LBI1000088,1351794,11204969
10735,201908,강원,6420000,산양,LBI1000087,1178,6442
10734,201908,강원,6420000,소,LBI1000080,4304,20771
10739,201908,충북,6430000,오리,LBI1000016,1096834,6517401
10732,201908,강원,6420000,돼지,LBI1000006,45952,376771
10730,201908,경기,6410000,산양,LBI1000087,889,4848
10729,201908,경기,6410000,소,LBI1000080,28137,159507
10731,201908,경기,6410000,닭,LBI1000088,12001237,92480430
10728,201908,경기,6410000,당나귀,LBI1000023,6,40
12140,201907,전북,6450000,오리,LBI1000016,1217020,6244344
12146,201907,전남,6460000,오리,LBI1000016,4332060,25040339
12145,201907,전남,6460000,돼지,LBI1000006,127108,813727
12144,201907,전북,6450000,닭,LBI1000088,48214012,251003903
12143,201907,전북,6450000,산양,LBI1000087,5,6
12142,201907,전북,6450000,소,LBI1000080,1439,11097
12141,201907,전북,6450000,토끼,LBI1000018,2633,11563
12139,201907,전북,6450000,말,LBI1000007,1,18
12138,201907,전북,6450000,돼지,LBI1000006,182939,1361414
12137,201907,충남,6440000,닭,LBI1000088,12780060,69953826
12136,201907,충남,6440000,산양,LBI1000087,2248,9500
12135,201907,충남,6440000,소,LBI1000080,2733,19555
12134,201907,충남,6440000,말,LBI1000007,10,34
12148,201907,전남,6460000,산양,LBI1000087,5460,22615
12147,201907,전남,6460000,소,LBI1000080,6122,40809
12163,201907,제주,6500000,소,LBI1000080,474,3370
12149,201907,전남,6460000,닭,LBI1000088,9385114,40487656
12150,201907,경북,6470000,돼지,LBI1000006,101395,697530
12151,201907,경북,6470000,말,LBI1000007,4,29
12152,201907,경북,6470000,소,LBI1000080,7401,50356
12153,201907,경북,6470000,산양,LBI1000087,1016,5668
12154,201907,경북,6470000,닭,LBI1000088,11899154,56335774
12155,201907,경남,6480000,돼지,LBI1000006,162611,1128493
12156,201907,경남,6480000,오리,LBI1000016,233230,1345211
12157,201907,경남,6480000,소,LBI1000080,10977,74408
12158,201907,경남,6480000,산양,LBI1000087,1431,7907
12159,201907,경남,6480000,닭,LBI1000088,1299161,7894721
12160,201907,제주,6500000,돼지,LBI1000006,71646,493351
12161,201907,제주,6500000,말,LBI1000007,85,585
12162,201907,제주,6500000,오리,LBI1000016,13566,76918
12132,201907,충북,6430000,닭,LBI1000088,15709905,89111808
12133,201907,충남,6440000,돼지,LBI1000006,182449,1242792
12100,201907,대구,6270000,소,LBI1000080,1576,11499
12131,201907,충북,6430000,산양,LBI1000087,6635,25587
12114,201907,경기,6410000,말,LBI1000007,1,18
12165,201907,제주,6500000,닭,LBI1000088,896185,4891855
12101,201907,대구,6270000,닭,LBI1000088,2308777,12951922
12102,201907,인천,6280000,돼지,LBI1000006,32749,229315
12103,201907,인천,6280000,소,LBI1000080,1026,7556
12104,201907,인천,6280000,닭,LBI1000088,1336727,4563378
12105,201907,광주,6290000,돼지,LBI1000006,18185,133015
12106,201907,광주,6290000,오리,LBI1000016,201336,612303
12107,201907,광주,6290000,소,LBI1000080,1035,7263
12108,201907,대전,6300000,돼지,LBI1000006,22048,153806
12109,201907,대전,6300000,소,LBI1000080,621,4799
12110,201907,울산,6310000,돼지,LBI1000006,7786,54468
12111,201907,울산,6310000,소,LBI1000080,881,6486
12112,201907,울산,6310000,산양,LBI1000087,44,477
12113,201907,경기,6410000,돼지,LBI1000006,245490,1658280
12115,201907,경기,6410000,메추리,LBI1000021,55132,636901
12130,201907,충북,6430000,소,LBI1000080,14511,98958
12116,201907,경기,6410000,당나귀,LBI1000023,5,34
12117,201907,경기,6410000,소,LBI1000080,19076,131370
12118,201907,경기,6410000,산양,LBI1000087,825,3959
12119,201907,경기,6410000,닭,LBI1000088,13582990,80479193
12120,201907,강원,6420000,돼지,LBI1000006,45191,330819
12121,201907,강원,6420000,말,LBI1000007,10,42
12122,201907,강원,6420000,사슴,LBI1000017,3,3
12123,201907,강원,6420000,소,LBI1000080,2422,16467
12124,201907,강원,6420000,면양,LBI1000086,1,7
12125,201907,강원,6420000,산양,LBI1000087,1201,5264
12126,201907,강원,6420000,닭,LBI1000088,1529915,9853175
12127,201907,충북,6430000,돼지,LBI1000006,240326,1657492
12128,201907,충북,6430000,오리,LBI1000016,1124862,5420567
12129,201907,충북,6430000,사슴,LBI1000017,6,25
12164,201907,제주,6500000,산양,LBI1000087,39,271
12099,201907,대구,6270000,돼지,LBI1000006,35801,243361
12224,201906,경남,6480000,닭,LBI1000088,1169213,6595560
12191,201906,강원,6420000,닭,LBI1000088,1459167,8323260
12189,201906,강원,6420000,소,LBI1000080,1929,14045
12188,201906,강원,6420000,말,LBI1000007,24,32
12187,201906,강원,6420000,돼지,LBI1000006,39908,285628
12186,201906,경기,6410000,닭,LBI1000088,11836296,66896203
12185,201906,경기,6410000,산양,LBI1000087,636,3134
12184,201906,경기,6410000,소,LBI1000080,16388,112294
12183,201906,경기,6410000,당나귀,LBI1000023,4,29
12182,201906,경기,6410000,메추리,LBI1000021,95723,581769
12181,201906,경기,6410000,말,LBI1000007,7,17
12180,201906,경기,6410000,돼지,LBI1000006,213581,1412790
12179,201906,울산,6310000,산양,LBI1000087,22,433
12178,201906,울산,6310000,소,LBI1000080,780,5605
12177,201906,울산,6310000,돼지,LBI1000006,5895,46682
12176,201906,대전,6300000,소,LBI1000080,569,4178
12175,201906,대전,6300000,돼지,LBI1000006,20239,131758
12174,201906,광주,6290000,소,LBI1000080,945,6228
12173,201906,광주,6290000,오리,LBI1000016,129493,410967
12172,201906,광주,6290000,돼지,LBI1000006,14539,114830
12171,201906,인천,6280000,닭,LBI1000088,745347,3226651
12170,201906,인천,6280000,소,LBI1000080,907,6530
12169,201906,인천,6280000,돼지,LBI1000006,29874,196566
12168,201906,대구,6270000,닭,LBI1000088,1932527,10643145
12167,201906,대구,6270000,소,LBI1000080,1267,9923
12166,201906,대구,6270000,돼지,LBI1000006,29987,207560
12225,201906,제주,6500000,돼지,LBI1000006,60952,421705
12223,201906,경남,6480000,산양,LBI1000087,1146,6476
12228,201906,제주,6500000,소,LBI1000080,508,2896
12229,201906,제주,6500000,산양,LBI1000087,37,232
12230,201906,제주,6500000,닭,LBI1000088,687248,3995670
12190,201906,강원,6420000,산양,LBI1000087,820,4063
12227,201906,제주,6500000,오리,LBI1000016,10799,63352
12192,201906,충북,6430000,돼지,LBI1000006,207057,1417166
12209,201906,전북,6450000,닭,LBI1000088,38154200,202789891
12193,201906,충북,6430000,말,LBI1000007,6,34
12222,201906,경남,6480000,소,LBI1000080,9092,63431
12221,201906,경남,6480000,오리,LBI1000016,172679,1111981
12220,201906,경남,6480000,돼지,LBI1000006,140904,965882
12219,201906,경북,6470000,닭,LBI1000088,8525893,44436620
12218,201906,경북,6470000,산양,LBI1000087,726,4652
12217,201906,경북,6470000,소,LBI1000080,5881,42955
12216,201906,경북,6470000,말,LBI1000007,1,25
12215,201906,경북,6470000,돼지,LBI1000006,85947,596135
12214,201906,전남,6460000,닭,LBI1000088,6721290,31102542
12213,201906,전남,6460000,산양,LBI1000087,4383,17155
12212,201906,전남,6460000,소,LBI1000080,5464,34687
12211,201906,전남,6460000,오리,LBI1000016,3535444,20708279
12210,201906,전남,6460000,돼지,LBI1000006,106417,686619
12226,201906,제주,6500000,말,LBI1000007,73,500
12208,201906,전북,6450000,소,LBI1000080,1190,9658
12201,201906,충남,6440000,소,LBI1000080,2170,16822
12207,201906,전북,6450000,토끼,LBI1000018,2750,8930
12195,201906,충북,6430000,사슴,LBI1000017,4,19
12196,201906,충북,6430000,소,LBI1000080,11968,84447
12197,201906,충북,6430000,산양,LBI1000087,3882,18952
12198,201906,충북,6430000,닭,LBI1000088,13742281,73401903
12199,201906,충남,6440000,돼지,LBI1000006,157202,1060343
12200,201906,충남,6440000,말,LBI1000007,7,24
12194,201906,충북,6430000,오리,LBI1000016,999033,4295705
12206,201906,전북,6450000,오리,LBI1000016,1074222,5027324
12202,201906,충남,6440000,산양,LBI1000087,1609,7252
12203,201906,충남,6440000,닭,LBI1000088,10159345,57173766
12204,201906,전북,6450000,돼지,LBI1000006,166469,1178475
12205,201906,전북,6450000,말,LBI1000007,2,17
12268,201905,충남,6440000,산양,LBI1000087,1564,5643
12273,201905,전북,6450000,토끼,LBI1000018,2735,6180
12272,201905,전북,6450000,오리,LBI1000016,1003334,3953102
12271,201905,전북,6450000,말,LBI1000007,1,15
12270,201905,전북,6450000,돼지,LBI1000006,191971,1012006
12269,201905,충남,6440000,닭,LBI1000088,11005094,47014421
12264,201905,충북,6430000,닭,LBI1000088,13846858,59659622
12267,201905,충남,6440000,소,LBI1000080,2525,14652
12266,201905,충남,6440000,말,LBI1000007,3,17
12263,201905,충북,6430000,산양,LBI1000087,4250,15070
12274,201905,전북,6450000,당나귀,LBI1000023,1,1
12261,201905,충북,6430000,소,LBI1000080,13293,72479
12262,201905,충북,6430000,면양,LBI1000086,1,29
12265,201905,충남,6440000,돼지,LBI1000006,184554,903141
12281,201905,전남,6460000,닭,LBI1000088,6388841,24381252
12275,201905,전북,6450000,소,LBI1000080,1485,8468
12284,201905,경북,6470000,소,LBI1000080,6431,37074
12290,201905,경남,6480000,산양,LBI1000087,1254,5330
12289,201905,경남,6480000,소,LBI1000080,9879,54339
12288,201905,경남,6480000,오리,LBI1000016,195644,939302
12287,201905,경남,6480000,돼지,LBI1000006,161951,824978
12286,201905,경북,6470000,닭,LBI1000088,8827502,35910727
12285,201905,경북,6470000,산양,LBI1000087,839,3926
12283,201905,경북,6470000,말,LBI1000007,5,24
12276,201905,전북,6450000,닭,LBI1000088,38850869,164635691
12282,201905,경북,6470000,돼지,LBI1000006,101192,510188
12259,201905,충북,6430000,오리,LBI1000016,882859,3296672
12280,201905,전남,6460000,산양,LBI1000087,2988,12772
12279,201905,전남,6460000,소,LBI1000080,5647,29223
12278,201905,전남,6460000,오리,LBI1000016,3910762,17172835
12277,201905,전남,6460000,돼지,LBI1000006,121787,580202
12260,201905,충북,6430000,사슴,LBI1000017,5,15
12252,201905,강원,6420000,돼지,LBI1000006,46541,245720
12258,201905,충북,6430000,말,LBI1000007,1,28
12257,201905,충북,6430000,돼지,LBI1000006,245155,1210109
12294,201905,제주,6500000,오리,LBI1000016,13418,52553
12295,201905,제주,6500000,소,LBI1000080,450,2388
12296,201905,제주,6500000,산양,LBI1000087,47,195
12297,201905,제주,6500000,닭,LBI1000088,768787,3308422
12291,201905,경남,6480000,닭,LBI1000088,1305092,5426347
12231,201905,대구,6270000,돼지,LBI1000006,34890,177573
12232,201905,대구,6270000,소,LBI1000080,1555,8656
12233,201905,대구,6270000,닭,LBI1000088,2051989,8710618
12234,201905,인천,6280000,돼지,LBI1000006,33952,166692
12235,201905,인천,6280000,소,LBI1000080,1107,5623
12236,201905,인천,6280000,닭,LBI1000088,593526,2481304
12237,201905,광주,6290000,돼지,LBI1000006,19116,100291
12238,201905,광주,6290000,오리,LBI1000016,147587,281474
12239,201905,광주,6290000,소,LBI1000080,1082,5283
12240,201905,대전,6300000,돼지,LBI1000006,21807,111519
12241,201905,대전,6300000,소,LBI1000080,673,3609
12242,201905,울산,6310000,돼지,LBI1000006,7349,40787
12244,201905,울산,6310000,산양,LBI1000087,44,411
12245,201905,경기,6410000,돼지,LBI1000006,244170,1199209
12246,201905,경기,6410000,말,LBI1000007,3,10
12247,201905,경기,6410000,메추리,LBI1000021,106027,486046
12248,201905,경기,6410000,당나귀,LBI1000023,4,25
12249,201905,경기,6410000,소,LBI1000080,16769,95906
12250,201905,경기,6410000,산양,LBI1000087,725,2498
12251,201905,경기,6410000,닭,LBI1000088,12244913,55059907
12253,201905,강원,6420000,말,LBI1000007,1,8
12254,201905,강원,6420000,소,LBI1000080,2018,12116
12255,201905,강원,6420000,산양,LBI1000087,860,3243
12256,201905,강원,6420000,닭,LBI1000088,1810855,6864093
12243,201905,울산,6310000,소,LBI1000080,873,4825
12292,201905,제주,6500000,돼지,LBI1000006,68401,360753
12293,201905,제주,6500000,말,LBI1000007,90,427
12308,201904,대전,6300000,소,LBI1000080,703,2936
12332,201904,충남,6440000,말,LBI1000007,5,14
12323,201904,강원,6420000,닭,LBI1000088,1458596,5053238
12324,201904,충북,6430000,돼지,LBI1000006,245634,964954
12325,201904,충북,6430000,말,LBI1000007,15,27
12326,201904,충북,6430000,오리,LBI1000016,755125,2413813
12327,201904,충북,6430000,사슴,LBI1000017,5,10
12328,201904,충북,6430000,소,LBI1000080,14862,59186
12329,201904,충북,6430000,산양,LBI1000087,3279,10820
12330,201904,충북,6430000,닭,LBI1000088,12655601,45812764
12331,201904,충남,6440000,돼지,LBI1000006,174608,718587
12333,201904,충남,6440000,소,LBI1000080,2701,12127
12321,201904,강원,6420000,소,LBI1000080,2325,10098
12334,201904,충남,6440000,산양,LBI1000087,1272,4079
12335,201904,충남,6440000,닭,LBI1000088,9705488,36009327
12336,201904,전북,6450000,돼지,LBI1000006,200374,820035
12337,201904,전북,6450000,말,LBI1000007,8,14
12338,201904,전북,6450000,오리,LBI1000016,862215,2949768
12339,201904,전북,6450000,토끼,LBI1000018,1245,3445
12340,201904,전북,6450000,소,LBI1000080,1475,6983
12341,201904,전북,6450000,면양,LBI1000086,4,4
12343,201904,전남,6460000,돼지,LBI1000006,117879,458415
12322,201904,강원,6420000,산양,LBI1000087,846,2383
12320,201904,강원,6420000,말,LBI1000007,5,7
12345,201904,전남,6460000,오리,LBI1000016,3419522,13262073
12319,201904,강원,6420000,돼지,LBI1000006,49208,199179
12299,201904,대구,6270000,소,LBI1000080,1596,7101
12300,201904,대구,6270000,닭,LBI1000088,1753830,6658629
12301,201904,인천,6280000,돼지,LBI1000006,34190,132740
12302,201904,인천,6280000,소,LBI1000080,1042,4516
12303,201904,인천,6280000,닭,LBI1000088,521976,1887778
12304,201904,광주,6290000,돼지,LBI1000006,19174,81175
12305,201904,광주,6290000,오리,LBI1000016,98136,133887
12306,201904,광주,6290000,소,LBI1000080,1009,4201
12307,201904,대전,6300000,돼지,LBI1000006,18995,89712
12309,201904,울산,6310000,돼지,LBI1000006,8030,33438
12310,201904,울산,6310000,소,LBI1000080,916,3952
12311,201904,울산,6310000,산양,LBI1000087,96,367
12312,201904,경기,6410000,돼지,LBI1000006,242741,955039
12313,201904,경기,6410000,말,LBI1000007,2,7
12314,201904,경기,6410000,메추리,LBI1000021,80778,380019
12315,201904,경기,6410000,당나귀,LBI1000023,7,21
12316,201904,경기,6410000,소,LBI1000080,19370,79137
12317,201904,경기,6410000,산양,LBI1000087,614,1773
12318,201904,경기,6410000,닭,LBI1000088,11434970,42814994
12344,201904,전남,6460000,말,LBI1000007,2,2
12342,201904,전북,6450000,닭,LBI1000088,34701353,125784822
12346,201904,전남,6460000,소,LBI1000080,5650,23576
12356,201904,경남,6480000,소,LBI1000080,11970,44460
12347,201904,전남,6460000,산양,LBI1000087,2847,9784
12298,201904,대구,6270000,돼지,LBI1000006,35040,142683
12364,201904,제주,6500000,닭,LBI1000088,695589,2539635
12363,201904,제주,6500000,산양,LBI1000087,42,148
12361,201904,제주,6500000,오리,LBI1000016,11475,39135
12360,201904,제주,6500000,말,LBI1000007,100,337
12359,201904,제주,6500000,돼지,LBI1000006,73765,292352
12358,201904,경남,6480000,닭,LBI1000088,983938,4121255
12357,201904,경남,6480000,산양,LBI1000087,892,4076
12362,201904,제주,6500000,소,LBI1000080,498,1938
12355,201904,경남,6480000,오리,LBI1000016,110491,743658
12353,201904,경북,6470000,닭,LBI1000088,7594753,27083225
12352,201904,경북,6470000,산양,LBI1000087,855,3087
12351,201904,경북,6470000,소,LBI1000080,7115,30643
12350,201904,경북,6470000,말,LBI1000007,9,19
12349,201904,경북,6470000,돼지,LBI1000006,103486,408996
12354,201904,경남,6480000,돼지,LBI1000006,166556,663027
12348,201904,전남,6460000,닭,LBI1000088,5425582,17992411
12427,201903,제주,6500000,산양,LBI1000087,36,106
12421,201903,경남,6480000,산양,LBI1000087,1327,3184
12422,201903,경남,6480000,닭,LBI1000088,1079082,3137317
12423,201903,제주,6500000,돼지,LBI1000006,67940,218587
12424,201903,제주,6500000,말,LBI1000007,87,237
12425,201903,제주,6500000,오리,LBI1000016,9224,27660
12426,201903,제주,6500000,소,LBI1000080,387,1440
12403,201903,전북,6450000,말,LBI1000007,1,6
12399,201903,충남,6440000,소,LBI1000080,2366,9426
12428,201903,제주,6500000,닭,LBI1000088,688480,1844046
12402,201903,전북,6450000,돼지,LBI1000006,197618,619661
12401,201903,충남,6440000,닭,LBI1000088,9319237,26303839
12400,201903,충남,6440000,산양,LBI1000087,1128,2807
12420,201903,경남,6480000,소,LBI1000080,9151,32490
12404,201903,전북,6450000,오리,LBI1000016,746381,2087553
12411,201903,전남,6460000,산양,LBI1000087,2575,6937
12419,201903,경남,6480000,오리,LBI1000016,132490,633167
12418,201903,경남,6480000,돼지,LBI1000006,155271,496471
12417,201903,경북,6470000,닭,LBI1000088,7511116,19488472
12416,201903,경북,6470000,산양,LBI1000087,722,2232
12415,201903,경북,6470000,소,LBI1000080,5795,23528
12414,201903,경북,6470000,말,LBI1000007,3,10
12413,201903,경북,6470000,돼지,LBI1000006,97308,305510
12412,201903,전남,6460000,닭,LBI1000088,4453139,12566829
12410,201903,전남,6460000,소,LBI1000080,5127,17926
12409,201903,전남,6460000,오리,LBI1000016,3074696,9842551
12408,201903,전남,6460000,돼지,LBI1000006,111669,340536
12407,201903,전북,6450000,닭,LBI1000088,32450541,91083469
12406,201903,전북,6450000,소,LBI1000080,1393,5508
12405,201903,전북,6450000,토끼,LBI1000018,980,2200
12397,201903,충남,6440000,돼지,LBI1000006,172504,543979
12398,201903,충남,6440000,말,LBI1000007,3,9
12370,201903,인천,6280000,닭,LBI1000088,473773,1365802
12396,201903,충북,6430000,닭,LBI1000088,11872601,33157163
12384,201903,경기,6410000,닭,LBI1000088,11044029,31380024
12395,201903,충북,6430000,산양,LBI1000087,3062,7541
12371,201903,광주,6290000,돼지,LBI1000006,18740,62001
12372,201903,광주,6290000,오리,LBI1000016,35751,35751
12373,201903,광주,6290000,소,LBI1000080,976,3192
12374,201903,대전,6300000,돼지,LBI1000006,20174,70717
12375,201903,대전,6300000,소,LBI1000080,584,2233
12376,201903,울산,6310000,돼지,LBI1000006,8061,25408
12377,201903,울산,6310000,소,LBI1000080,764,3036
12378,201903,울산,6310000,산양,LBI1000087,78,271
12379,201903,경기,6410000,돼지,LBI1000006,231083,712298
12380,201903,경기,6410000,메추리,LBI1000021,99470,299241
12381,201903,경기,6410000,당나귀,LBI1000023,4,14
12382,201903,경기,6410000,소,LBI1000080,16655,59767
12383,201903,경기,6410000,산양,LBI1000087,440,1159
12369,201903,인천,6280000,소,LBI1000080,1012,3474
12385,201903,강원,6420000,돼지,LBI1000006,48112,149971
12394,201903,충북,6430000,면양,LBI1000086,28,28
12387,201903,강원,6420000,산양,LBI1000087,576,1537
12388,201903,강원,6420000,닭,LBI1000088,1394912,3594642
12389,201903,충북,6430000,돼지,LBI1000006,241101,719320
12390,201903,충북,6430000,말,LBI1000007,7,12
12368,201903,인천,6280000,돼지,LBI1000006,31740,98550
12367,201903,대구,6270000,닭,LBI1000088,1790958,4904799
12366,201903,대구,6270000,소,LBI1000080,1400,5505
12365,201903,대구,6270000,돼지,LBI1000006,34864,107643
12391,201903,충북,6430000,오리,LBI1000016,559945,1658688
12392,201903,충북,6430000,사슴,LBI1000017,3,5
12393,201903,충북,6430000,소,LBI1000080,12377,44324
12386,201903,강원,6420000,소,LBI1000080,1890,7773
12453,201902,강원,6420000,면양,LBI1000086,6,6
12452,201902,강원,6420000,소,LBI1000080,1151,5883
12449,201902,경기,6410000,닭,LBI1000088,9688871,20335995
12451,201902,강원,6420000,말,LBI1000007,2,2
12450,201902,강원,6420000,돼지,LBI1000006,43020,101859
12455,201902,강원,6420000,닭,LBI1000088,1159346,2199730
12454,201902,강원,6420000,산양,LBI1000087,430,961
12461,201902,충북,6430000,산양,LBI1000087,1884,4479
12456,201902,충북,6430000,돼지,LBI1000006,201000,478219
12457,201902,충북,6430000,말,LBI1000007,5,5
12458,201902,충북,6430000,오리,LBI1000016,516853,1098743
12459,201902,충북,6430000,사슴,LBI1000017,1,2
12460,201902,충북,6430000,소,LBI1000080,8895,31947
12447,201902,경기,6410000,소,LBI1000080,11087,43112
12462,201902,충북,6430000,닭,LBI1000088,10232048,21284562
12463,201902,충남,6440000,돼지,LBI1000006,159591,371475
12448,201902,경기,6410000,산양,LBI1000087,265,719
12440,201902,울산,6310000,돼지,LBI1000006,7417,17347
12446,201902,경기,6410000,당나귀,LBI1000023,5,10
12445,201902,경기,6410000,메추리,LBI1000021,71385,199771
12464,201902,충남,6440000,말,LBI1000007,4,6
12429,201902,대구,6270000,돼지,LBI1000006,30691,72779
12430,201902,대구,6270000,소,LBI1000080,1071,4105
12432,201902,인천,6280000,돼지,LBI1000006,29042,66810
12433,201902,인천,6280000,소,LBI1000080,633,2462
12434,201902,인천,6280000,닭,LBI1000088,396242,892029
12435,201902,광주,6290000,돼지,LBI1000006,16347,43261
12436,201902,광주,6290000,말,LBI1000007,1,1
12437,201902,광주,6290000,소,LBI1000080,775,2216
12438,201902,대전,6300000,돼지,LBI1000006,22353,50543
12439,201902,대전,6300000,소,LBI1000080,352,1649
12441,201902,울산,6310000,소,LBI1000080,547,2272
12442,201902,울산,6310000,산양,LBI1000087,72,193
12443,201902,경기,6410000,돼지,LBI1000006,215154,481215
12444,201902,경기,6410000,말,LBI1000007,2,5
12431,201902,대구,6270000,닭,LBI1000088,1589653,3113841
12466,201902,충남,6440000,산양,LBI1000087,696,1679
12465,201902,충남,6440000,소,LBI1000080,1354,7060
12482,201902,경북,6470000,소,LBI1000080,4195,17733
12467,201902,충남,6440000,닭,LBI1000088,8316243,16984602
12495,201902,제주,6500000,닭,LBI1000088,499265,1155566
12494,201902,제주,6500000,산양,LBI1000087,30,70
12493,201902,제주,6500000,소,LBI1000080,258,1053
12492,201902,제주,6500000,오리,LBI1000016,8440,18436
12491,201902,제주,6500000,말,LBI1000007,64,150
12490,201902,제주,6500000,돼지,LBI1000006,61728,150647
12489,201902,경남,6480000,닭,LBI1000088,986761,2058235
12487,201902,경남,6480000,소,LBI1000080,5733,23339
12486,201902,경남,6480000,오리,LBI1000016,195983,500677
12485,201902,경남,6480000,돼지,LBI1000006,147030,341200
12484,201902,경북,6470000,닭,LBI1000088,5485543,11977356
12483,201902,경북,6470000,산양,LBI1000087,552,1510
12488,201902,경남,6480000,산양,LBI1000087,811,1857
12481,201902,경북,6470000,말,LBI1000007,2,7
12474,201902,전북,6450000,기타육류,LBI1000142,24,24
12468,201902,전북,6450000,돼지,LBI1000006,185206,422043
12480,201902,경북,6470000,돼지,LBI1000006,85815,208202
12469,201902,전북,6450000,말,LBI1000007,4,5
12470,201902,전북,6450000,오리,LBI1000016,636602,1341172
12471,201902,전북,6450000,토끼,LBI1000018,635,1220
12473,201902,전북,6450000,닭,LBI1000088,26493537,58632928
12472,201902,전북,6450000,소,LBI1000080,916,4115
12475,201902,전남,6460000,돼지,LBI1000006,97021,228867
12476,201902,전남,6460000,오리,LBI1000016,2819776,6767855
12477,201902,전남,6460000,소,LBI1000080,3799,12799
12478,201902,전남,6460000,산양,LBI1000087,2030,4362
12479,201902,전남,6460000,닭,LBI1000088,3649055,8113690
12537,201901,전북,6450000,닭,LBI1000088,32139391,32139391
12542,201901,전남,6460000,닭,LBI1000088,4464635,4464635
12541,201901,전남,6460000,산양,LBI1000087,2332,2332
12540,201901,전남,6460000,소,LBI1000080,9000,9000
12539,201901,전남,6460000,오리,LBI1000016,3948079,3948079
12538,201901,전남,6460000,돼지,LBI1000006,131846,131846
12530,201901,충남,6440000,닭,LBI1000088,8668359,8668359
12536,201901,전북,6450000,산양,LBI1000087,1,1
12535,201901,전북,6450000,소,LBI1000080,3199,3199
12534,201901,전북,6450000,토끼,LBI1000018,585,585
12533,201901,전북,6450000,오리,LBI1000016,704570,704570
12532,201901,전북,6450000,말,LBI1000007,1,1
12531,201901,전북,6450000,돼지,LBI1000006,236837,236837
12544,201901,경북,6470000,말,LBI1000007,5,5
12543,201901,경북,6470000,돼지,LBI1000006,122387,122387
12559,201901,제주,6500000,닭,LBI1000088,656301,656301
12545,201901,경북,6470000,소,LBI1000080,13538,13538
12546,201901,경북,6470000,산양,LBI1000087,958,958
12547,201901,경북,6470000,닭,LBI1000088,6491813,6491813
12549,201901,경남,6480000,말,LBI1000007,1,1
12550,201901,경남,6480000,오리,LBI1000016,304694,304694
12551,201901,경남,6480000,소,LBI1000080,17606,17606
12552,201901,경남,6480000,산양,LBI1000087,1046,1046
12553,201901,경남,6480000,닭,LBI1000088,1071474,1071474
12554,201901,제주,6500000,돼지,LBI1000006,88919,88919
12555,201901,제주,6500000,말,LBI1000007,86,86
12556,201901,제주,6500000,오리,LBI1000016,9996,9996
12557,201901,제주,6500000,소,LBI1000080,795,795
12558,201901,제주,6500000,산양,LBI1000087,40,40
12528,201901,충남,6440000,소,LBI1000080,5706,5706
12529,201901,충남,6440000,산양,LBI1000087,983,983
12548,201901,경남,6480000,돼지,LBI1000006,194170,194170
12527,201901,충남,6440000,말,LBI1000007,2,2
12510,201901,경기,6410000,말,LBI1000007,3,3
12526,201901,충남,6440000,돼지,LBI1000006,211884,211884
12496,201901,대구,6270000,돼지,LBI1000006,42088,42088
12497,201901,대구,6270000,소,LBI1000080,3034,3034
12498,201901,대구,6270000,닭,LBI1000088,1524188,1524188
12499,201901,인천,6280000,돼지,LBI1000006,37768,37768
12500,201901,인천,6280000,소,LBI1000080,1829,1829
12501,201901,인천,6280000,닭,LBI1000088,495787,495787
12502,201901,광주,6290000,돼지,LBI1000006,26914,26914
12504,201901,대전,6300000,돼지,LBI1000006,28190,28190
12505,201901,대전,6300000,소,LBI1000080,1297,1297
12506,201901,울산,6310000,돼지,LBI1000006,9930,9930
12507,201901,울산,6310000,소,LBI1000080,1725,1725
12508,201901,울산,6310000,산양,LBI1000087,121,121
12509,201901,경기,6410000,돼지,LBI1000006,266061,266061
12503,201901,광주,6290000,소,LBI1000080,1441,1441
12511,201901,경기,6410000,메추리,LBI1000021,128386,128386
12518,201901,강원,6420000,산양,LBI1000087,531,531
12512,201901,경기,6410000,당나귀,LBI1000023,5,5
12524,201901,충북,6430000,산양,LBI1000087,2595,2595
12523,201901,충북,6430000,소,LBI1000080,23052,23052
12522,201901,충북,6430000,사슴,LBI1000017,1,1
12520,201901,충북,6430000,돼지,LBI1000006,277219,277219
12519,201901,강원,6420000,닭,LBI1000088,1040384,1040384
12521,201901,충북,6430000,오리,LBI1000016,581890,581890
12525,201901,충북,6430000,닭,LBI1000088,11052514,11052514
12517,201901,강원,6420000,소,LBI1000080,4732,4732
12516,201901,강원,6420000,돼지,LBI1000006,58839,58839
12515,201901,경기,6410000,닭,LBI1000088,10647124,10647124
12514,201901,경기,6410000,산양,LBI1000087,454,454
12513,201901,경기,6410000,소,LBI1000080,32025,32025
12604,201812,전북,6450000,타조,LBI1000024,1,1
12610,201812,전남,6460000,소,LBI1000080,5709,66436
12609,201812,전남,6460000,오리,LBI1000016,3981475,41388486
12608,201812,전남,6460000,말,LBI1000007,1,12
12607,201812,전남,6460000,돼지,LBI1000006,115860,1320998
12606,201812,전북,6450000,닭,LBI1000088,31015930,403414080
12605,201812,전북,6450000,소,LBI1000080,1596,21134
12597,201812,충남,6440000,소,LBI1000080,3011,37653
12603,201812,전북,6450000,토끼,LBI1000018,810,18791
12602,201812,전북,6450000,오리,LBI1000016,984474,11831379
12601,201812,전북,6450000,말,LBI1000007,2,30
12600,201812,전북,6450000,돼지,LBI1000006,197316,2029961
12599,201812,충남,6440000,닭,LBI1000088,9158699,106001640
12598,201812,충남,6440000,산양,LBI1000087,1046,12457
12612,201812,전남,6460000,닭,LBI1000088,4312917,62103648
12611,201812,전남,6460000,산양,LBI1000087,2548,28350
12628,201812,제주,6500000,산양,LBI1000087,24,287
12613,201812,경북,6470000,돼지,LBI1000006,104818,1233390
12614,201812,경북,6470000,말,LBI1000007,3,48
12629,201812,제주,6500000,닭,LBI1000088,677646,8336005
12595,201812,충남,6440000,돼지,LBI1000006,188550,2233161
12627,201812,제주,6500000,소,LBI1000080,482,5781
12626,201812,제주,6500000,꿩,LBI1000022,245,245
12625,201812,제주,6500000,오리,LBI1000016,8386,131664
12624,201812,제주,6500000,말,LBI1000007,134,983
12623,201812,제주,6500000,돼지,LBI1000006,76048,860143
12622,201812,경남,6480000,닭,LBI1000088,758874,10739364
12621,201812,경남,6480000,산양,LBI1000087,1310,10858
12620,201812,경남,6480000,소,LBI1000080,11544,129308
12619,201812,경남,6480000,오리,LBI1000016,326675,3147933
12618,201812,경남,6480000,돼지,LBI1000006,171692,1908783
12617,201812,경북,6470000,닭,LBI1000088,6728277,84972358
12616,201812,경북,6470000,산양,LBI1000087,1114,8689
12615,201812,경북,6470000,소,LBI1000080,7908,91902
12596,201812,충남,6440000,말,LBI1000007,1,63
12579,201812,경기,6410000,소,LBI1000080,21626,237566
12594,201812,충북,6430000,닭,LBI1000088,10406860,148047515
12567,201812,광주,6290000,돼지,LBI1000006,24529,267854
12573,201812,울산,6310000,소,LBI1000080,1008,12294
12572,201812,울산,6310000,돼지,LBI1000006,9426,109472
12571,201812,대전,6300000,소,LBI1000080,799,9195
12570,201812,대전,6300000,돼지,LBI1000006,24365,272938
12569,201812,광주,6290000,소,LBI1000080,1163,13817
12568,201812,광주,6290000,말,LBI1000007,1,7
12566,201812,인천,6280000,닭,LBI1000088,444346,7317148
12575,201812,경기,6410000,돼지,LBI1000006,243723,2899124
12565,201812,인천,6280000,소,LBI1000080,951,14307
12564,201812,인천,6280000,꿩,LBI1000022,2586,8027
12563,201812,인천,6280000,돼지,LBI1000006,34931,350272
12562,201812,대구,6270000,닭,LBI1000088,1391132,17883214
12561,201812,대구,6270000,소,LBI1000080,1655,21100
12560,201812,대구,6270000,돼지,LBI1000006,35324,415299
12574,201812,울산,6310000,산양,LBI1000087,272,1175
12576,201812,경기,6410000,말,LBI1000007,2,21
12593,201812,충북,6430000,산양,LBI1000087,2856,35561
12586,201812,강원,6420000,닭,LBI1000088,1173509,16257677
12592,201812,충북,6430000,면양,LBI1000086,3,7
12591,201812,충북,6430000,소,LBI1000080,15830,173977
12590,201812,충북,6430000,사슴,LBI1000017,5,79
12589,201812,충북,6430000,오리,LBI1000016,696038,10976144
12588,201812,충북,6430000,말,LBI1000007,15,25
12587,201812,충북,6430000,돼지,LBI1000006,251430,2903737
12585,201812,강원,6420000,산양,LBI1000087,728,7101
12577,201812,경기,6410000,메추리,LBI1000021,105499,1011917
12584,201812,강원,6420000,소,LBI1000080,2856,32375
12583,201812,강원,6420000,사슴,LBI1000017,1,3
12582,201812,강원,6420000,돼지,LBI1000006,48169,563900
12581,201812,경기,6410000,닭,LBI1000088,10735884,139751229
12580,201812,경기,6410000,산양,LBI1000087,496,2033
12578,201812,경기,6410000,당나귀,LBI1000023,4,58
12633,201811,인천,6280000,돼지,LBI1000006,38656,315341
12658,201811,충북,6430000,말,LBI1000007,10,10
12655,201811,강원,6420000,산양,LBI1000087,674,6373
12632,201811,대구,6270000,닭,LBI1000088,1614088,16492082
12651,201811,강원,6420000,돼지,LBI1000006,52804,515731
12652,201811,강원,6420000,말,LBI1000007,2,10
12653,201811,강원,6420000,소,LBI1000080,2316,29519
12654,201811,강원,6420000,면양,LBI1000086,12,39
12656,201811,강원,6420000,닭,LBI1000088,1567130,15084168
12657,201811,충북,6430000,돼지,LBI1000006,273154,2652307
12659,201811,충북,6430000,오리,LBI1000016,1068919,10280106
12649,201811,경기,6410000,산양,LBI1000087,458,1537
12660,201811,충북,6430000,사슴,LBI1000017,9,74
12661,201811,충북,6430000,소,LBI1000080,13530,158147
12662,201811,충북,6430000,산양,LBI1000087,2452,32705
12664,201811,충남,6440000,돼지,LBI1000006,216935,2044611
12665,201811,충남,6440000,말,LBI1000007,2,62
12666,201811,충남,6440000,소,LBI1000080,2742,34642
12650,201811,경기,6410000,닭,LBI1000088,11495214,129015345
12648,201811,경기,6410000,소,LBI1000080,17794,215940
12668,201811,충남,6440000,닭,LBI1000088,10329042,96842941
12639,201811,대전,6300000,돼지,LBI1000006,27910,248573
12630,201811,대구,6270000,돼지,LBI1000006,36379,379975
12634,201811,인천,6280000,꿩,LBI1000022,5140,5441
12635,201811,인천,6280000,소,LBI1000080,870,13356
12636,201811,인천,6280000,닭,LBI1000088,438139,6872802
12637,201811,광주,6290000,돼지,LBI1000006,25383,243325
12638,201811,광주,6290000,소,LBI1000080,1151,12654
12640,201811,대전,6300000,소,LBI1000080,651,8396
12647,201811,경기,6410000,당나귀,LBI1000023,3,54
12641,201811,울산,6310000,돼지,LBI1000006,9486,100046
12642,201811,울산,6310000,소,LBI1000080,925,11286
12643,201811,울산,6310000,산양,LBI1000087,195,903
12644,201811,경기,6410000,돼지,LBI1000006,273192,2655401
12645,201811,경기,6410000,말,LBI1000007,1,19
12646,201811,경기,6410000,메추리,LBI1000021,115649,906418
12667,201811,충남,6440000,산양,LBI1000087,936,11411
12663,201811,충북,6430000,닭,LBI1000088,11160135,137640655
12669,201811,전북,6450000,돼지,LBI1000006,216355,1832645
12683,201811,경북,6470000,소,LBI1000080,6675,83994
12631,201811,대구,6270000,소,LBI1000080,1501,19445
12696,201811,제주,6500000,닭,LBI1000088,709101,7658359
12695,201811,제주,6500000,산양,LBI1000087,32,263
12694,201811,제주,6500000,소,LBI1000080,455,5299
12693,201811,제주,6500000,오리,LBI1000016,7015,123278
12692,201811,제주,6500000,말,LBI1000007,96,849
12691,201811,제주,6500000,돼지,LBI1000006,76142,784095
12690,201811,경남,6480000,닭,LBI1000088,829707,9980490
12670,201811,전북,6450000,말,LBI1000007,1,28
12688,201811,경남,6480000,소,LBI1000080,9329,117764
12687,201811,경남,6480000,오리,LBI1000016,287890,2821258
12686,201811,경남,6480000,돼지,LBI1000006,180197,1737091
12685,201811,경북,6470000,닭,LBI1000088,6593609,78244081
12684,201811,경북,6470000,산양,LBI1000087,767,7575
12689,201811,경남,6480000,산양,LBI1000087,1205,9548
12682,201811,경북,6470000,말,LBI1000007,4,45
12676,201811,전남,6460000,돼지,LBI1000006,123577,1205138
12671,201811,전북,6450000,오리,LBI1000016,1098384,10846905
12681,201811,경북,6470000,돼지,LBI1000006,113289,1128572
12672,201811,전북,6450000,토끼,LBI1000018,768,17981
12673,201811,전북,6450000,당나귀,LBI1000023,1,1
12675,201811,전북,6450000,닭,LBI1000088,31877888,372398150
12674,201811,전북,6450000,소,LBI1000080,1539,19538
12677,201811,전남,6460000,오리,LBI1000016,3757367,37407011
12678,201811,전남,6460000,소,LBI1000080,5435,60727
12679,201811,전남,6460000,산양,LBI1000087,2511,25802
12680,201811,전남,6460000,닭,LBI1000088,4368633,57790731
12739,201810,전남,6460000,돼지,LBI1000006,124339,1081561
12744,201810,전남,6460000,닭,LBI1000088,4681200,53422098
12745,201810,경북,6470000,돼지,LBI1000006,119301,1015283
12743,201810,전남,6460000,산양,LBI1000087,2219,23291
12742,201810,전남,6460000,소,LBI1000080,5163,55292
12741,201810,전남,6460000,오리,LBI1000016,4104542,33649644
12740,201810,전남,6460000,말,LBI1000007,3,11
12736,201810,전북,6450000,토끼,LBI1000018,800,17213
12738,201810,전북,6450000,닭,LBI1000088,32610094,340520262
12702,201810,인천,6280000,닭,LBI1000088,429806,6434663
12734,201810,전북,6450000,말,LBI1000007,2,27
12735,201810,전북,6450000,오리,LBI1000016,1320686,9748521
12747,201810,경북,6470000,소,LBI1000080,6839,77319
12737,201810,전북,6450000,소,LBI1000080,1423,17999
12746,201810,경북,6470000,말,LBI1000007,7,41
12703,201810,광주,6290000,돼지,LBI1000006,27860,217942
12748,201810,경북,6470000,산양,LBI1000087,852,6808
12749,201810,경북,6470000,닭,LBI1000088,6795220,71650472
12750,201810,경남,6480000,돼지,LBI1000006,180468,1556894
12751,201810,경남,6480000,말,LBI1000007,3,50
12752,201810,경남,6480000,오리,LBI1000016,291598,2533368
12753,201810,경남,6480000,소,LBI1000080,10589,108435
12754,201810,경남,6480000,산양,LBI1000087,879,8343
12755,201810,경남,6480000,닭,LBI1000088,752711,9150783
12756,201810,제주,6500000,돼지,LBI1000006,76050,707953
12757,201810,제주,6500000,말,LBI1000007,99,753
12731,201810,충남,6440000,산양,LBI1000087,1107,10475
12758,201810,제주,6500000,오리,LBI1000016,8078,116263
12759,201810,제주,6500000,소,LBI1000080,471,4844
12760,201810,제주,6500000,산양,LBI1000087,26,231
12761,201810,제주,6500000,닭,LBI1000088,682996,6949258
12732,201810,충남,6440000,닭,LBI1000088,10251892,86513899
12733,201810,전북,6450000,돼지,LBI1000006,213305,1616290
12730,201810,충남,6440000,소,LBI1000080,2586,31900
12713,201810,경기,6410000,당나귀,LBI1000023,4,51
12729,201810,충남,6440000,당나귀,LBI1000023,8,9
12700,201810,인천,6280000,돼지,LBI1000006,37234,276685
12699,201810,대구,6270000,닭,LBI1000088,1684815,14877994
12698,201810,대구,6270000,소,LBI1000080,1606,17944
12697,201810,대구,6270000,돼지,LBI1000006,39103,343596
12704,201810,광주,6290000,말,LBI1000007,1,6
12705,201810,광주,6290000,소,LBI1000080,1194,11503
12706,201810,대전,6300000,돼지,LBI1000006,29829,220663
12707,201810,대전,6300000,소,LBI1000080,737,7745
12708,201810,울산,6310000,돼지,LBI1000006,9724,90560
12709,201810,울산,6310000,소,LBI1000080,961,10361
12710,201810,울산,6310000,산양,LBI1000087,98,708
12711,201810,경기,6410000,돼지,LBI1000006,279185,2382209
12712,201810,경기,6410000,메추리,LBI1000021,108637,790769
12701,201810,인천,6280000,소,LBI1000080,889,12486
12714,201810,경기,6410000,소,LBI1000080,19787,198146
12722,201810,충북,6430000,돼지,LBI1000006,275825,2379153
12728,201810,충남,6440000,돼지,LBI1000006,222369,1827676
12727,201810,충북,6430000,닭,LBI1000088,12033237,126480520
12726,201810,충북,6430000,산양,LBI1000087,2888,30253
12725,201810,충북,6430000,소,LBI1000080,14275,144617
12723,201810,충북,6430000,오리,LBI1000016,1222514,9211187
12724,201810,충북,6430000,사슴,LBI1000017,6,65
12721,201810,강원,6420000,닭,LBI1000088,1423719,13517038
12720,201810,강원,6420000,산양,LBI1000087,560,5699
12719,201810,강원,6420000,소,LBI1000080,2336,27203
12718,201810,강원,6420000,말,LBI1000007,1,8
12717,201810,강원,6420000,돼지,LBI1000006,52730,462927
12716,201810,경기,6410000,닭,LBI1000088,11871065,117520131
12715,201810,경기,6410000,산양,LBI1000087,375,1079
12802,201809,전남,6460000,돼지,LBI1000006,94691,957222
12806,201809,전남,6460000,닭,LBI1000088,3814006,48740898
12805,201809,전남,6460000,산양,LBI1000087,1950,21072
12804,201809,전남,6460000,소,LBI1000080,6725,50129
12803,201809,전남,6460000,오리,LBI1000016,3570101,29545102
12795,201809,충남,6440000,산양,LBI1000087,822,9368
12801,201809,전북,6450000,닭,LBI1000088,28827426,307910168
12800,201809,전북,6450000,소,LBI1000080,2560,16576
12799,201809,전북,6450000,토끼,LBI1000018,1251,16413
12798,201809,전북,6450000,오리,LBI1000016,1218895,8427835
12797,201809,전북,6450000,돼지,LBI1000006,159808,1402985
12796,201809,충남,6440000,닭,LBI1000088,8275620,76262007
12808,201809,경북,6470000,말,LBI1000007,3,34
12807,201809,경북,6470000,돼지,LBI1000006,91390,895982
12815,201809,경남,6480000,산양,LBI1000087,782,7464
12809,201809,경북,6470000,소,LBI1000080,9815,70480
12810,201809,경북,6470000,산양,LBI1000087,463,5956
12811,201809,경북,6470000,닭,LBI1000088,5705033,64855252
12812,201809,경남,6480000,돼지,LBI1000006,139837,1376426
12813,201809,경남,6480000,오리,LBI1000016,295571,2241770
12814,201809,경남,6480000,소,LBI1000080,12409,97846
12816,201809,경남,6480000,닭,LBI1000088,660115,8398072
12817,201809,제주,6500000,돼지,LBI1000006,62475,631903
12818,201809,제주,6500000,말,LBI1000007,68,654
12819,201809,제주,6500000,오리,LBI1000016,7340,108185
12820,201809,제주,6500000,소,LBI1000080,551,4373
12821,201809,제주,6500000,산양,LBI1000087,25,205
12822,201809,제주,6500000,닭,LBI1000088,599737,6266262
12793,201809,충남,6440000,말,LBI1000007,12,60
12794,201809,충남,6440000,소,LBI1000080,4585,29314
12782,201809,강원,6420000,말,LBI1000007,2,7
12792,201809,충남,6440000,돼지,LBI1000006,162334,1605307
12776,201809,경기,6410000,메추리,LBI1000021,52089,682132
12762,201809,대구,6270000,돼지,LBI1000006,28645,304493
12763,201809,대구,6270000,소,LBI1000080,2264,16338
12764,201809,대구,6270000,닭,LBI1000088,1322454,13193179
12765,201809,인천,6280000,돼지,LBI1000006,23863,239451
12766,201809,인천,6280000,소,LBI1000080,1518,11597
12767,201809,인천,6280000,닭,LBI1000088,398410,6004857
12768,201809,광주,6290000,돼지,LBI1000006,19903,190082
12769,201809,광주,6290000,소,LBI1000080,1324,10309
12770,201809,대전,6300000,돼지,LBI1000006,19938,190834
12771,201809,대전,6300000,소,LBI1000080,1163,7008
12772,201809,울산,6310000,돼지,LBI1000006,7741,80836
12791,201809,충북,6430000,닭,LBI1000088,10646229,114447283
12774,201809,울산,6310000,산양,LBI1000087,15,610
12775,201809,경기,6410000,돼지,LBI1000006,202425,2103024
12773,201809,울산,6310000,소,LBI1000080,1431,9400
12777,201809,경기,6410000,당나귀,LBI1000023,6,47
12785,201809,강원,6420000,닭,LBI1000088,1171635,12093319
12790,201809,충북,6430000,산양,LBI1000087,2298,27365
12789,201809,충북,6430000,소,LBI1000080,17188,130342
12778,201809,경기,6410000,소,LBI1000080,23777,178359
12787,201809,충북,6430000,오리,LBI1000016,1000859,7988673
12786,201809,충북,6430000,돼지,LBI1000006,207078,2103328
12788,201809,충북,6430000,사슴,LBI1000017,20,59
12784,201809,강원,6420000,산양,LBI1000087,559,5139
12783,201809,강원,6420000,소,LBI1000080,3646,24867
12781,201809,강원,6420000,돼지,LBI1000006,43190,410197
12780,201809,경기,6410000,닭,LBI1000088,10334967,105649066
12779,201809,경기,6410000,산양,LBI1000087,348,704
12831,201808,광주,6290000,소,LBI1000080,1079,8985
12823,201808,대구,6270000,돼지,LBI1000006,30321,275848
12825,201808,대구,6270000,닭,LBI1000088,1588257,11870725
12826,201808,인천,6280000,돼지,LBI1000006,24354,215588
12827,201808,인천,6280000,소,LBI1000080,1194,10079
12828,201808,인천,6280000,닭,LBI1000088,866584,5606447
12829,201808,광주,6290000,돼지,LBI1000006,17821,170179
12830,201808,광주,6290000,말,LBI1000007,1,5
12824,201808,대구,6270000,소,LBI1000080,1626,14074
11689,201808,전북,6450000,토끼,LBI1000018,1403,15162
11674,201808,충북,6430000,오리,LBI1000016,1046748,6987814
11699,201808,경북,6470000,소,LBI1000080,8213,60665
11693,201808,전남,6460000,오리,LBI1000016,4111979,25975001
11694,201808,전남,6460000,소,LBI1000080,5632,43404
11695,201808,전남,6460000,산양,LBI1000087,3087,19122
11696,201808,전남,6460000,닭,LBI1000088,5375208,44926892
11697,201808,경북,6470000,돼지,LBI1000006,92858,804592
11698,201808,경북,6470000,말,LBI1000007,3,31
11700,201808,경북,6470000,산양,LBI1000087,977,5493
11709,201808,제주,6500000,오리,LBI1000016,11955,100845
11701,201808,경북,6470000,닭,LBI1000088,7841112,59150219
11702,201808,경남,6480000,돼지,LBI1000006,142622,1236589
11704,201808,경남,6480000,소,LBI1000080,11214,85437
11705,201808,경남,6480000,산양,LBI1000087,1255,6682
11706,201808,경남,6480000,닭,LBI1000088,765195,7737957
11707,201808,제주,6500000,돼지,LBI1000006,68582,569428
11692,201808,전남,6460000,돼지,LBI1000006,96026,862531
11691,201808,전북,6450000,닭,LBI1000088,35576416,279082742
11690,201808,전북,6450000,소,LBI1000080,1648,14016
11688,201808,전북,6450000,오리,LBI1000016,1140355,7208940
11687,201808,전북,6450000,말,LBI1000007,1,25
11686,201808,전북,6450000,돼지,LBI1000006,157218,1243177
11685,201808,충남,6440000,닭,LBI1000088,9375707,67986387
11684,201808,충남,6440000,산양,LBI1000087,1399,8546
11683,201808,충남,6440000,소,LBI1000080,3206,24729
11682,201808,충남,6440000,사슴,LBI1000017,9,13
11681,201808,충남,6440000,말,LBI1000007,4,48
11680,201808,충남,6440000,돼지,LBI1000006,163197,1442973
11679,201808,충북,6430000,닭,LBI1000088,12178507,103801054
11678,201808,충북,6430000,산양,LBI1000087,4894,25067
11677,201808,충북,6430000,면양,LBI1000086,1,4
11676,201808,충북,6430000,소,LBI1000080,14911,113154
11675,201808,충북,6430000,사슴,LBI1000017,3,39
11708,201808,제주,6500000,말,LBI1000007,81,586
11703,201808,경남,6480000,오리,LBI1000016,350805,1946199
11710,201808,제주,6500000,소,LBI1000080,498,3822
11664,201808,경기,6410000,메추리,LBI1000021,42065,630043
11670,201808,강원,6420000,소,LBI1000080,3178,21221
11669,201808,강원,6420000,돼지,LBI1000006,45678,367007
11668,201808,경기,6410000,닭,LBI1000088,10978481,95314099
11711,201808,제주,6500000,산양,LBI1000087,34,180
11666,201808,경기,6410000,소,LBI1000080,20521,154582
11665,201808,경기,6410000,당나귀,LBI1000023,5,41
11663,201808,경기,6410000,말,LBI1000007,2,18
11672,201808,강원,6420000,닭,LBI1000088,1147248,10921684
11662,201808,경기,6410000,돼지,LBI1000006,213176,1900599
11661,201808,울산,6310000,산양,LBI1000087,18,595
11660,201808,울산,6310000,소,LBI1000080,978,7969
11659,201808,울산,6310000,돼지,LBI1000006,7866,73095
11658,201808,대전,6300000,소,LBI1000080,738,5845
11657,201808,대전,6300000,돼지,LBI1000006,20785,170896
11671,201808,강원,6420000,산양,LBI1000087,844,4580
11667,201808,경기,6410000,산양,LBI1000087,356,356
11673,201808,충북,6430000,돼지,LBI1000006,219633,1896250
11712,201808,제주,6500000,닭,LBI1000088,715380,5666525
11738,201807,충북,6430000,사슴,LBI1000017,4,36
11737,201807,충북,6430000,오리,LBI1000016,1117045,5941066
11736,201807,충북,6430000,돼지,LBI1000006,218550,1676617
11735,201807,강원,6420000,닭,LBI1000088,1279732,9774436
11734,201807,강원,6420000,산양,LBI1000087,861,3736
11733,201807,강원,6420000,소,LBI1000080,2461,18043
11732,201807,강원,6420000,돼지,LBI1000006,42383,321329
11731,201807,경기,6410000,닭,LBI1000088,13192896,84335618
11730,201807,경기,6410000,소,LBI1000080,17158,134061
11728,201807,경기,6410000,메추리,LBI1000021,86627,587978
11727,201807,경기,6410000,말,LBI1000007,5,16
11726,201807,경기,6410000,돼지,LBI1000006,217735,1687423
11713,201807,대구,6270000,돼지,LBI1000006,31579,245527
11725,201807,울산,6310000,산양,LBI1000087,31,577
11714,201807,대구,6270000,소,LBI1000080,1733,12448
11715,201807,대구,6270000,닭,LBI1000088,1895295,10282468
11740,201807,충북,6430000,산양,LBI1000087,5363,20173
11716,201807,인천,6280000,돼지,LBI1000006,25208,191234
11717,201807,인천,6280000,소,LBI1000080,940,8885
11718,201807,인천,6280000,닭,LBI1000088,1453044,4739863
11719,201807,광주,6290000,돼지,LBI1000006,18717,152358
11720,201807,광주,6290000,소,LBI1000080,1018,7906
11721,201807,대전,6300000,돼지,LBI1000006,20654,150111
11722,201807,대전,6300000,소,LBI1000080,556,5107
11723,201807,울산,6310000,돼지,LBI1000006,8087,65229
11724,201807,울산,6310000,소,LBI1000080,872,6991
11739,201807,충북,6430000,소,LBI1000080,13159,98243
11729,201807,경기,6410000,당나귀,LBI1000023,8,36
11741,201807,충북,6430000,닭,LBI1000088,14042050,91622547
11767,201807,경남,6480000,소,LBI1000080,9934,74223
11760,201807,경북,6470000,말,LBI1000007,7,28
11761,201807,경북,6470000,소,LBI1000080,6523,52452
11762,201807,경북,6470000,산양,LBI1000087,848,4516
11763,201807,경북,6470000,닭,LBI1000088,10846234,51309107
11764,201807,경남,6480000,돼지,LBI1000006,142719,1093967
11765,201807,경남,6480000,말,LBI1000007,3,47
11766,201807,경남,6480000,오리,LBI1000016,285699,1595394
11768,201807,경남,6480000,산양,LBI1000087,1000,5427
11758,201807,전남,6460000,닭,LBI1000088,8880667,39551684
11769,201807,경남,6480000,닭,LBI1000088,1045651,6972762
11770,201807,제주,6500000,돼지,LBI1000006,67205,500846
11771,201807,제주,6500000,말,LBI1000007,68,505
11773,201807,제주,6500000,소,LBI1000080,445,3324
11774,201807,제주,6500000,산양,LBI1000087,25,146
11775,201807,제주,6500000,닭,LBI1000088,802691,4951145
11742,201807,충남,6440000,돼지,LBI1000006,165456,1279776
11759,201807,경북,6470000,돼지,LBI1000006,89980,711734
11772,201807,제주,6500000,오리,LBI1000016,12134,88890
11757,201807,전남,6460000,산양,LBI1000087,3235,16035
11750,201807,전북,6450000,토끼,LBI1000018,2440,13759
11743,201807,충남,6440000,말,LBI1000007,7,44
11756,201807,전남,6460000,소,LBI1000080,5191,37772
11744,201807,충남,6440000,소,LBI1000080,2699,21523
11746,201807,충남,6440000,닭,LBI1000088,9547317,58610680
11747,201807,전북,6450000,돼지,LBI1000006,147808,1085959
11748,201807,전북,6450000,말,LBI1000007,3,24
11749,201807,전북,6450000,오리,LBI1000016,978233,6068585
11745,201807,충남,6440000,산양,LBI1000087,1404,7147
11752,201807,전북,6450000,산양,LBI1000087,1,4
11755,201807,전남,6460000,오리,LBI1000016,4095495,21863022
11753,201807,전북,6450000,닭,LBI1000088,44274023,243506326
11754,201807,전남,6460000,돼지,LBI1000006,96023,766505
11751,201807,전북,6450000,소,LBI1000080,1466,12368
11957,201806,충남,6440000,산양,LBI1000087,1029,5743
11964,201806,전북,6450000,닭,LBI1000088,37993016,199232303
11968,201806,전남,6460000,산양,LBI1000087,2669,12800
11967,201806,전남,6460000,소,LBI1000080,4953,32581
11966,201806,전남,6460000,오리,LBI1000016,4107159,17767527
11965,201806,전남,6460000,돼지,LBI1000006,97703,670482
11962,201806,전북,6450000,토끼,LBI1000018,3332,11319
11963,201806,전북,6450000,소,LBI1000080,1470,10902
11961,201806,전북,6450000,오리,LBI1000016,1090374,5090352
11960,201806,전북,6450000,말,LBI1000007,11,21
11959,201806,전북,6450000,돼지,LBI1000006,144788,938151
11956,201806,충남,6440000,소,LBI1000080,2447,18824
11970,201806,경북,6470000,돼지,LBI1000006,92364,621754
11958,201806,충남,6440000,닭,LBI1000088,8435662,49063363
11969,201806,전남,6460000,닭,LBI1000088,6846049,30671017
11977,201806,경남,6480000,소,LBI1000080,8699,64289
11971,201806,경북,6470000,말,LBI1000007,3,21
11972,201806,경북,6470000,소,LBI1000080,6138,45929
11973,201806,경북,6470000,산양,LBI1000087,571,3668
11974,201806,경북,6470000,닭,LBI1000088,8600810,40462873
11975,201806,경남,6480000,돼지,LBI1000006,140774,951248
11976,201806,경남,6480000,오리,LBI1000016,317976,1309695
11978,201806,경남,6480000,산양,LBI1000087,801,4427
11979,201806,경남,6480000,닭,LBI1000088,1102445,5927111
11980,201806,제주,6500000,돼지,LBI1000006,65791,433641
11981,201806,제주,6500000,말,LBI1000007,69,437
11982,201806,제주,6500000,오리,LBI1000016,13125,76756
11983,201806,제주,6500000,소,LBI1000080,361,2879
11954,201806,충남,6440000,말,LBI1000007,1,37
11985,201806,제주,6500000,닭,LBI1000088,735313,4148454
11984,201806,제주,6500000,산양,LBI1000087,22,121
11955,201806,충남,6440000,당나귀,LBI1000023,1,1
11791,201806,경기,6410000,말,LBI1000007,4,11
11953,201806,충남,6440000,돼지,LBI1000006,165981,1114320
11789,201806,울산,6310000,산양,LBI1000087,35,546
11776,201806,대구,6270000,돼지,LBI1000006,31351,213948
11777,201806,대구,6270000,소,LBI1000080,1384,10715
11778,201806,대구,6270000,닭,LBI1000088,1725423,8387173
11779,201806,인천,6280000,돼지,LBI1000006,26150,166026
11780,201806,인천,6280000,소,LBI1000080,1147,7945
11781,201806,인천,6280000,닭,LBI1000088,811367,3286819
11782,201806,광주,6290000,돼지,LBI1000006,18333,133641
11783,201806,광주,6290000,말,LBI1000007,2,4
11784,201806,광주,6290000,소,LBI1000080,1059,6888
11785,201806,대전,6300000,돼지,LBI1000006,21205,129457
11786,201806,대전,6300000,소,LBI1000080,623,4551
11952,201806,충북,6430000,닭,LBI1000088,13037529,77580497
11788,201806,울산,6310000,소,LBI1000080,782,6119
11787,201806,울산,6310000,돼지,LBI1000006,7957,57142
11790,201806,경기,6410000,돼지,LBI1000006,223350,1469688
11799,201806,강원,6420000,닭,LBI1000088,1609558,8494704
11951,201806,충북,6430000,산양,LBI1000087,3316,14810
11803,201806,충북,6430000,소,LBI1000080,11837,85084
11802,201806,충북,6430000,사슴,LBI1000017,5,32
11792,201806,경기,6410000,메추리,LBI1000021,76226,501351
11800,201806,충북,6430000,돼지,LBI1000006,221642,1458067
11801,201806,충북,6430000,오리,LBI1000016,1067953,4824021
11798,201806,강원,6420000,산양,LBI1000087,489,2875
11797,201806,강원,6420000,소,LBI1000080,1853,15582
11796,201806,강원,6420000,돼지,LBI1000006,43400,278946
11795,201806,경기,6410000,닭,LBI1000088,13207352,71142722
11794,201806,경기,6410000,소,LBI1000080,16588,116903
11793,201806,경기,6410000,당나귀,LBI1000023,2,28
11996,201805,울산,6310000,돼지,LBI1000006,9530,49185
11991,201805,인천,6280000,닭,LBI1000088,693789,2475452
11995,201805,대전,6300000,소,LBI1000080,694,3928
11994,201805,대전,6300000,돼지,LBI1000006,22181,108252
11993,201805,광주,6290000,소,LBI1000080,1136,5829
11992,201805,광주,6290000,돼지,LBI1000006,20999,115308
12027,201805,전북,6450000,소,LBI1000080,1702,9432
11990,201805,인천,6280000,소,LBI1000080,1317,6798
11989,201805,인천,6280000,돼지,LBI1000006,28519,139876
11988,201805,대구,6270000,닭,LBI1000088,1753652,6661750
11987,201805,대구,6270000,소,LBI1000080,1725,9331
11986,201805,대구,6270000,돼지,LBI1000006,35252,182597
11998,201805,울산,6310000,산양,LBI1000087,47,511
11997,201805,울산,6310000,소,LBI1000080,1013,5337
12033,201805,전남,6460000,소,LBI1000080,5351,27628
11999,201805,경기,6410000,돼지,LBI1000006,242593,1246338
12026,201805,전북,6450000,토끼,LBI1000018,3893,7987
12029,201805,전북,6450000,닭,LBI1000088,36104745,161239287
12030,201805,전남,6460000,돼지,LBI1000006,118297,572779
12031,201805,전남,6460000,말,LBI1000007,1,8
12032,201805,전남,6460000,오리,LBI1000016,4273093,13660368
12034,201805,전남,6460000,산양,LBI1000087,2416,10131
12035,201805,전남,6460000,닭,LBI1000088,6110466,23824968
12036,201805,경북,6470000,돼지,LBI1000006,101669,529390
12037,201805,경북,6470000,말,LBI1000007,3,18
12038,201805,경북,6470000,소,LBI1000080,7091,39791
12039,201805,경북,6470000,산양,LBI1000087,617,3097
12040,201805,경북,6470000,닭,LBI1000088,7526281,31862063
12042,201805,경남,6480000,말,LBI1000007,17,44
12043,201805,경남,6480000,오리,LBI1000016,327102,991719
12044,201805,경남,6480000,소,LBI1000080,10720,55590
12045,201805,경남,6480000,산양,LBI1000087,800,3626
12046,201805,경남,6480000,닭,LBI1000088,1015726,4824666
12047,201805,제주,6500000,돼지,LBI1000006,72351,367850
12048,201805,제주,6500000,말,LBI1000007,81,368
12049,201805,제주,6500000,오리,LBI1000016,14885,63631
12050,201805,제주,6500000,소,LBI1000080,458,2518
12051,201805,제주,6500000,산양,LBI1000087,20,99
12052,201805,제주,6500000,닭,LBI1000088,786324,3413141
12000,201805,경기,6410000,말,LBI1000007,4,7
12028,201805,전북,6450000,산양,LBI1000087,3,3
12041,201805,경남,6480000,돼지,LBI1000006,160234,810474
12025,201805,전북,6450000,오리,LBI1000016,1229397,3999978
12013,201805,충북,6430000,사슴,LBI1000017,14,27
12001,201805,경기,6410000,메추리,LBI1000021,101886,425125
12002,201805,경기,6410000,당나귀,LBI1000023,6,26
12003,201805,경기,6410000,소,LBI1000080,18113,100315
12004,201805,경기,6410000,닭,LBI1000088,12780749,57935370
12005,201805,강원,6420000,돼지,LBI1000006,45866,235546
12006,201805,강원,6420000,말,LBI1000007,3,5
12007,201805,강원,6420000,사슴,LBI1000017,1,2
12009,201805,강원,6420000,산양,LBI1000087,577,2386
12010,201805,강원,6420000,닭,LBI1000088,1645792,6885146
12011,201805,충북,6430000,돼지,LBI1000006,246997,1236425
12012,201805,충북,6430000,오리,LBI1000016,1171173,3756068
12008,201805,강원,6420000,소,LBI1000080,2402,13729
12014,201805,충북,6430000,소,LBI1000080,13389,73247
12024,201805,전북,6450000,말,LBI1000007,2,10
12015,201805,충북,6430000,산양,LBI1000087,3393,11494
12016,201805,충북,6430000,닭,LBI1000088,13814522,64542968
12017,201805,충남,6440000,돼지,LBI1000006,186244,948339
12018,201805,충남,6440000,말,LBI1000007,4,36
12019,201805,충남,6440000,사슴,LBI1000017,4,4
12020,201805,충남,6440000,소,LBI1000080,2960,16377
12021,201805,충남,6440000,산양,LBI1000087,1148,4714
12022,201805,충남,6440000,닭,LBI1000088,8281621,40627701
12023,201805,전북,6450000,돼지,LBI1000006,152994,793363
12094,201804,전남,6460000,말,LBI1000007,2,7
12095,201804,전남,6460000,오리,LBI1000016,2815369,9387275
12096,201804,전남,6460000,소,LBI1000080,5049,22277
12092,201804,전북,6450000,닭,LBI1000088,32921993,125134542
12097,201804,전남,6460000,산양,LBI1000087,2175,7715
12093,201804,전남,6460000,돼지,LBI1000006,115196,454482
12087,201804,전북,6450000,돼지,LBI1000006,156776,640369
12091,201804,전북,6450000,소,LBI1000080,1636,7730
12090,201804,전북,6450000,토끼,LBI1000018,1716,4094
12089,201804,전북,6450000,오리,LBI1000016,771503,2770581
12088,201804,전북,6450000,말,LBI1000007,5,8
12086,201804,충남,6440000,닭,LBI1000088,7508648,32346080
12085,201804,충남,6440000,산양,LBI1000087,974,3566
11805,201804,경북,6470000,돼지,LBI1000006,103112,427721
11804,201804,전남,6460000,닭,LBI1000088,4781221,17714502
11817,201804,제주,6500000,오리,LBI1000016,14300,48746
11806,201804,경북,6470000,말,LBI1000007,4,15
11807,201804,경북,6470000,소,LBI1000080,7227,32700
11808,201804,경북,6470000,산양,LBI1000087,660,2480
11809,201804,경북,6470000,닭,LBI1000088,6662942,24335782
11810,201804,경남,6480000,돼지,LBI1000006,163919,650240
11811,201804,경남,6480000,오리,LBI1000016,286420,664617
11812,201804,경남,6480000,소,LBI1000080,11278,44870
11813,201804,경남,6480000,산양,LBI1000087,690,2826
11814,201804,경남,6480000,닭,LBI1000088,958294,3808940
11815,201804,제주,6500000,돼지,LBI1000006,75937,295499
11816,201804,제주,6500000,말,LBI1000007,96,287
11820,201804,제주,6500000,닭,LBI1000088,669765,2626817
11818,201804,제주,6500000,소,LBI1000080,595,2060
12083,201804,충남,6440000,말,LBI1000007,2,32
11819,201804,제주,6500000,산양,LBI1000087,18,79
12084,201804,충남,6440000,소,LBI1000080,2875,13417
12062,201804,대전,6300000,돼지,LBI1000006,22267,86071
12082,201804,충남,6440000,돼지,LBI1000006,184437,762095
12067,201804,경기,6410000,돼지,LBI1000006,249253,1003745
12053,201804,대구,6270000,돼지,LBI1000006,36688,147345
12054,201804,대구,6270000,소,LBI1000080,1798,7606
12055,201804,대구,6270000,닭,LBI1000088,1587366,4908098
12056,201804,인천,6280000,돼지,LBI1000006,22699,111357
12057,201804,인천,6280000,소,LBI1000080,1138,5481
12058,201804,인천,6280000,닭,LBI1000088,485121,1781663
12059,201804,광주,6290000,돼지,LBI1000006,21624,94309
12060,201804,광주,6290000,말,LBI1000007,1,2
12081,201804,충북,6430000,닭,LBI1000088,12245549,50728446
12063,201804,대전,6300000,소,LBI1000080,626,3234
12064,201804,울산,6310000,돼지,LBI1000006,10056,39655
12065,201804,울산,6310000,소,LBI1000080,965,4324
12066,201804,울산,6310000,산양,LBI1000087,79,464
12061,201804,광주,6290000,소,LBI1000080,1125,4693
12068,201804,경기,6410000,메추리,LBI1000021,108095,323239
12075,201804,강원,6420000,닭,LBI1000088,1357893,5239354
12069,201804,경기,6410000,당나귀,LBI1000023,9,20
12079,201804,충북,6430000,소,LBI1000080,14459,59858
12078,201804,충북,6430000,사슴,LBI1000017,2,13
12077,201804,충북,6430000,오리,LBI1000016,982387,2584895
12076,201804,충북,6430000,돼지,LBI1000006,253593,989428
12080,201804,충북,6430000,산양,LBI1000087,2563,8101
12074,201804,강원,6420000,산양,LBI1000087,576,1809
12072,201804,강원,6420000,돼지,LBI1000006,49583,189680
12071,201804,경기,6410000,닭,LBI1000088,11035800,45154621
12070,201804,경기,6410000,소,LBI1000080,18640,82202
12073,201804,강원,6420000,소,LBI1000080,2509,11327
11852,201803,충북,6430000,산양,LBI1000087,2190,5538
11848,201803,충북,6430000,오리,LBI1000016,537194,1602508
11849,201803,충북,6430000,사슴,LBI1000017,2,11
11850,201803,충북,6430000,소,LBI1000080,11820,45399
11851,201803,충북,6430000,면양,LBI1000086,2,3
11855,201803,충남,6440000,말,LBI1000007,5,30
11853,201803,충북,6430000,닭,LBI1000088,13069121,38482897
11854,201803,충남,6440000,돼지,LBI1000006,188926,577658
11856,201803,충남,6440000,소,LBI1000080,2380,10542
11857,201803,충남,6440000,산양,LBI1000087,1003,2592
11846,201803,강원,6420000,닭,LBI1000088,1306876,3881461
11847,201803,충북,6430000,돼지,LBI1000006,256092,735835
11879,201803,경남,6480000,소,LBI1000080,8369,33592
11845,201803,강원,6420000,산양,LBI1000087,529,1233
11844,201803,강원,6420000,면양,LBI1000086,24,27
11843,201803,강원,6420000,소,LBI1000080,1827,8818
11842,201803,강원,6420000,말,LBI1000007,1,2
11841,201803,강원,6420000,돼지,LBI1000006,46577,140097
11840,201803,경기,6410000,닭,LBI1000088,11911868,34118821
11839,201803,경기,6410000,소,LBI1000080,16234,63562
11838,201803,경기,6410000,당나귀,LBI1000023,3,11
11837,201803,경기,6410000,메추리,LBI1000021,114293,215144
11836,201803,경기,6410000,말,LBI1000007,2,3
11859,201803,전북,6450000,돼지,LBI1000006,156642,483593
11858,201803,충남,6440000,닭,LBI1000088,8655192,24837432
11821,201803,대구,6270000,돼지,LBI1000006,37957,110657
11860,201803,전북,6450000,말,LBI1000007,1,3
11827,201803,광주,6290000,돼지,LBI1000006,23894,72685
11835,201803,경기,6410000,돼지,LBI1000006,249226,754492
11834,201803,울산,6310000,산양,LBI1000087,110,385
11833,201803,울산,6310000,소,LBI1000080,751,3359
11832,201803,울산,6310000,돼지,LBI1000006,9845,29599
11831,201803,대전,6300000,소,LBI1000080,557,2608
11830,201803,대전,6300000,돼지,LBI1000006,20737,63804
11829,201803,광주,6290000,소,LBI1000080,1108,3568
11828,201803,광주,6290000,말,LBI1000007,1,1
11826,201803,인천,6280000,닭,LBI1000088,499811,1296542
11881,201803,경남,6480000,닭,LBI1000088,845113,2850646
11861,201803,전북,6450000,오리,LBI1000016,546510,1999078
11824,201803,인천,6280000,돼지,LBI1000006,28820,88658
11887,201803,제주,6500000,닭,LBI1000088,758833,1957052
11886,201803,제주,6500000,산양,LBI1000087,28,61
11885,201803,제주,6500000,소,LBI1000080,337,1465
11884,201803,제주,6500000,오리,LBI1000016,14334,34446
11883,201803,제주,6500000,말,LBI1000007,74,191
11822,201803,대구,6270000,소,LBI1000080,1522,5808
11882,201803,제주,6500000,돼지,LBI1000006,70600,219562
11825,201803,인천,6280000,소,LBI1000080,1109,4343
11880,201803,경남,6480000,산양,LBI1000087,744,2136
11870,201803,전남,6460000,닭,LBI1000088,4590569,12933281
11862,201803,전북,6450000,토끼,LBI1000018,420,2378
11823,201803,대구,6270000,닭,LBI1000088,1447280,3320732
11863,201803,전북,6450000,소,LBI1000080,1282,6094
11864,201803,전북,6450000,닭,LBI1000088,32619371,92212549
11865,201803,전남,6460000,돼지,LBI1000006,114075,339286
11866,201803,전남,6460000,말,LBI1000007,2,5
11868,201803,전남,6460000,소,LBI1000080,4711,17228
11869,201803,전남,6460000,산양,LBI1000087,2138,5540
11867,201803,전남,6460000,오리,LBI1000016,1978134,6571906
11871,201803,경북,6470000,돼지,LBI1000006,105569,324609
11878,201803,경남,6480000,오리,LBI1000016,240649,378197
11873,201803,경북,6470000,소,LBI1000080,5854,25473
11874,201803,경북,6470000,산양,LBI1000087,610,1820
11875,201803,경북,6470000,닭,LBI1000088,6684168,17672840
11876,201803,경남,6480000,돼지,LBI1000006,158881,486321
11872,201803,경북,6470000,말,LBI1000007,4,11
11877,201803,경남,6480000,말,LBI1000007,11,27
11908,201802,강원,6420000,돼지,LBI1000006,43964,93520
11909,201802,강원,6420000,말,LBI1000007,1,1
11910,201802,강원,6420000,소,LBI1000080,2082,6991
11911,201802,강원,6420000,산양,LBI1000087,387,704
11912,201802,강원,6420000,닭,LBI1000088,1050870,2574585
11914,201802,충북,6430000,오리,LBI1000016,475269,1065314
11913,201802,충북,6430000,돼지,LBI1000006,221137,479743
11915,201802,충북,6430000,사슴,LBI1000017,5,9
11906,201802,경기,6410000,소,LBI1000080,18148,47328
11916,201802,충북,6430000,소,LBI1000080,12276,33579
11917,201802,충북,6430000,면양,LBI1000086,1,1
11907,201802,경기,6410000,닭,LBI1000088,10203054,22206953
11897,201802,대전,6300000,돼지,LBI1000006,20404,43067
11905,201802,경기,6410000,당나귀,LBI1000023,4,8
11904,201802,경기,6410000,메추리,LBI1000021,59572,100851
11903,201802,경기,6410000,말,LBI1000007,1,1
11902,201802,경기,6410000,돼지,LBI1000006,230028,505266
11901,201802,울산,6310000,산양,LBI1000087,84,275
11900,201802,울산,6310000,소,LBI1000080,1297,2608
11898,201802,대전,6300000,소,LBI1000080,891,2051
11896,201802,광주,6290000,소,LBI1000080,1166,2460
11895,201802,광주,6290000,돼지,LBI1000006,22737,48791
11894,201802,인천,6280000,닭,LBI1000088,377710,796731
11893,201802,인천,6280000,소,LBI1000080,1283,3234
11918,201802,충북,6430000,산양,LBI1000087,1351,3348
11936,201802,전남,6460000,닭,LBI1000088,3518995,8342712
11920,201802,충남,6440000,돼지,LBI1000006,177164,388732
11921,201802,충남,6440000,말,LBI1000007,9,25
11950,201802,제주,6500000,오리,LBI1000016,11481,20112
11949,201802,제주,6500000,말,LBI1000007,45,117
11948,201802,제주,6500000,돼지,LBI1000006,69734,148962
11947,201802,경남,6480000,닭,LBI1000088,939889,2005533
11946,201802,경남,6480000,산양,LBI1000087,600,1392
11945,201802,경남,6480000,소,LBI1000080,9355,25223
11944,201802,경남,6480000,오리,LBI1000016,35514,137548
11943,201802,경남,6480000,말,LBI1000007,6,16
11942,201802,경남,6480000,돼지,LBI1000006,151780,327440
11941,201802,경북,6470000,닭,LBI1000088,5211316,10988672
11940,201802,경북,6470000,산양,LBI1000087,418,1210
11939,201802,경북,6470000,소,LBI1000080,7437,19619
11938,201802,경북,6470000,말,LBI1000007,2,7
11937,201802,경북,6470000,돼지,LBI1000006,101044,219040
11891,201802,인천,6280000,돼지,LBI1000006,26475,59838
11935,201802,전남,6460000,산양,LBI1000087,1447,3402
11934,201802,전남,6460000,소,LBI1000080,5372,12517
11933,201802,전남,6460000,오리,LBI1000016,1571844,4593772
11932,201802,전남,6460000,말,LBI1000007,2,3
11931,201802,전남,6460000,돼지,LBI1000006,103258,225211
11930,201802,전북,6450000,닭,LBI1000088,26846729,59593178
11929,201802,전북,6450000,소,LBI1000080,2136,4812
11928,201802,전북,6450000,토끼,LBI1000018,1009,1958
11927,201802,전북,6450000,오리,LBI1000016,635073,1452568
11926,201802,전북,6450000,말,LBI1000007,1,2
11925,201802,전북,6450000,돼지,LBI1000006,148178,326951
11924,201802,충남,6440000,닭,LBI1000088,7259679,16182240
11923,201802,충남,6440000,산양,LBI1000087,713,1589
11922,201802,충남,6440000,소,LBI1000080,3187,8162
11892,201802,인천,6280000,꿩,LBI1000022,301,301
11919,201802,충북,6430000,닭,LBI1000088,11543412,25413776
11890,201802,대구,6270000,닭,LBI1000088,313522,1873452
12896,201802,제주,6500000,산양,LBI1000087,14,33
11889,201802,대구,6270000,소,LBI1000080,1751,4286
12897,201802,제주,6500000,닭,LBI1000088,543810,1198219
11899,201802,울산,6310000,돼지,LBI1000006,8680,19754
12895,201802,제주,6500000,소,LBI1000080,411,1128
11888,201802,대구,6270000,돼지,LBI1000006,33614,72700
12939,201801,전남,6460000,돼지,LBI1000006,121953,121953
12946,201801,경북,6470000,돼지,LBI1000006,117996,117996
12945,201801,전남,6460000,닭,LBI1000088,4823717,4823717
12944,201801,전남,6460000,산양,LBI1000087,1955,1955
12943,201801,전남,6460000,소,LBI1000080,7145,7145
12941,201801,전남,6460000,오리,LBI1000016,3021928,3021928
12940,201801,전남,6460000,말,LBI1000007,1,1
12938,201801,전북,6450000,닭,LBI1000088,32746449,32746449
12948,201801,경북,6470000,소,LBI1000080,12182,12182
12937,201801,전북,6450000,소,LBI1000080,2676,2676
12936,201801,전북,6450000,토끼,LBI1000018,949,949
12935,201801,전북,6450000,오리,LBI1000016,817495,817495
12934,201801,전북,6450000,말,LBI1000007,1,1
12933,201801,전북,6450000,돼지,LBI1000006,178773,178773
12947,201801,경북,6470000,말,LBI1000007,5,5
12949,201801,경북,6470000,산양,LBI1000087,792,792
12931,201801,충남,6440000,산양,LBI1000087,876,876
12950,201801,경북,6470000,닭,LBI1000088,5777356,5777356
12962,201801,제주,6500000,닭,LBI1000088,654409,654409
12961,201801,제주,6500000,산양,LBI1000087,19,19
12960,201801,제주,6500000,소,LBI1000080,717,717
12959,201801,제주,6500000,오리,LBI1000016,8631,8631
12958,201801,제주,6500000,말,LBI1000007,72,72
12957,201801,제주,6500000,돼지,LBI1000006,79228,79228
12956,201801,경남,6480000,닭,LBI1000088,1065644,1065644
12955,201801,경남,6480000,산양,LBI1000087,792,792
12954,201801,경남,6480000,소,LBI1000080,15868,15868
12953,201801,경남,6480000,오리,LBI1000016,102034,102034
12952,201801,경남,6480000,말,LBI1000007,10,10
12951,201801,경남,6480000,돼지,LBI1000006,175660,175660
12898,201801,대구,6270000,돼지,LBI1000006,39086,39086
12932,201801,충남,6440000,닭,LBI1000088,8922561,8922561
12942,201801,전남,6460000,사슴,LBI1000017,1,1
12930,201801,충남,6440000,소,LBI1000080,4975,4975
12906,201801,대전,6300000,돼지,LBI1000006,22663,22663
12912,201801,경기,6410000,메추리,LBI1000021,41279,41279
12911,201801,경기,6410000,돼지,LBI1000006,275238,275238
12910,201801,울산,6310000,산양,LBI1000087,191,191
12909,201801,울산,6310000,소,LBI1000080,1311,1311
12908,201801,울산,6310000,돼지,LBI1000006,11074,11074
12907,201801,대전,6300000,소,LBI1000080,1160,1160
12905,201801,광주,6290000,소,LBI1000080,1294,1294
12914,201801,경기,6410000,소,LBI1000080,29180,29180
12929,201801,충남,6440000,말,LBI1000007,16,16
12903,201801,인천,6280000,닭,LBI1000088,419021,419021
12902,201801,인천,6280000,소,LBI1000080,1951,1951
12901,201801,인천,6280000,돼지,LBI1000006,33363,33363
12900,201801,대구,6270000,닭,LBI1000088,1559930,1559930
12899,201801,대구,6270000,소,LBI1000080,2535,2535
12913,201801,경기,6410000,당나귀,LBI1000023,4,4
12904,201801,광주,6290000,돼지,LBI1000006,26054,26054
12915,201801,경기,6410000,닭,LBI1000088,12003899,12003899
12922,201801,충북,6430000,돼지,LBI1000006,258606,258606
12928,201801,충남,6440000,돼지,LBI1000006,211568,211568
12927,201801,충북,6430000,닭,LBI1000088,13870364,13870364
12916,201801,강원,6420000,돼지,LBI1000006,49556,49556
12925,201801,충북,6430000,소,LBI1000080,21303,21303
12924,201801,충북,6430000,사슴,LBI1000017,4,4
12923,201801,충북,6430000,오리,LBI1000016,590045,590045
12926,201801,충북,6430000,산양,LBI1000087,1997,1997
12921,201801,강원,6420000,닭,LBI1000088,1523715,1523715
12920,201801,강원,6420000,산양,LBI1000087,317,317
12919,201801,강원,6420000,면양,LBI1000086,3,3
12918,201801,강원,6420000,소,LBI1000080,4909,4909
12917,201801,강원,6420000,사슴,LBI1000017,1,1
8054,201712,강원,6420000,산양,LBI1000087,12,208
8044,201712,충북,6430000,돼지,LBI1000006,91855,22948877
8053,201712,충북,6430000,오리,LBI1000016,236336,121552919
8052,201712,충남,6440000,닭,LBI1000088,3470682,835731294
8051,201712,전북,6450000,돼지,LBI1000006,55587,15191831
8050,201712,경남,6480000,닭,LBI1000088,377079,107802310
8049,201712,울산,6310000,소,LBI1000080,384,174319
8048,201712,경기,6410000,돼지,LBI1000006,97273,25705718
8047,201712,강원,6420000,소,LBI1000080,1009,380346
8046,201712,전북,6450000,오리,LBI1000016,263807,135820557
8045,201712,울산,6310000,산양,LBI1000087,106,3706
8039,201712,전북,6450000,소,LBI1000080,631,386507
8043,201712,광주,6290000,소,LBI1000080,825,192376
8042,201712,경기,6410000,닭,LBI1000088,7752623,1247020801
8041,201712,전북,6450000,말,LBI1000007,2,133
8040,201712,충북,6430000,산양,LBI1000087,532,102756
8038,201712,인천,6280000,닭,LBI1000088,340591,80097321
8037,201712,대전,6300000,돼지,LBI1000006,7946,2134166
8036,201712,전남,6460000,닭,LBI1000088,2013060,390353376
8035,201712,경북,6470000,닭,LBI1000088,5018635,702026776
8034,201712,제주,6500000,닭,LBI1000088,286270,59926095
8056,201712,대구,6270000,닭,LBI1000088,673432,195261153
8055,201712,광주,6290000,돼지,LBI1000006,14952,2533488
8071,201712,전남,6460000,말,LBI1000007,1,47
8057,201712,제주,6500000,말,LBI1000007,26,8624
8085,201712,경북,6470000,산양,LBI1000087,296,39039
8079,201712,제주,6500000,산양,LBI1000087,9,1084
8080,201712,전남,6460000,오리,LBI1000016,1173767,220814461
8081,201712,충남,6440000,소,LBI1000080,1130,417311
8082,201712,인천,6280000,돼지,LBI1000006,11014,2962417
8083,201712,제주,6500000,오리,LBI1000016,4689,1861684
8084,201712,제주,6500000,돼지,LBI1000006,25700,7668079
8086,201712,경남,6480000,돼지,LBI1000006,60093,16104961
8077,201712,강원,6420000,돼지,LBI1000006,17395,5829261
8087,201712,전남,6460000,산양,LBI1000087,843,109224
8058,201712,충북,6430000,소,LBI1000080,6190,1364096
8089,201712,전남,6460000,돼지,LBI1000006,34011,10025722
8090,201712,충남,6440000,돼지,LBI1000006,71309,15818141
8091,201712,울산,6310000,돼지,LBI1000006,3834,1304559
8092,201712,인천,6280000,소,LBI1000080,535,117550
8078,201712,대구,6270000,돼지,LBI1000006,5656,2133080
8088,201712,경북,6470000,돼지,LBI1000006,55013,13382797
8076,201712,충남,6440000,말,LBI1000007,7,188
8065,201712,대전,6300000,소,LBI1000080,336,122146
8075,201712,전북,6450000,닭,LBI1000088,9352218,2434389918
8059,201712,경기,6410000,소,LBI1000080,8691,2271787
8060,201712,경남,6480000,소,LBI1000080,6593,1290088
8061,201712,대구,6270000,소,LBI1000080,273,104157
8062,201712,충남,6440000,산양,LBI1000087,298,44973
8063,201712,경남,6480000,산양,LBI1000087,49,8940
8064,201712,강원,6420000,닭,LBI1000088,622488,89517674
8074,201712,경북,6470000,말,LBI1000007,1,617
8066,201712,경남,6480000,오리,LBI1000016,69040,34873847
8068,201712,충북,6430000,닭,LBI1000088,6383730,1387292992
8069,201712,경남,6480000,말,LBI1000007,6,13
8070,201712,인천,6280000,꿩,LBI1000022,460,19568
8072,201712,제주,6500000,소,LBI1000080,142,47912
8067,201712,전남,6460000,소,LBI1000080,3372,709989
8073,201712,경북,6470000,소,LBI1000080,4219,1021820
6522,201711,경북,6470000,산양,LBI1000087,675,38743
6525,201711,인천,6280000,산양,LBI1000087,6,2478
6524,201711,제주,6500000,오리,LBI1000016,6879,1856995
6523,201711,제주,6500000,돼지,LBI1000006,75841,7642379
6516,201711,울산,6310000,돼지,LBI1000006,10309,1300725
6515,201711,인천,6280000,소,LBI1000080,1505,117015
6527,201711,충남,6440000,소,LBI1000080,3003,416181
6517,201711,충남,6440000,돼지,LBI1000006,218450,15746832
6518,201711,전남,6460000,돼지,LBI1000006,90049,9991711
6519,201711,경북,6470000,돼지,LBI1000006,141285,13327784
6526,201711,인천,6280000,돼지,LBI1000006,33728,2951403
6531,201711,강원,6420000,돼지,LBI1000006,51066,5811866
6528,201711,전남,6460000,오리,LBI1000016,1459774,219640694
6529,201711,제주,6500000,산양,LBI1000087,18,1075
6530,201711,대구,6270000,돼지,LBI1000006,16208,2127424
6532,201711,충남,6440000,말,LBI1000007,10,181
7997,201711,충북,6430000,닭,LBI1000088,13444224,1380909262
6533,201711,전북,6450000,닭,LBI1000088,22084116,2425037700
6534,201711,경북,6470000,말,LBI1000007,12,616
6536,201711,제주,6500000,소,LBI1000080,458,47770
6537,201711,인천,6280000,꿩,LBI1000022,6217,19108
6538,201711,경남,6480000,말,LBI1000007,4,7
6539,201711,경기,6410000,말,LBI1000007,2,246
6535,201711,경북,6470000,소,LBI1000080,7881,1017601
7996,201711,경기,6410000,당나귀,LBI1000023,5,256
6521,201711,경남,6480000,돼지,LBI1000006,152714,16044868
8006,201711,강원,6420000,말,LBI1000007,1,26
8013,201711,충북,6430000,오리,LBI1000016,741310,121316583
8012,201711,강원,6420000,산양,LBI1000087,1,196
8011,201711,광주,6290000,돼지,LBI1000006,26955,2518536
8010,201711,대구,6270000,닭,LBI1000088,1233711,194587721
8009,201711,제주,6500000,말,LBI1000007,97,8598
8008,201711,충북,6430000,소,LBI1000080,14219,1357906
8007,201711,경기,6410000,소,LBI1000080,20101,2263096
8005,201711,경남,6480000,소,LBI1000080,10279,1283495
8033,201711,제주,6500000,닭,LBI1000088,677943,59639825
8004,201711,대구,6270000,소,LBI1000080,622,103884
8003,201711,충남,6440000,산양,LBI1000087,872,44675
8002,201711,경남,6480000,산양,LBI1000087,95,8891
8001,201711,강원,6420000,닭,LBI1000088,1438102,88895186
8000,201711,대전,6300000,소,LBI1000080,781,121810
7999,201711,경남,6480000,오리,LBI1000016,231123,34804807
7998,201711,전남,6460000,소,LBI1000080,4986,706617
8014,201711,충남,6440000,닭,LBI1000088,6626813,832260612
8015,201711,전북,6450000,돼지,LBI1000006,157681,15136244
8016,201711,경남,6480000,닭,LBI1000088,936237,107425231
8017,201711,울산,6310000,소,LBI1000080,1020,173935
8032,201711,경북,6470000,닭,LBI1000088,5621986,697008141
8031,201711,전남,6460000,닭,LBI1000088,2612685,388340316
8030,201711,대전,6300000,돼지,LBI1000006,25841,2126220
8029,201711,인천,6280000,닭,LBI1000088,369147,79756730
8028,201711,전북,6450000,소,LBI1000080,1670,385876
8027,201711,충북,6430000,산양,LBI1000087,1479,102224
8026,201711,전북,6450000,말,LBI1000007,1,131
8025,201711,경기,6410000,닭,LBI1000088,11384992,1239268178
8024,201711,광주,6290000,소,LBI1000080,1177,191551
8023,201711,충남,6440000,당나귀,LBI1000023,7,28
8022,201711,충북,6430000,돼지,LBI1000006,264623,22857022
8021,201711,울산,6310000,산양,LBI1000087,217,3600
8020,201711,전북,6450000,오리,LBI1000016,383117,135556750
8019,201711,강원,6420000,소,LBI1000080,2440,379337
8018,201711,경기,6410000,돼지,LBI1000006,267891,25608445
6520,201711,전남,6460000,산양,LBI1000087,2099,108381
6503,201710,인천,6280000,돼지,LBI1000006,28549,2917675
6514,201710,인천,6280000,소,LBI1000080,944,115510
6466,201710,강원,6420000,소,LBI1000080,2090,376897
6480,201710,경남,6480000,소,LBI1000080,8124,1273216
6479,201710,경기,6410000,소,LBI1000080,16185,2242995
6478,201710,충북,6430000,소,LBI1000080,11495,1343687
6477,201710,제주,6500000,말,LBI1000007,84,8501
6476,201710,대구,6270000,닭,LBI1000088,1333160,193354010
6475,201710,광주,6290000,돼지,LBI1000006,20408,2491581
6474,201710,충남,6440000,사슴,LBI1000017,3,167
6473,201710,강원,6420000,산양,LBI1000087,2,195
6472,201710,충북,6430000,오리,LBI1000016,587223,120575273
6471,201710,충남,6440000,닭,LBI1000088,5907821,825633799
6470,201710,전북,6450000,돼지,LBI1000006,128103,14978563
6469,201710,경남,6480000,닭,LBI1000088,988920,106488994
6467,201710,경기,6410000,돼지,LBI1000006,215866,25340554
6465,201710,전북,6450000,오리,LBI1000016,253115,135173633
6482,201710,충남,6440000,산양,LBI1000087,633,43803
6464,201710,울산,6310000,산양,LBI1000087,86,3383
6463,201710,충북,6430000,돼지,LBI1000006,214843,22592399
6462,201710,광주,6290000,소,LBI1000080,944,190374
6461,201710,경기,6410000,닭,LBI1000088,10479958,1227883186
6460,201710,전북,6450000,말,LBI1000007,1,130
6459,201710,충북,6430000,산양,LBI1000087,1247,100745
6458,201710,전북,6450000,소,LBI1000080,1136,384206
6457,201710,인천,6280000,닭,LBI1000088,387087,79387583
6456,201710,대전,6300000,돼지,LBI1000006,23106,2100379
6455,201710,전남,6460000,닭,LBI1000088,2223002,385727631
6454,201710,경북,6470000,닭,LBI1000088,5282179,691386155
6453,201710,제주,6500000,닭,LBI1000088,615566,58961882
6513,201710,울산,6310000,돼지,LBI1000006,9125,1290416
6481,201710,대구,6270000,소,LBI1000080,330,103262
6468,201710,울산,6310000,소,LBI1000080,686,172915
6483,201710,경남,6480000,산양,LBI1000087,34,8796
6498,201710,강원,6420000,돼지,LBI1000006,43825,5760800
6484,201710,강원,6420000,닭,LBI1000088,1181990,87457084
6511,201710,전남,6460000,돼지,LBI1000006,71701,9901662
6510,201710,경북,6470000,돼지,LBI1000006,117304,13186499
6509,201710,전남,6460000,산양,LBI1000087,1526,106282
6508,201710,경남,6480000,돼지,LBI1000006,124141,15892154
6507,201710,경북,6470000,산양,LBI1000087,326,38068
6506,201710,제주,6500000,돼지,LBI1000006,60753,7566538
6505,201710,제주,6500000,오리,LBI1000016,7293,1850116
6504,201710,인천,6280000,산양,LBI1000087,5,2472
6502,201710,충남,6440000,소,LBI1000080,1994,413178
6501,201710,전남,6460000,오리,LBI1000016,1381490,218180920
6500,201710,제주,6500000,산양,LBI1000087,15,1057
6499,201710,대구,6270000,돼지,LBI1000006,13670,2111216
6512,201710,충남,6440000,돼지,LBI1000006,180419,15528382
6497,201710,충남,6440000,말,LBI1000007,9,171
6490,201710,경기,6410000,말,LBI1000007,1,244
6496,201710,전북,6450000,닭,LBI1000088,19870732,2402953584
6486,201710,경남,6480000,오리,LBI1000016,207835,34573684
6487,201710,전남,6460000,소,LBI1000080,4000,701631
6488,201710,충북,6430000,닭,LBI1000088,11783814,1367465038
6489,201710,경기,6410000,당나귀,LBI1000023,2,251
6485,201710,대전,6300000,소,LBI1000080,445,121029
6491,201710,전남,6460000,말,LBI1000007,4,46
6493,201710,제주,6500000,소,LBI1000080,326,47312
6494,201710,경북,6470000,소,LBI1000080,6063,1009720
6495,201710,경북,6470000,말,LBI1000007,5,604
6492,201710,인천,6280000,꿩,LBI1000022,2792,12891
6413,201709,제주,6500000,소,LBI1000080,772,46986
6409,201709,충남,6440000,말,LBI1000007,6,162
6410,201709,전북,6450000,닭,LBI1000088,22330585,2383082852
6411,201709,경북,6470000,말,LBI1000007,2,599
6412,201709,경북,6470000,소,LBI1000080,14798,1003657
6420,201709,대전,6300000,소,LBI1000080,1566,120584
6416,201709,경기,6410000,당나귀,LBI1000023,2,249
6414,201709,전남,6460000,말,LBI1000007,1,42
6415,201709,경기,6410000,말,LBI1000007,2,243
6417,201709,충북,6430000,닭,LBI1000088,13462242,1355681224
6418,201709,전남,6460000,소,LBI1000080,8154,697631
6419,201709,경남,6480000,오리,LBI1000016,254311,34365849
6407,201709,대구,6270000,돼지,LBI1000006,18182,2097546
6408,201709,강원,6420000,돼지,LBI1000006,49264,5716975
6400,201709,경북,6470000,산양,LBI1000087,395,37742
6406,201709,제주,6500000,산양,LBI1000087,27,1042
6405,201709,전남,6460000,오리,LBI1000016,1735765,216799430
6404,201709,충남,6440000,소,LBI1000080,5966,411184
6403,201709,인천,6280000,돼지,LBI1000006,33171,2889126
6402,201709,제주,6500000,오리,LBI1000016,8407,1842823
6401,201709,제주,6500000,돼지,LBI1000006,83073,7505785
6399,201709,경남,6480000,돼지,LBI1000006,148509,15768013
6398,201709,전남,6460000,산양,LBI1000087,2224,104756
6397,201709,경북,6470000,돼지,LBI1000006,139744,13069195
6396,201709,전남,6460000,돼지,LBI1000006,91739,9829961
6395,201709,충남,6440000,돼지,LBI1000006,196981,15347963
6394,201709,울산,6310000,돼지,LBI1000006,11084,1281291
6393,201709,인천,6280000,소,LBI1000080,2092,114566
6422,201709,경남,6480000,산양,LBI1000087,30,8762
6421,201709,강원,6420000,닭,LBI1000088,1421003,86275094
6438,201709,강원,6420000,소,LBI1000080,4884,374807
6423,201709,충남,6440000,산양,LBI1000087,1029,43170
6439,201709,전북,6450000,오리,LBI1000016,311845,134920518
6424,201709,대구,6270000,소,LBI1000080,1143,102932
6451,201709,경북,6470000,닭,LBI1000088,5777095,686103976
6450,201709,전남,6460000,닭,LBI1000088,2942669,383504629
6449,201709,충북,6430000,말,LBI1000007,2,27
6448,201709,대전,6300000,돼지,LBI1000006,27003,2077273
6447,201709,인천,6280000,닭,LBI1000088,434595,79000496
6446,201709,전북,6450000,소,LBI1000080,3377,383070
6445,201709,충북,6430000,산양,LBI1000087,1719,99498
6444,201709,경기,6410000,닭,LBI1000088,11116196,1217403228
6443,201709,광주,6290000,소,LBI1000080,1573,189430
6442,201709,충북,6430000,돼지,LBI1000006,247983,22377556
6441,201709,울산,6310000,산양,LBI1000087,33,3297
6440,201709,충북,6430000,당나귀,LBI1000023,1,15
6452,201709,제주,6500000,닭,LBI1000088,681070,58346316
6428,201709,제주,6500000,말,LBI1000007,79,8417
6431,201709,강원,6420000,산양,LBI1000087,6,193
6425,201709,경남,6480000,소,LBI1000080,16328,1265092
6426,201709,경기,6410000,소,LBI1000080,30621,2226810
6427,201709,충북,6430000,소,LBI1000080,22969,1332192
6429,201709,대구,6270000,닭,LBI1000088,1493566,192020850
6430,201709,광주,6290000,돼지,LBI1000006,24957,2471173
6437,201709,경기,6410000,돼지,LBI1000006,274198,25124688
6432,201709,충북,6430000,오리,LBI1000016,666526,119988050
6433,201709,충남,6440000,닭,LBI1000088,6118384,819725978
6434,201709,전북,6450000,돼지,LBI1000006,146246,14850460
6435,201709,경남,6480000,닭,LBI1000088,1108034,105500074
6436,201709,울산,6310000,소,LBI1000080,1940,172229
6353,201708,광주,6290000,돼지,LBI1000006,18337,2446216
6348,201708,경남,6480000,닭,LBI1000088,939155,104392040
6349,201708,전북,6450000,돼지,LBI1000006,127227,14704214
6350,201708,충남,6440000,닭,LBI1000088,6345962,813607594
6351,201708,충북,6430000,오리,LBI1000016,537265,119321524
6352,201708,강원,6420000,산양,LBI1000087,4,187
6361,201708,충남,6440000,산양,LBI1000087,1099,42141
6359,201708,경남,6480000,소,LBI1000080,11668,1248764
6354,201708,대구,6270000,닭,LBI1000088,1755119,190527284
6355,201708,제주,6500000,말,LBI1000007,84,8338
6356,201708,충북,6430000,소,LBI1000080,16404,1309223
6357,201708,경기,6410000,소,LBI1000080,22440,2196189
6358,201708,강원,6420000,말,LBI1000007,4,25
6346,201708,경기,6410000,돼지,LBI1000006,235150,24850490
6347,201708,울산,6310000,소,LBI1000080,1051,170289
6339,201708,충북,6430000,산양,LBI1000087,2352,97779
6345,201708,강원,6420000,소,LBI1000080,2893,369923
6344,201708,전북,6450000,오리,LBI1000016,313737,134608673
6343,201708,울산,6310000,산양,LBI1000087,48,3264
6342,201708,충북,6430000,돼지,LBI1000006,210518,22129573
6341,201708,광주,6290000,소,LBI1000080,1089,187857
6340,201708,경기,6410000,닭,LBI1000088,11527234,1206287032
6338,201708,전북,6450000,말,LBI1000007,1,129
6337,201708,전북,6450000,소,LBI1000080,1766,379693
6336,201708,인천,6280000,닭,LBI1000088,737494,78565901
6335,201708,대전,6300000,돼지,LBI1000006,24385,2050270
6334,201708,전남,6460000,닭,LBI1000088,3928697,380561960
6333,201708,경북,6470000,닭,LBI1000088,7234337,680326881
6332,201708,제주,6500000,닭,LBI1000088,777597,57665246
6360,201708,대구,6270000,소,LBI1000080,539,101789
6377,201708,대구,6270000,돼지,LBI1000006,16495,2079364
6362,201708,경남,6480000,산양,LBI1000087,13,8732
6378,201708,제주,6500000,산양,LBI1000087,21,1015
6391,201708,울산,6310000,돼지,LBI1000006,10360,1270207
6390,201708,충남,6440000,돼지,LBI1000006,169066,15150982
6389,201708,전남,6460000,돼지,LBI1000006,74498,9738222
6388,201708,경북,6470000,돼지,LBI1000006,121951,12929451
6387,201708,전남,6460000,산양,LBI1000087,2872,102532
6386,201708,경남,6480000,돼지,LBI1000006,126877,15619504
6385,201708,경북,6470000,산양,LBI1000087,564,37347
6384,201708,제주,6500000,돼지,LBI1000006,68852,7422712
6383,201708,제주,6500000,오리,LBI1000016,11072,1834416
6382,201708,인천,6280000,산양,LBI1000087,10,2467
6381,201708,인천,6280000,돼지,LBI1000006,28350,2855955
6380,201708,충남,6440000,소,LBI1000080,3022,405218
6379,201708,전남,6460000,오리,LBI1000016,1443009,215063665
6363,201708,강원,6420000,닭,LBI1000088,1436434,84854091
6392,201708,인천,6280000,소,LBI1000080,1402,112474
6370,201708,경기,6410000,말,LBI1000007,3,241
6364,201708,대전,6300000,소,LBI1000080,660,119018
6365,201708,경남,6480000,오리,LBI1000016,300746,34111538
6366,201708,전남,6460000,사슴,LBI1000017,1,37
6368,201708,충북,6430000,닭,LBI1000088,15308213,1342218982
6369,201708,경기,6410000,당나귀,LBI1000023,8,247
6367,201708,전남,6460000,소,LBI1000080,5356,689477
6371,201708,제주,6500000,소,LBI1000080,485,46214
6372,201708,경북,6470000,소,LBI1000080,8740,988859
6373,201708,경북,6470000,말,LBI1000007,5,597
6374,201708,전북,6450000,닭,LBI1000088,25677449,2360752267
6375,201708,충남,6440000,말,LBI1000007,7,156
6376,201708,강원,6420000,돼지,LBI1000006,43994,5667711
6293,201707,경기,6410000,당나귀,LBI1000023,3,239
6288,201707,전북,6450000,닭,LBI1000088,30168623,2335074818
6289,201707,경북,6470000,말,LBI1000007,3,592
6290,201707,경북,6470000,소,LBI1000080,7159,980119
6291,201707,제주,6500000,소,LBI1000080,369,45729
6292,201707,경기,6410000,말,LBI1000007,4,238
6300,201707,충남,6440000,산양,LBI1000087,1232,41042
6294,201707,충북,6430000,닭,LBI1000088,16197567,1326910769
6295,201707,전남,6460000,소,LBI1000080,4919,684121
6296,201707,경남,6480000,오리,LBI1000016,250025,33810792
6297,201707,대전,6300000,소,LBI1000080,584,118358
6298,201707,강원,6420000,닭,LBI1000088,1313856,83417657
6299,201707,경남,6480000,산양,LBI1000087,16,8719
6286,201707,강원,6420000,돼지,LBI1000006,38534,5623717
6287,201707,충남,6440000,말,LBI1000007,3,149
6279,201707,제주,6500000,돼지,LBI1000006,64534,7353860
6285,201707,대구,6270000,돼지,LBI1000006,13388,2062869
6284,201707,제주,6500000,산양,LBI1000087,22,994
6283,201707,전남,6460000,오리,LBI1000016,1355792,213620656
6282,201707,충남,6440000,소,LBI1000080,2219,402196
6281,201707,인천,6280000,돼지,LBI1000006,24413,2827605
6280,201707,제주,6500000,오리,LBI1000016,11293,1823344
6278,201707,경북,6470000,산양,LBI1000087,496,36783
6277,201707,경남,6480000,돼지,LBI1000006,109706,15492627
6276,201707,전남,6460000,산양,LBI1000087,2930,99660
6275,201707,경북,6470000,돼지,LBI1000006,109298,12807500
6274,201707,전남,6460000,돼지,LBI1000006,68430,9663724
6273,201707,충남,6440000,돼지,LBI1000006,142016,14981916
6272,201707,울산,6310000,돼지,LBI1000006,8836,1259847
6301,201707,대구,6270000,소,LBI1000080,452,101250
6271,201707,인천,6280000,소,LBI1000080,1015,111072
6302,201707,경남,6480000,소,LBI1000080,9826,1237096
6303,201707,강원,6420000,말,LBI1000007,2,21
6318,201707,전북,6450000,오리,LBI1000016,290873,134294936
6304,201707,경기,6410000,소,LBI1000080,16363,2173749
6330,201707,경북,6470000,닭,LBI1000088,9279843,673092544
6329,201707,전남,6460000,닭,LBI1000088,7177028,376633263
6328,201707,대전,6300000,돼지,LBI1000006,21236,2025885
6327,201707,인천,6280000,닭,LBI1000088,1270885,77828407
6326,201707,전북,6450000,산양,LBI1000087,1,491
6325,201707,전북,6450000,소,LBI1000080,1565,377927
6324,201707,전북,6450000,말,LBI1000007,1,128
6323,201707,충북,6430000,산양,LBI1000087,2752,95427
6322,201707,경기,6410000,닭,LBI1000088,11645614,1194759798
6321,201707,광주,6290000,소,LBI1000080,1111,186768
6320,201707,충북,6430000,돼지,LBI1000006,182158,21919055
6319,201707,울산,6310000,산양,LBI1000087,8,3216
6331,201707,제주,6500000,닭,LBI1000088,789168,56887649
6305,201707,충북,6430000,소,LBI1000080,12863,1292819
6311,201707,충북,6430000,오리,LBI1000016,552567,118784259
6317,201707,강원,6420000,소,LBI1000080,2156,367030
6306,201707,제주,6500000,말,LBI1000007,76,8254
6307,201707,대구,6270000,닭,LBI1000088,1729043,188772165
6308,201707,광주,6290000,돼지,LBI1000006,19542,2427879
6310,201707,충남,6440000,사슴,LBI1000017,5,164
6309,201707,강원,6420000,산양,LBI1000087,8,183
6312,201707,충남,6440000,닭,LBI1000088,5997374,807261632
6313,201707,전북,6450000,돼지,LBI1000006,114491,14576987
6314,201707,경남,6480000,닭,LBI1000088,936276,103452885
6315,201707,울산,6310000,소,LBI1000080,884,169238
6316,201707,경기,6410000,돼지,LBI1000006,200378,24615340
7249,201706,제주,6500000,말,LBI1000007,84,8178
7244,201706,충남,6440000,닭,LBI1000088,6046726,801264258
7245,201706,충북,6430000,오리,LBI1000016,566439,118231692
7246,201706,강원,6420000,산양,LBI1000087,3,175
7247,201706,광주,6290000,돼지,LBI1000006,23175,2408337
7248,201706,대구,6270000,닭,LBI1000088,1595315,187043122
7227,201706,제주,6500000,닭,LBI1000088,682912,56098481
7250,201706,충북,6430000,소,LBI1000080,13016,1279956
7251,201706,경기,6410000,소,LBI1000080,17819,2157386
7252,201706,경남,6480000,소,LBI1000080,9211,1227270
7253,201706,대구,6270000,소,LBI1000080,517,100798
7254,201706,충남,6440000,산양,LBI1000087,997,39810
7242,201706,경남,6480000,닭,LBI1000088,726837,102516609
7243,201706,전북,6450000,돼지,LBI1000006,125335,14462496
7235,201706,광주,6290000,소,LBI1000080,1099,185657
7241,201706,울산,6310000,소,LBI1000080,938,168354
7240,201706,경기,6410000,돼지,LBI1000006,227314,24414962
7239,201706,강원,6420000,소,LBI1000080,2098,364874
7238,201706,전북,6450000,오리,LBI1000016,318711,134004063
7237,201706,울산,6310000,산양,LBI1000087,22,3208
7236,201706,충북,6430000,돼지,LBI1000006,206343,21736897
7234,201706,경기,6410000,닭,LBI1000088,10708671,1183114184
7233,201706,충북,6430000,산양,LBI1000087,2016,92675
7232,201706,전북,6450000,소,LBI1000080,1670,376362
7256,201706,강원,6420000,닭,LBI1000088,1494929,82103801
7230,201706,대전,6300000,돼지,LBI1000006,25707,2004649
7229,201706,전남,6460000,닭,LBI1000088,6190977,369456235
7228,201706,경북,6470000,닭,LBI1000088,7646154,663812701
7255,201706,경남,6480000,산양,LBI1000087,11,8703
7231,201706,인천,6280000,닭,LBI1000088,688429,76557522
7257,201706,대전,6300000,소,LBI1000080,571,117774
6258,201706,전남,6460000,오리,LBI1000016,1429808,212264864
6270,201706,인천,6280000,소,LBI1000080,955,110057
6269,201706,울산,6310000,돼지,LBI1000006,10383,1251011
6268,201706,충남,6440000,돼지,LBI1000006,161317,14839900
6267,201706,전남,6460000,돼지,LBI1000006,73729,9595294
6266,201706,경북,6470000,돼지,LBI1000006,123328,12698202
6265,201706,전남,6460000,산양,LBI1000087,2424,96730
6264,201706,경남,6480000,돼지,LBI1000006,122486,15382921
6263,201706,경북,6470000,산양,LBI1000087,421,36287
6262,201706,제주,6500000,돼지,LBI1000006,69740,7289326
6261,201706,제주,6500000,오리,LBI1000016,11136,1812051
6260,201706,인천,6280000,돼지,LBI1000006,25876,2803192
6259,201706,충남,6440000,소,LBI1000080,2332,399977
7258,201706,경남,6480000,오리,LBI1000016,248580,33560767
6257,201706,제주,6500000,산양,LBI1000087,21,972
6250,201706,전남,6460000,말,LBI1000007,1,41
6256,201706,대구,6270000,돼지,LBI1000006,14224,2049481
7259,201706,전남,6460000,소,LBI1000080,4816,679202
7260,201706,충북,6430000,닭,LBI1000088,15222452,1310713202
7261,201706,경기,6410000,당나귀,LBI1000023,3,236
7263,201706,제주,6500000,소,LBI1000080,386,45360
7262,201706,경기,6410000,말,LBI1000007,3,234
6251,201706,경북,6470000,소,LBI1000080,7199,972960
6252,201706,경북,6470000,말,LBI1000007,4,589
6253,201706,전북,6450000,닭,LBI1000088,23492726,2304906195
6254,201706,충남,6440000,말,LBI1000007,8,146
6255,201706,강원,6420000,돼지,LBI1000006,42841,5585183
7189,201705,제주,6500000,소,LBI1000080,386,44974
7184,201705,대구,6270000,돼지,LBI1000006,15502,2035257
7185,201705,강원,6420000,돼지,LBI1000006,47533,5542342
7186,201705,전북,6450000,닭,LBI1000088,22230266,2281413469
7187,201705,경북,6470000,말,LBI1000007,6,585
7188,201705,경북,6470000,소,LBI1000080,7292,965761
7195,201705,강원,6420000,닭,LBI1000088,989148,80608872
7190,201705,경기,6410000,당나귀,LBI1000023,6,233
7191,201705,충북,6430000,닭,LBI1000088,13411699,1295490750
7192,201705,전남,6460000,소,LBI1000080,4985,674386
7193,201705,경남,6480000,오리,LBI1000016,250005,33312187
7194,201705,대전,6300000,소,LBI1000080,658,117203
7182,201705,전남,6460000,오리,LBI1000016,1407443,210835056
7183,201705,제주,6500000,산양,LBI1000087,17,951
7176,201705,경북,6470000,산양,LBI1000087,479,35866
7181,201705,충남,6440000,소,LBI1000080,2486,397645
7180,201705,인천,6280000,산양,LBI1000087,1,2457
7179,201705,인천,6280000,돼지,LBI1000006,28517,2777316
7178,201705,제주,6500000,오리,LBI1000016,13444,1800915
7177,201705,제주,6500000,돼지,LBI1000006,72101,7219586
7175,201705,경남,6480000,돼지,LBI1000006,127956,15260435
7174,201705,전남,6460000,산양,LBI1000087,2043,94306
7173,201705,경북,6470000,돼지,LBI1000006,131157,12574874
7172,201705,전남,6460000,돼지,LBI1000006,76345,9521565
7171,201705,충남,6440000,돼지,LBI1000006,166134,14678583
7170,201705,울산,6310000,돼지,LBI1000006,11006,1240628
7169,201705,인천,6280000,소,LBI1000080,934,109102
7197,201705,충남,6440000,산양,LBI1000087,807,38813
7196,201705,경남,6480000,산양,LBI1000087,10,8692
7198,201705,대구,6270000,소,LBI1000080,617,100281
7226,201705,제주,6500000,닭,LBI1000088,743169,55415569
7213,201705,전북,6450000,오리,LBI1000016,354678,133685352
7199,201705,경남,6480000,소,LBI1000080,9945,1218059
7225,201705,경북,6470000,닭,LBI1000088,7336323,656166547
7224,201705,전남,6460000,닭,LBI1000088,3981279,363265258
7223,201705,대전,6300000,돼지,LBI1000006,27138,1978942
7222,201705,인천,6280000,닭,LBI1000088,357013,75869093
7221,201705,광주,6290000,말,LBI1000007,1,8
7220,201705,전북,6450000,소,LBI1000080,1831,374692
7218,201705,전북,6450000,말,LBI1000007,3,127
7217,201705,경기,6410000,닭,LBI1000088,10072428,1172405513
7216,201705,광주,6290000,소,LBI1000080,1143,184558
7215,201705,충북,6430000,돼지,LBI1000006,218432,21530554
7214,201705,울산,6310000,산양,LBI1000087,87,3186
7219,201705,충북,6430000,산양,LBI1000087,1694,90659
7212,201705,강원,6420000,소,LBI1000080,2309,362776
7205,201705,광주,6290000,돼지,LBI1000006,25830,2385162
7211,201705,경기,6410000,돼지,LBI1000006,233428,24187648
7201,201705,경기,6410000,소,LBI1000080,17956,2139567
7202,201705,충북,6430000,소,LBI1000080,12990,1266940
7203,201705,제주,6500000,말,LBI1000007,68,8094
7204,201705,대구,6270000,닭,LBI1000088,1951797,185447807
7200,201705,강원,6420000,말,LBI1000007,1,19
7206,201705,충북,6430000,오리,LBI1000016,636962,117665253
7207,201705,충남,6440000,닭,LBI1000088,5378570,795217532
7208,201705,전북,6450000,돼지,LBI1000006,133026,14337161
7209,201705,경남,6480000,닭,LBI1000088,627507,101789772
7210,201705,울산,6310000,소,LBI1000080,920,167416
7132,201704,광주,6290000,돼지,LBI1000006,25917,2359332
7127,201704,전북,6450000,돼지,LBI1000006,130665,14204135
7128,201704,충남,6440000,닭,LBI1000088,4760957,789838962
7129,201704,충북,6430000,오리,LBI1000016,459218,117028291
7130,201704,강원,6420000,산양,LBI1000087,9,172
7131,201704,충남,6440000,사슴,LBI1000017,5,159
7135,201704,충북,6430000,소,LBI1000080,14816,1253950
7133,201704,대구,6270000,닭,LBI1000088,1661888,183496010
7134,201704,제주,6500000,말,LBI1000007,171,8026
7125,201704,울산,6310000,소,LBI1000080,996,166496
7136,201704,경기,6410000,소,LBI1000080,20079,2121611
7137,201704,경남,6480000,소,LBI1000080,11590,1208114
7138,201704,대구,6270000,소,LBI1000080,659,99664
7126,201704,경남,6480000,닭,LBI1000088,750470,101162265
7140,201704,경남,6480000,산양,LBI1000087,28,8682
7124,201704,경기,6410000,돼지,LBI1000006,227732,23954220
7123,201704,강원,6420000,소,LBI1000080,2231,360467
7122,201704,전북,6450000,오리,LBI1000016,302154,133330674
7121,201704,울산,6310000,산양,LBI1000087,89,3099
7120,201704,충북,6430000,돼지,LBI1000006,211536,21312122
7119,201704,광주,6290000,소,LBI1000080,1114,183415
7118,201704,경기,6410000,닭,LBI1000088,8883846,1162333085
7117,201704,전북,6450000,말,LBI1000007,1,124
7114,201704,인천,6280000,닭,LBI1000088,358810,75512080
7110,201704,제주,6500000,닭,LBI1000088,692972,54672400
7111,201704,경북,6470000,닭,LBI1000088,5914772,648830224
7112,201704,전남,6460000,닭,LBI1000088,2678140,359283979
7113,201704,대전,6300000,돼지,LBI1000006,26003,1951804
7139,201704,충남,6440000,산양,LBI1000087,776,38006
7115,201704,전북,6450000,소,LBI1000080,1896,372861
7141,201704,강원,6420000,닭,LBI1000088,751866,79619724
7156,201704,전남,6460000,오리,LBI1000016,1343553,209427613
7142,201704,대전,6300000,소,LBI1000080,577,116545
7165,201704,전남,6460000,돼지,LBI1000006,77615,9445220
7166,201704,충남,6440000,돼지,LBI1000006,166980,14512449
7167,201704,울산,6310000,돼지,LBI1000006,10793,1229622
7168,201704,인천,6280000,소,LBI1000080,1048,108168
7116,201704,충북,6430000,산양,LBI1000087,1141,88965
7163,201704,전남,6460000,산양,LBI1000087,1873,92263
7161,201704,경북,6470000,산양,LBI1000087,441,35387
7160,201704,제주,6500000,돼지,LBI1000006,71222,7147485
7159,201704,제주,6500000,오리,LBI1000016,8979,1787471
7158,201704,인천,6280000,돼지,LBI1000006,30550,2748799
7157,201704,충남,6440000,소,LBI1000080,2611,395159
7162,201704,경남,6480000,돼지,LBI1000006,124992,15132479
7155,201704,제주,6500000,산양,LBI1000087,18,934
7148,201704,제주,6500000,소,LBI1000080,501,44588
7154,201704,대구,6270000,돼지,LBI1000006,13868,2019755
7144,201704,전남,6460000,소,LBI1000080,5187,669401
7145,201704,충북,6430000,닭,LBI1000088,11906821,1282079051
7146,201704,경기,6410000,당나귀,LBI1000023,3,227
7147,201704,경기,6410000,말,LBI1000007,2,231
7143,201704,경남,6480000,오리,LBI1000016,188060,33062182
7149,201704,경북,6470000,소,LBI1000080,8020,958469
7152,201704,전북,6450000,닭,LBI1000088,19807560,2259183203
7153,201704,강원,6420000,돼지,LBI1000006,45177,5494809
7164,201704,경북,6470000,돼지,LBI1000006,122667,12443717
7151,201704,충남,6440000,말,LBI1000007,2,138
7150,201704,경북,6470000,말,LBI1000007,5,579
7077,201703,대전,6300000,소,LBI1000080,554,115968
7076,201703,경남,6480000,오리,LBI1000016,202250,32874122
7075,201703,전남,6460000,소,LBI1000080,4941,664214
7065,201703,제주,6500000,산양,LBI1000087,22,916
7073,201703,경기,6410000,당나귀,LBI1000023,5,224
7072,201703,제주,6500000,소,LBI1000080,391,44087
7071,201703,경북,6470000,소,LBI1000080,7134,950449
7070,201703,경북,6470000,말,LBI1000007,5,574
7069,201703,충남,6440000,말,LBI1000007,5,136
7068,201703,전북,6450000,닭,LBI1000088,21138069,2239375643
7067,201703,강원,6420000,돼지,LBI1000006,48594,5449632
7066,201703,대구,6270000,돼지,LBI1000006,15529,2005887
7074,201703,충북,6430000,닭,LBI1000088,12748551,1270172230
7051,201703,인천,6280000,소,LBI1000080,1049,107120
7064,201703,전남,6460000,오리,LBI1000016,1381471,208084060
7063,201703,충남,6440000,소,LBI1000080,2427,392548
7062,201703,인천,6280000,돼지,LBI1000006,32635,2718249
7061,201703,인천,6280000,산양,LBI1000087,13,2456
7060,201703,제주,6500000,오리,LBI1000016,10934,1778492
7059,201703,제주,6500000,돼지,LBI1000006,74749,7076263
7058,201703,경북,6470000,산양,LBI1000087,424,34946
7057,201703,경남,6480000,돼지,LBI1000006,144334,15007487
7056,201703,전남,6460000,산양,LBI1000087,2048,90390
7055,201703,경북,6470000,돼지,LBI1000006,141708,12321050
7054,201703,전남,6460000,돼지,LBI1000006,82580,9367605
7053,201703,충남,6440000,돼지,LBI1000006,185308,14345469
7052,201703,울산,6310000,돼지,LBI1000006,11624,1218829
7079,201703,경남,6480000,산양,LBI1000087,50,8654
7078,201703,강원,6420000,닭,LBI1000088,1060328,78867858
7081,201703,대구,6270000,소,LBI1000080,601,99005
7080,201703,충남,6440000,산양,LBI1000087,854,37230
7095,201703,강원,6420000,소,LBI1000080,2023,358236
7109,201703,제주,6500000,닭,LBI1000088,629652,53979428
7108,201703,경북,6470000,닭,LBI1000088,6173123,642915452
7106,201703,대전,6300000,돼지,LBI1000006,27210,1925801
7105,201703,인천,6280000,닭,LBI1000088,338590,75153270
7104,201703,전북,6450000,소,LBI1000080,1708,370965
7103,201703,충북,6430000,산양,LBI1000087,1276,87824
7102,201703,전북,6450000,말,LBI1000007,1,123
7101,201703,경기,6410000,닭,LBI1000088,9508795,1153449239
7100,201703,광주,6290000,소,LBI1000080,1124,182301
7099,201703,충북,6430000,돼지,LBI1000006,244871,21100586
7098,201703,울산,6310000,산양,LBI1000087,115,3010
7097,201703,충북,6430000,당나귀,LBI1000023,2,14
7096,201703,전북,6450000,오리,LBI1000016,320145,133028520
7107,201703,전남,6460000,닭,LBI1000088,2869836,356605839
7094,201703,경기,6410000,돼지,LBI1000006,260153,23726488
7087,201703,광주,6290000,돼지,LBI1000006,26934,2333415
7082,201703,경남,6480000,소,LBI1000080,9839,1196524
7093,201703,울산,6310000,소,LBI1000080,891,165500
7084,201703,충북,6430000,소,LBI1000080,12783,1239134
7085,201703,제주,6500000,말,LBI1000007,81,7855
7086,201703,대구,6270000,닭,LBI1000088,1793587,181834122
7083,201703,경기,6410000,소,LBI1000080,20108,2101532
7088,201703,강원,6420000,산양,LBI1000087,9,163
7090,201703,충남,6440000,닭,LBI1000088,5148900,785078005
7092,201703,경남,6480000,닭,LBI1000088,609125,100411795
7091,201703,전북,6450000,돼지,LBI1000006,150894,14073470
7089,201703,충북,6430000,오리,LBI1000016,256315,116569073
7033,201702,전북,6450000,닭,LBI1000088,17871009,2218237574
7036,201702,제주,6500000,산양,LBI1000087,13,894
7035,201702,대구,6270000,돼지,LBI1000006,14803,1990358
7034,201702,강원,6420000,돼지,LBI1000006,42087,5401038
7031,201702,경북,6470000,말,LBI1000007,5,569
7032,201702,충남,6440000,말,LBI1000007,12,131
7030,201702,경북,6470000,소,LBI1000080,6038,943315
7029,201702,제주,6500000,소,LBI1000080,373,43696
7028,201702,전남,6460000,말,LBI1000007,2,40
7038,201702,충남,6440000,소,LBI1000080,1640,390121
7027,201702,경기,6410000,당나귀,LBI1000023,4,219
7037,201702,전남,6460000,오리,LBI1000016,1209143,206702589
7044,201702,경남,6480000,돼지,LBI1000006,129688,14863153
7039,201702,인천,6280000,돼지,LBI1000006,25978,2685614
7040,201702,인천,6280000,산양,LBI1000087,1,2443
7041,201702,제주,6500000,오리,LBI1000016,13204,1767558
7042,201702,제주,6500000,돼지,LBI1000006,69345,7001514
7043,201702,경북,6470000,산양,LBI1000087,336,34522
7045,201702,전남,6460000,산양,LBI1000087,1428,88342
7046,201702,경북,6470000,돼지,LBI1000006,134821,12179342
7047,201702,전남,6460000,돼지,LBI1000006,87033,9285025
7048,201702,충남,6440000,돼지,LBI1000006,159136,14160161
7049,201702,울산,6310000,돼지,LBI1000006,10595,1207205
7050,201702,인천,6280000,소,LBI1000080,584,106071
7025,201702,전남,6460000,소,LBI1000080,4044,659273
7026,201702,충북,6430000,닭,LBI1000088,10266805,1257423679
7013,201702,광주,6290000,돼지,LBI1000006,22258,2306481
7024,201702,경남,6480000,오리,LBI1000016,188830,32671872
7006,201702,경기,6410000,돼지,LBI1000006,263270,23466335
7023,201702,대전,6300000,소,LBI1000080,420,115414
6992,201702,제주,6500000,닭,LBI1000088,661206,53349776
6994,201702,전남,6460000,닭,LBI1000088,2552870,353736003
6995,201702,대전,6300000,돼지,LBI1000006,17026,1898591
6996,201702,인천,6280000,닭,LBI1000088,255529,74814680
6997,201702,전북,6450000,소,LBI1000080,1528,369257
6998,201702,충북,6430000,산양,LBI1000087,744,86548
6999,201702,전북,6450000,말,LBI1000007,1,122
7000,201702,경기,6410000,닭,LBI1000088,8524450,1143940444
7001,201702,광주,6290000,소,LBI1000080,961,181177
7002,201702,충북,6430000,돼지,LBI1000006,209246,20855715
7003,201702,울산,6310000,산양,LBI1000087,151,2895
7004,201702,전북,6450000,오리,LBI1000016,148669,132708375
7005,201702,강원,6420000,소,LBI1000080,1603,356213
6993,201702,경북,6470000,닭,LBI1000088,4858470,636742329
7007,201702,울산,6310000,소,LBI1000080,654,164609
7016,201702,충북,6430000,소,LBI1000080,10235,1226351
7008,201702,경남,6480000,닭,LBI1000088,813179,99802670
7022,201702,강원,6420000,닭,LBI1000088,746316,77807530
7020,201702,충남,6440000,산양,LBI1000087,749,36376
7019,201702,대구,6270000,소,LBI1000080,427,98404
7018,201702,경남,6480000,소,LBI1000080,7883,1186685
7017,201702,경기,6410000,소,LBI1000080,14495,2081424
7021,201702,경남,6480000,산양,LBI1000087,57,8604
7015,201702,제주,6500000,말,LBI1000007,67,7774
7009,201702,전북,6450000,돼지,LBI1000006,167258,13922576
7012,201702,강원,6420000,산양,LBI1000087,5,154
7011,201702,충북,6430000,오리,LBI1000016,116903,116312758
7010,201702,충남,6440000,닭,LBI1000088,5232758,779929105
7014,201702,대구,6270000,닭,LBI1000088,1324073,180040535
6948,201701,제주,6500000,산양,LBI1000087,18,881
6949,201701,대구,6270000,돼지,LBI1000006,16280,1975555
6950,201701,강원,6420000,돼지,LBI1000006,46342,5358951
6951,201701,전북,6450000,닭,LBI1000088,19007080,2200366565
6952,201701,충남,6440000,말,LBI1000007,1,119
6956,201701,인천,6280000,꿩,LBI1000022,286,10099
6953,201701,경북,6470000,말,LBI1000007,5,564
6954,201701,경북,6470000,소,LBI1000080,12960,937277
6957,201701,경기,6410000,말,LBI1000007,4,229
6958,201701,경기,6410000,당나귀,LBI1000023,2,215
6959,201701,충북,6430000,닭,LBI1000088,12058704,1247156874
6960,201701,전남,6460000,소,LBI1000080,7403,655229
6947,201701,전남,6460000,오리,LBI1000016,1102848,205493446
6940,201701,경남,6480000,돼지,LBI1000006,130538,14733465
6946,201701,충남,6440000,소,LBI1000080,4761,388481
6945,201701,인천,6280000,돼지,LBI1000006,29929,2659636
6944,201701,인천,6280000,산양,LBI1000087,1,2442
6943,201701,제주,6500000,오리,LBI1000016,11754,1754354
6942,201701,제주,6500000,돼지,LBI1000006,76469,6932169
6941,201701,경북,6470000,산양,LBI1000087,366,34186
6939,201701,전남,6460000,산양,LBI1000087,1446,86914
6938,201701,경북,6470000,돼지,LBI1000006,136590,12044521
6937,201701,전남,6460000,돼지,LBI1000006,105887,9197992
6936,201701,충남,6440000,돼지,LBI1000006,162487,14001025
6935,201701,울산,6310000,돼지,LBI1000006,10236,1196610
6934,201701,인천,6280000,소,LBI1000080,1948,105487
6962,201701,대전,6300000,소,LBI1000080,1217,114994
6961,201701,경남,6480000,오리,LBI1000016,162150,32483042
6978,201701,경기,6410000,돼지,LBI1000006,222766,23203065
6963,201701,강원,6420000,닭,LBI1000088,1204742,77061214
6979,201701,강원,6420000,소,LBI1000080,4019,354610
6991,201701,제주,6500000,닭,LBI1000088,541378,52688570
6990,201701,경북,6470000,닭,LBI1000088,5579742,631883859
6989,201701,전남,6460000,닭,LBI1000088,2360298,351183133
6988,201701,대전,6300000,돼지,LBI1000006,23615,1881565
6987,201701,인천,6280000,닭,LBI1000088,389121,74559151
6986,201701,전북,6450000,소,LBI1000080,3738,367729
6985,201701,충북,6430000,산양,LBI1000087,879,85804
6984,201701,경기,6410000,닭,LBI1000088,9546376,1135415994
6983,201701,광주,6290000,소,LBI1000080,1455,180216
6982,201701,충북,6430000,돼지,LBI1000006,214048,20646469
6981,201701,울산,6310000,산양,LBI1000087,113,2744
6980,201701,전북,6450000,오리,LBI1000016,242396,132559706
6977,201701,울산,6310000,소,LBI1000080,1709,163955
6964,201701,경남,6480000,산양,LBI1000087,53,8547
6976,201701,경남,6480000,닭,LBI1000088,662836,98989491
6975,201701,전북,6450000,돼지,LBI1000006,135317,13755318
6974,201701,충남,6440000,닭,LBI1000088,5393952,774696347
6973,201701,충북,6430000,오리,LBI1000016,123595,116195855
6972,201701,광주,6290000,돼지,LBI1000006,23419,2284223
6971,201701,대구,6270000,닭,LBI1000088,1446958,178716462
6970,201701,제주,6500000,말,LBI1000007,59,7707
6969,201701,충북,6430000,소,LBI1000080,18020,1216116
6968,201701,경기,6410000,소,LBI1000080,28707,2066929
6967,201701,경남,6480000,소,LBI1000080,15048,1178802
6966,201701,대구,6270000,소,LBI1000080,1312,97977
6965,201701,충남,6440000,산양,LBI1000087,536,35627
6955,201701,제주,6500000,소,LBI1000080,741,43323
6880,201612,광주,6290000,소,LBI1000080,1333,178761
6933,201612,인천,6280000,소,LBI1000080,1285,103539
6901,201612,충남,6440000,산양,LBI1000087,719,35091
6899,201612,대구,6270000,소,LBI1000080,612,96665
6898,201612,경남,6480000,소,LBI1000080,12656,1163754
6897,201612,경기,6410000,소,LBI1000080,24646,2038222
6896,201612,전북,6450000,면양,LBI1000086,1,8
6895,201612,충북,6430000,소,LBI1000080,15088,1198096
6894,201612,제주,6500000,말,LBI1000007,83,7648
6893,201612,대구,6270000,닭,LBI1000088,1602795,177269504
6892,201612,광주,6290000,돼지,LBI1000006,26040,2260804
6891,201612,충북,6430000,오리,LBI1000016,452566,116072260
6890,201612,충남,6440000,닭,LBI1000088,6558435,769302395
6889,201612,전북,6450000,돼지,LBI1000006,152121,13620001
6888,201612,경남,6480000,닭,LBI1000088,827597,98326655
6887,201612,울산,6310000,소,LBI1000080,1097,162246
6886,201612,경기,6410000,돼지,LBI1000006,251730,22980299
6884,201612,강원,6420000,소,LBI1000080,3205,350591
6883,201612,전북,6450000,오리,LBI1000016,523489,132317310
6882,201612,울산,6310000,산양,LBI1000087,338,2631
6881,201612,충북,6430000,돼지,LBI1000006,241839,20432421
6932,201612,울산,6310000,돼지,LBI1000006,11084,1186374
6879,201612,경기,6410000,닭,LBI1000088,12289548,1125869618
6878,201612,전북,6450000,말,LBI1000007,1,121
6877,201612,충북,6430000,산양,LBI1000087,1123,84925
6876,201612,전북,6450000,소,LBI1000080,2089,363991
6875,201612,전북,6450000,타조,LBI1000024,1,18
6874,201612,인천,6280000,닭,LBI1000088,376943,74170030
6873,201612,대전,6300000,돼지,LBI1000006,25379,1857950
6872,201612,전남,6460000,닭,LBI1000088,2622878,348822835
6871,201612,경북,6470000,닭,LBI1000088,6110939,626304117
6870,201612,제주,6500000,닭,LBI1000088,765959,52147192
6900,201612,강원,6420000,말,LBI1000007,4,18
6885,201612,충북,6430000,당나귀,LBI1000023,1,12
6902,201612,경남,6480000,산양,LBI1000087,98,8494
6917,201612,강원,6420000,돼지,LBI1000006,49014,5312609
6903,201612,강원,6420000,닭,LBI1000088,1453328,75856472
6931,201612,충남,6440000,돼지,LBI1000006,188703,13838538
6930,201612,전남,6460000,돼지,LBI1000006,119802,9092105
6929,201612,경북,6470000,돼지,LBI1000006,151081,11907931
6928,201612,전남,6460000,산양,LBI1000087,1857,85468
6927,201612,경남,6480000,돼지,LBI1000006,141786,14602927
6926,201612,경북,6470000,산양,LBI1000087,915,33820
6925,201612,제주,6500000,돼지,LBI1000006,75784,6855700
6923,201612,인천,6280000,산양,LBI1000087,1,2441
6922,201612,인천,6280000,돼지,LBI1000006,34507,2629707
6921,201612,충남,6440000,소,LBI1000080,2905,383720
6920,201612,전남,6460000,오리,LBI1000016,1756238,204390598
6919,201612,제주,6500000,산양,LBI1000087,23,863
6918,201612,대구,6270000,돼지,LBI1000006,18295,1959275
6924,201612,제주,6500000,오리,LBI1000016,11081,1742600
6904,201612,대전,6300000,소,LBI1000080,697,113777
6910,201612,인천,6280000,꿩,LBI1000022,2630,9813
6916,201612,전북,6450000,닭,LBI1000088,22369172,2181359485
6905,201612,경남,6480000,오리,LBI1000016,216780,32320892
6906,201612,전남,6460000,소,LBI1000080,5885,647826
6907,201612,충북,6430000,닭,LBI1000088,15056402,1235098170
6909,201612,경기,6410000,말,LBI1000007,2,225
6908,201612,경기,6410000,당나귀,LBI1000023,3,213
6911,201612,제주,6500000,꿩,LBI1000022,250,29555
6912,201612,전남,6460000,말,LBI1000007,1,38
6913,201612,제주,6500000,소,LBI1000080,551,42582
6914,201612,경북,6470000,소,LBI1000080,9486,924317
6915,201612,경북,6470000,말,LBI1000007,4,559
6822,201611,전북,6450000,닭,LBI1000088,22551689,2158990313
6828,201611,제주,6500000,당나귀,LBI1000023,2,4
6823,201611,경북,6470000,말,LBI1000007,4,555
6824,201611,경북,6470000,소,LBI1000080,7546,914831
6825,201611,제주,6500000,소,LBI1000080,401,42031
6826,201611,전남,6460000,말,LBI1000007,1,37
6827,201611,인천,6280000,꿩,LBI1000022,6242,7183
6835,201611,강원,6420000,닭,LBI1000088,1379446,74403144
6829,201611,경기,6410000,당나귀,LBI1000023,4,210
6830,201611,충북,6430000,닭,LBI1000088,14659031,1220041768
6831,201611,전남,6460000,소,LBI1000080,4763,641941
6832,201611,경남,6480000,오리,LBI1000016,252970,32104112
6833,201611,경북,6470000,사슴,LBI1000017,1,18
6834,201611,대전,6300000,소,LBI1000080,665,113080
6820,201611,강원,6420000,돼지,LBI1000006,51666,5263595
6821,201611,충남,6440000,말,LBI1000007,8,118
6805,201611,인천,6280000,소,LBI1000080,1074,102254
6819,201611,대구,6270000,돼지,LBI1000006,18754,1940980
6818,201611,제주,6500000,산양,LBI1000087,14,840
6817,201611,전남,6460000,오리,LBI1000016,1773881,202634360
6816,201611,충남,6440000,소,LBI1000080,2451,380815
6815,201611,인천,6280000,돼지,LBI1000006,37176,2595200
6814,201611,제주,6500000,오리,LBI1000016,15934,1731519
6813,201611,제주,6500000,돼지,LBI1000006,73492,6779916
6812,201611,경북,6470000,산양,LBI1000087,774,32905
6811,201611,경남,6480000,돼지,LBI1000006,139080,14461141
6810,201611,전남,6460000,산양,LBI1000087,1905,83611
6809,201611,경북,6470000,돼지,LBI1000006,151121,11756850
6808,201611,전남,6460000,돼지,LBI1000006,124892,8972303
6807,201611,충남,6440000,돼지,LBI1000006,190175,13649835
6806,201611,울산,6310000,돼지,LBI1000006,11235,1175290
6837,201611,충남,6440000,산양,LBI1000087,683,34372
6836,201611,경남,6480000,산양,LBI1000087,57,8396
6854,201611,강원,6420000,소,LBI1000080,2246,347386
6838,201611,강원,6420000,말,LBI1000007,1,14
6855,201611,전북,6450000,오리,LBI1000016,635440,131793821
6839,201611,대구,6270000,소,LBI1000080,551,96053
6868,201611,경북,6470000,닭,LBI1000088,6050794,620193178
6867,201611,전남,6460000,닭,LBI1000088,3311971,346199957
6866,201611,대전,6300000,돼지,LBI1000006,29337,1832571
6865,201611,인천,6280000,닭,LBI1000088,291272,73793087
6864,201611,전북,6450000,산양,LBI1000087,1,490
6863,201611,광주,6290000,말,LBI1000007,1,7
6862,201611,전북,6450000,소,LBI1000080,1814,361902
6861,201611,충북,6430000,산양,LBI1000087,1407,83802
6860,201611,전북,6450000,말,LBI1000007,2,120
6859,201611,경기,6410000,닭,LBI1000088,11870647,1113580070
6858,201611,광주,6290000,소,LBI1000080,1176,177428
6857,201611,충북,6430000,돼지,LBI1000006,256042,20190582
6856,201611,울산,6310000,산양,LBI1000087,178,2293
6869,201611,제주,6500000,닭,LBI1000088,617906,51381233
6840,201611,경남,6480000,소,LBI1000080,10044,1151098
6847,201611,충남,6440000,사슴,LBI1000017,1,154
6841,201611,경기,6410000,소,LBI1000080,19969,2013576
6842,201611,충북,6430000,소,LBI1000080,12795,1183008
6843,201611,제주,6500000,말,LBI1000007,99,7565
6845,201611,광주,6290000,돼지,LBI1000006,25783,2234764
6846,201611,충북,6430000,오리,LBI1000016,1024838,115619694
6844,201611,대구,6270000,닭,LBI1000088,1567184,175666709
6848,201611,강원,6420000,산양,LBI1000087,3,149
6849,201611,충남,6440000,닭,LBI1000088,6641131,762743960
6850,201611,전북,6450000,돼지,LBI1000006,156545,13467880
6851,201611,경남,6480000,닭,LBI1000088,780410,97499058
6852,201611,울산,6310000,소,LBI1000080,1058,161149
6853,201611,경기,6410000,돼지,LBI1000006,261522,22728569
6765,201610,대구,6270000,닭,LBI1000088,1310058,174099525
6760,201610,전북,6450000,돼지,LBI1000006,147229,13311335
6761,201610,충남,6440000,닭,LBI1000088,6320773,756102829
6762,201610,충남,6440000,사슴,LBI1000017,4,153
6763,201610,충북,6430000,오리,LBI1000016,996151,114594856
6764,201610,광주,6290000,돼지,LBI1000006,23568,2208981
6773,201610,경남,6480000,산양,LBI1000087,242,8339
6766,201610,제주,6500000,말,LBI1000007,141,7466
6767,201610,충북,6430000,소,LBI1000080,13002,1170213
6768,201610,경기,6410000,소,LBI1000080,20447,1993607
6769,201610,경남,6480000,소,LBI1000080,10254,1141054
6770,201610,대구,6270000,소,LBI1000080,627,95502
6771,201610,강원,6420000,말,LBI1000007,2,13
6758,201610,울산,6310000,소,LBI1000080,1061,160091
6759,201610,경남,6480000,닭,LBI1000088,581982,96718648
6750,201610,전북,6450000,말,LBI1000007,2,118
6757,201610,경기,6410000,돼지,LBI1000006,250026,22467047
6756,201610,강원,6420000,소,LBI1000080,2241,345140
6755,201610,전북,6450000,오리,LBI1000016,665448,131158381
6754,201610,울산,6310000,산양,LBI1000087,99,2115
6753,201610,충북,6430000,돼지,LBI1000006,239639,19934540
6752,201610,광주,6290000,소,LBI1000080,1120,176252
6751,201610,경기,6410000,닭,LBI1000088,10971396,1101709423
6749,201610,충북,6430000,산양,LBI1000087,1072,82395
6748,201610,전북,6450000,소,LBI1000080,1621,360088
6747,201610,인천,6280000,닭,LBI1000088,319976,73501815
6746,201610,대전,6300000,돼지,LBI1000006,25900,1803234
6745,201610,전남,6460000,닭,LBI1000088,2938140,342887986
6744,201610,경북,6470000,닭,LBI1000088,5867229,614142384
6743,201610,제주,6500000,닭,LBI1000088,673738,50763327
6772,201610,충남,6440000,산양,LBI1000087,710,33689
6793,201610,인천,6280000,돼지,LBI1000006,32505,2558024
6774,201610,강원,6420000,닭,LBI1000088,880978,73023698
6790,201610,제주,6500000,산양,LBI1000087,17,826
6775,201610,대전,6300000,소,LBI1000080,605,112415
6803,201610,울산,6310000,돼지,LBI1000006,11069,1164055
6802,201610,충남,6440000,돼지,LBI1000006,173334,13459660
6801,201610,전남,6460000,돼지,LBI1000006,111108,8847411
6800,201610,경북,6470000,돼지,LBI1000006,142046,11605729
6799,201610,전남,6460000,산양,LBI1000087,1753,81706
6798,201610,경남,6480000,돼지,LBI1000006,129349,14322061
6797,201610,경북,6470000,산양,LBI1000087,494,32131
6796,201610,제주,6500000,돼지,LBI1000006,69483,6706424
6795,201610,제주,6500000,오리,LBI1000016,14537,1715585
6794,201610,인천,6280000,산양,LBI1000087,49,2440
6792,201610,충남,6440000,소,LBI1000080,2275,378364
6791,201610,전남,6460000,오리,LBI1000016,1835800,200860479
6804,201610,인천,6280000,소,LBI1000080,1006,101180
6789,201610,대구,6270000,돼지,LBI1000006,16037,1922226
6782,201610,전남,6460000,말,LBI1000007,2,36
6788,201610,강원,6420000,돼지,LBI1000006,47249,5211929
6777,201610,전남,6460000,소,LBI1000080,4985,637178
6778,201610,충북,6430000,닭,LBI1000088,13282729,1205382737
6779,201610,경기,6410000,당나귀,LBI1000023,5,206
6780,201610,경기,6410000,말,LBI1000007,4,223
6781,201610,인천,6280000,꿩,LBI1000022,751,941
6776,201610,경남,6480000,오리,LBI1000016,239085,31851142
6783,201610,제주,6500000,소,LBI1000080,421,41630
6785,201610,경북,6470000,말,LBI1000007,9,551
6786,201610,전북,6450000,닭,LBI1000088,21730968,2136438624
6787,201610,충남,6440000,말,LBI1000007,2,110
6784,201610,경북,6470000,소,LBI1000080,7818,907285
6705,201609,인천,6280000,꿩,LBI1000022,190,190
6700,201609,충남,6440000,말,LBI1000007,1,108
6701,201609,전북,6450000,닭,LBI1000088,20972824,2114707656
6702,201609,경북,6470000,말,LBI1000007,9,542
6703,201609,경북,6470000,소,LBI1000080,8388,899467
6704,201609,제주,6500000,소,LBI1000080,449,41209
6707,201609,경기,6410000,당나귀,LBI1000023,2,201
6706,201609,경기,6410000,말,LBI1000007,3,219
6708,201609,충북,6430000,닭,LBI1000088,13608212,1192100008
6709,201609,전남,6460000,소,LBI1000080,5596,632193
6710,201609,경남,6480000,오리,LBI1000016,237500,31612057
6698,201609,대구,6270000,돼지,LBI1000006,16692,1906189
6711,201609,대전,6300000,소,LBI1000080,915,111810
6699,201609,강원,6420000,돼지,LBI1000006,42200,5164680
6691,201609,제주,6500000,돼지,LBI1000006,73504,6636941
6697,201609,제주,6500000,산양,LBI1000087,18,809
6696,201609,전남,6460000,오리,LBI1000016,1653177,199024679
6695,201609,충남,6440000,소,LBI1000080,3105,376089
6694,201609,인천,6280000,돼지,LBI1000006,30253,2525519
6693,201609,인천,6280000,산양,LBI1000087,4,2391
6692,201609,제주,6500000,오리,LBI1000016,9829,1701048
6690,201609,경북,6470000,산양,LBI1000087,295,31637
6689,201609,경남,6480000,돼지,LBI1000006,124907,14192712
6688,201609,전남,6460000,산양,LBI1000087,1536,79953
6687,201609,경북,6470000,돼지,LBI1000006,127811,11463683
6686,201609,전남,6460000,돼지,LBI1000006,103590,8736303
6685,201609,충남,6440000,돼지,LBI1000006,145565,13286326
6684,201609,울산,6310000,돼지,LBI1000006,9580,1152986
6683,201609,인천,6280000,소,LBI1000080,1421,100174
6712,201609,강원,6420000,닭,LBI1000088,1056908,72142720
6713,201609,경남,6480000,산양,LBI1000087,405,8097
6714,201609,경기,6410000,면양,LBI1000086,1,1
6729,201609,경기,6410000,돼지,LBI1000006,214873,22217021
6715,201609,충남,6440000,산양,LBI1000087,785,32979
6742,201609,제주,6500000,닭,LBI1000088,635768,50089589
6741,201609,경북,6470000,닭,LBI1000088,5182483,608275155
6740,201609,전남,6460000,닭,LBI1000088,2788356,339949846
6739,201609,대전,6300000,돼지,LBI1000006,24392,1777334
6738,201609,인천,6280000,닭,LBI1000088,291999,73181839
6737,201609,전북,6450000,소,LBI1000080,2251,358467
6735,201609,경기,6410000,닭,LBI1000088,10780828,1090738027
6734,201609,광주,6290000,소,LBI1000080,1334,175132
6733,201609,충북,6430000,돼지,LBI1000006,212133,19694901
6732,201609,울산,6310000,산양,LBI1000087,42,2016
6731,201609,전북,6450000,오리,LBI1000016,539276,130492933
6730,201609,강원,6420000,소,LBI1000080,2477,342899
6736,201609,충북,6430000,산양,LBI1000087,1111,81323
6728,201609,울산,6310000,소,LBI1000080,1584,159030
6721,201609,대구,6270000,닭,LBI1000088,1533961,172789467
6727,201609,경남,6480000,닭,LBI1000088,755859,96136666
6717,201609,경남,6480000,소,LBI1000080,10380,1130800
6718,201609,경기,6410000,소,LBI1000080,20076,1973160
6719,201609,충북,6430000,소,LBI1000080,12451,1157211
6720,201609,제주,6500000,말,LBI1000007,73,7325
6716,201609,대구,6270000,소,LBI1000080,788,94875
6722,201609,광주,6290000,돼지,LBI1000006,23106,2185413
6723,201609,충북,6430000,오리,LBI1000016,919780,113598705
6724,201609,충남,6440000,사슴,LBI1000017,2,149
6725,201609,충남,6440000,닭,LBI1000088,6127768,749782056
6726,201609,전북,6450000,돼지,LBI1000006,126945,13164106
6643,201608,충북,6430000,오리,LBI1000016,1155986,112678925
6637,201608,울산,6310000,소,LBI1000080,1314,157446
6638,201608,경남,6480000,닭,LBI1000088,921350,95380807
6639,201608,전북,6450000,돼지,LBI1000006,130910,13037161
6640,201608,충남,6440000,닭,LBI1000088,7241032,743654288
6641,201608,강원,6420000,산양,LBI1000087,5,146
6642,201608,충남,6440000,사슴,LBI1000017,7,147
6645,201608,대구,6270000,닭,LBI1000088,1858556,171255506
6644,201608,광주,6290000,돼지,LBI1000006,21827,2162307
6635,201608,강원,6420000,소,LBI1000080,4194,340422
6646,201608,제주,6500000,말,LBI1000007,81,7252
6647,201608,충북,6430000,소,LBI1000080,15859,1144760
6648,201608,경기,6410000,소,LBI1000080,26857,1953084
6649,201608,경남,6480000,소,LBI1000080,14018,1120420
6636,201608,경기,6410000,돼지,LBI1000006,202962,22002148
6621,201608,제주,6500000,닭,LBI1000088,750607,49453821
6634,201608,전북,6450000,오리,LBI1000016,624635,129953657
6633,201608,울산,6310000,산양,LBI1000087,22,1974
6632,201608,충남,6440000,당나귀,LBI1000023,4,21
6631,201608,충북,6430000,돼지,LBI1000006,208222,19482768
6630,201608,광주,6290000,소,LBI1000080,1225,173798
6629,201608,경기,6410000,닭,LBI1000088,12668695,1079957199
6628,201608,충북,6430000,산양,LBI1000087,2169,80212
6627,201608,전북,6450000,말,LBI1000007,2,116
6626,201608,전북,6450000,소,LBI1000080,2807,356216
6625,201608,인천,6280000,닭,LBI1000088,628657,72889840
6624,201608,대전,6300000,돼지,LBI1000006,22402,1752942
6623,201608,전남,6460000,닭,LBI1000088,3724335,337161490
6622,201608,경북,6470000,닭,LBI1000088,7217665,603092672
6651,201608,충남,6440000,산양,LBI1000087,1132,32194
6650,201608,대구,6270000,소,LBI1000080,740,94087
6655,201608,경남,6480000,오리,LBI1000016,250530,31374557
6652,201608,경남,6480000,산양,LBI1000087,545,7692
6668,201608,제주,6500000,산양,LBI1000087,19,791
6681,201608,울산,6310000,돼지,LBI1000006,10174,1143406
6680,201608,충남,6440000,돼지,LBI1000006,144248,13140761
6679,201608,전남,6460000,돼지,LBI1000006,97983,8632713
6678,201608,경북,6470000,돼지,LBI1000006,127630,11335872
6677,201608,전남,6460000,산양,LBI1000087,2605,78417
6676,201608,경남,6480000,돼지,LBI1000006,119564,14067805
6675,201608,경북,6470000,산양,LBI1000087,398,31342
6674,201608,제주,6500000,돼지,LBI1000006,76444,6563437
6673,201608,제주,6500000,오리,LBI1000016,14531,1691219
6672,201608,인천,6280000,산양,LBI1000087,5,2387
6671,201608,인천,6280000,돼지,LBI1000006,28094,2495266
6670,201608,충남,6440000,소,LBI1000080,3922,372984
6669,201608,전남,6460000,오리,LBI1000016,1936795,197371502
6682,201608,인천,6280000,소,LBI1000080,1318,98753
6667,201608,대구,6270000,돼지,LBI1000006,16249,1889497
6660,201608,전남,6460000,말,LBI1000007,1,34
6654,201608,대전,6300000,소,LBI1000080,944,110895
6653,201608,강원,6420000,닭,LBI1000088,919008,71085812
6656,201608,전남,6460000,소,LBI1000080,6042,626597
6658,201608,경기,6410000,당나귀,LBI1000023,7,199
6659,201608,경기,6410000,말,LBI1000007,2,216
6657,201608,충북,6430000,닭,LBI1000088,15652487,1178491796
6661,201608,제주,6500000,소,LBI1000080,698,40760
6662,201608,경북,6470000,소,LBI1000080,11202,891079
6663,201608,경북,6470000,말,LBI1000007,9,533
6664,201608,전북,6450000,닭,LBI1000088,26017469,2093734832
6665,201608,충남,6440000,말,LBI1000007,1,107
6666,201608,강원,6420000,돼지,LBI1000006,45514,5122480
6581,201607,전남,6460000,말,LBI1000007,1,33
6576,201607,충남,6440000,말,LBI1000007,5,106
6577,201607,전북,6450000,닭,LBI1000088,31621337,2067717363
6578,201607,경북,6470000,말,LBI1000007,6,524
6579,201607,경북,6470000,소,LBI1000080,6623,879877
6580,201607,제주,6500000,소,LBI1000080,395,40062
6588,201607,경남,6480000,산양,LBI1000087,597,7147
6582,201607,경기,6410000,당나귀,LBI1000023,6,192
6583,201607,충북,6430000,닭,LBI1000088,16752972,1162839309
6584,201607,전남,6460000,소,LBI1000080,4422,620555
6585,201607,경남,6480000,오리,LBI1000016,346972,31124027
6586,201607,대전,6300000,소,LBI1000080,502,109951
6587,201607,강원,6420000,닭,LBI1000088,1066068,70166804
6574,201607,대구,6270000,돼지,LBI1000006,16107,1873248
6575,201607,강원,6420000,돼지,LBI1000006,42218,5076966
6567,201607,경북,6470000,산양,LBI1000087,503,30944
6573,201607,제주,6500000,산양,LBI1000087,25,772
6572,201607,전남,6460000,오리,LBI1000016,2076509,195434707
6571,201607,충남,6440000,소,LBI1000080,2041,369062
6570,201607,인천,6280000,돼지,LBI1000006,28749,2467172
6569,201607,제주,6500000,오리,LBI1000016,15617,1676688
6568,201607,제주,6500000,돼지,LBI1000006,58967,6486993
6566,201607,경남,6480000,돼지,LBI1000006,110639,13948241
6565,201607,전남,6460000,산양,LBI1000087,2256,75812
6564,201607,경북,6470000,돼지,LBI1000006,118898,11208242
6563,201607,전남,6460000,돼지,LBI1000006,93214,8534730
6562,201607,충남,6440000,돼지,LBI1000006,133079,12996513
6561,201607,울산,6310000,돼지,LBI1000006,10172,1133232
6560,201607,인천,6280000,소,LBI1000080,854,97435
6590,201607,대구,6270000,소,LBI1000080,446,93347
6589,201607,충남,6440000,산양,LBI1000087,1008,31062
6591,201607,경남,6480000,소,LBI1000080,9216,1106402
6620,201607,제주,6500000,닭,LBI1000088,851674,48703214
6606,201607,전북,6450000,오리,LBI1000016,597345,129329022
6592,201607,경기,6410000,소,LBI1000080,16386,1926227
6619,201607,경북,6470000,닭,LBI1000088,9587125,595875007
6618,201607,전북,6450000,당나귀,LBI1000023,1,2
6617,201607,전남,6460000,닭,LBI1000088,6447806,333437155
6616,201607,대전,6300000,돼지,LBI1000006,24366,1730540
6615,201607,인천,6280000,닭,LBI1000088,1017261,72261183
6614,201607,전북,6450000,소,LBI1000080,1483,353409
6613,201607,전북,6450000,말,LBI1000007,2,114
6611,201607,경기,6410000,닭,LBI1000088,13170931,1067288504
6610,201607,광주,6290000,소,LBI1000080,1153,172573
6609,201607,충북,6430000,돼지,LBI1000006,199088,19274546
6608,201607,울산,6310000,산양,LBI1000087,27,1952
6607,201607,충북,6430000,당나귀,LBI1000023,1,11
6612,201607,충북,6430000,산양,LBI1000087,2460,78043
6605,201607,강원,6420000,소,LBI1000080,2064,336228
6598,201607,충남,6440000,사슴,LBI1000017,2,140
6604,201607,경기,6410000,돼지,LBI1000006,200314,21799186
6594,201607,제주,6500000,말,LBI1000007,74,7171
6595,201607,대구,6270000,닭,LBI1000088,1916642,169396950
6596,201607,광주,6290000,돼지,LBI1000006,22774,2140480
6597,201607,충북,6430000,오리,LBI1000016,1202930,111522939
6593,201607,충북,6430000,소,LBI1000080,10614,1128901
6599,201607,강원,6420000,산양,LBI1000087,2,141
6601,201607,전북,6450000,돼지,LBI1000006,131752,12906251
6602,201607,경남,6480000,닭,LBI1000088,1290342,94459457
6603,201607,울산,6310000,소,LBI1000080,908,156132
6600,201607,충남,6440000,닭,LBI1000088,7489583,736413256
5509,201606,광주,6290000,돼지,LBI1000006,20723,2117706
5504,201606,울산,6310000,소,LBI1000080,1067,155224
5505,201606,경남,6480000,닭,LBI1000088,1282032,93169115
5506,201606,전북,6450000,돼지,LBI1000006,132119,12774499
5507,201606,충남,6440000,닭,LBI1000088,7022146,728923673
5508,201606,충북,6430000,오리,LBI1000016,1199628,110320009
5512,201606,충북,6430000,소,LBI1000080,11368,1118287
5510,201606,대구,6270000,닭,LBI1000088,1807936,167480308
5511,201606,제주,6500000,말,LBI1000007,76,7097
5513,201606,경기,6410000,소,LBI1000080,17689,1909841
5514,201606,경남,6480000,소,LBI1000080,9329,1097186
5515,201606,대구,6270000,소,LBI1000080,556,92901
5502,201606,강원,6420000,소,LBI1000080,1936,334164
5503,201606,경기,6410000,돼지,LBI1000006,205379,21598872
5517,201606,경남,6480000,산양,LBI1000087,465,6550
5487,201606,제주,6500000,닭,LBI1000088,721443,47851540
5500,201606,충북,6430000,당나귀,LBI1000023,2,10
5499,201606,울산,6310000,산양,LBI1000087,23,1925
5498,201606,충북,6430000,돼지,LBI1000006,200941,19075458
5497,201606,광주,6290000,소,LBI1000080,1216,171420
5496,201606,경기,6410000,닭,LBI1000088,12472241,1054117573
5495,201606,충북,6430000,산양,LBI1000087,1696,75583
5494,201606,전북,6450000,말,LBI1000007,2,112
5493,201606,전북,6450000,소,LBI1000080,1918,351926
5492,201606,광주,6290000,사슴,LBI1000017,1,2
5491,201606,인천,6280000,닭,LBI1000088,525943,71243922
5490,201606,대전,6300000,돼지,LBI1000006,17122,1706174
5489,201606,전남,6460000,닭,LBI1000088,5128996,326989349
5488,201606,경북,6470000,닭,LBI1000088,7104576,586287882
5516,201606,충남,6440000,산양,LBI1000087,818,30054
5501,201606,전북,6450000,오리,LBI1000016,692778,128731677
5518,201606,강원,6420000,닭,LBI1000088,1039484,69100736
6546,201606,제주,6500000,산양,LBI1000087,18,747
6559,201606,인천,6280000,소,LBI1000080,815,96581
6558,201606,울산,6310000,돼지,LBI1000006,10614,1123060
6557,201606,충남,6440000,돼지,LBI1000006,139734,12863434
6556,201606,전남,6460000,돼지,LBI1000006,99824,8441516
6555,201606,경북,6470000,돼지,LBI1000006,122374,11089344
6554,201606,전남,6460000,산양,LBI1000087,2005,73556
6553,201606,경남,6480000,돼지,LBI1000006,119182,13837602
6551,201606,제주,6500000,돼지,LBI1000006,61838,6428026
6550,201606,제주,6500000,오리,LBI1000016,17660,1661071
6549,201606,인천,6280000,돼지,LBI1000006,26724,2438423
6548,201606,충남,6440000,소,LBI1000080,2296,367021
6547,201606,전남,6460000,오리,LBI1000016,2151314,193358198
6552,201606,경북,6470000,산양,LBI1000087,356,30441
6545,201606,대구,6270000,돼지,LBI1000006,16923,1857141
5525,201606,전남,6460000,말,LBI1000007,1,32
6544,201606,강원,6420000,돼지,LBI1000006,41986,5034748
5520,201606,경남,6480000,오리,LBI1000016,333005,30777055
5521,201606,전남,6460000,소,LBI1000080,4584,616133
5522,201606,충북,6430000,닭,LBI1000088,14584255,1146086337
5523,201606,경기,6410000,당나귀,LBI1000023,4,186
5524,201606,경기,6410000,말,LBI1000007,2,214
5519,201606,대전,6300000,소,LBI1000080,590,109449
5526,201606,제주,6500000,소,LBI1000080,365,39667
6540,201606,경북,6470000,소,LBI1000080,6993,873254
6541,201606,경북,6470000,말,LBI1000007,6,518
6542,201606,전북,6450000,닭,LBI1000088,25671375,2036096026
6543,201606,충남,6440000,말,LBI1000007,2,101
5446,201605,전남,6460000,말,LBI1000007,1,31
5441,201605,충남,6440000,말,LBI1000007,4,99
5442,201605,전북,6450000,닭,LBI1000088,23707538,2010424651
5443,201605,경북,6470000,말,LBI1000007,5,512
5444,201605,경북,6470000,소,LBI1000080,7160,866261
5445,201605,제주,6500000,소,LBI1000080,433,39302
5449,201605,충북,6430000,닭,LBI1000088,14252789,1131502082
5447,201605,경기,6410000,말,LBI1000007,6,212
5448,201605,경기,6410000,당나귀,LBI1000023,5,182
5439,201605,대구,6270000,돼지,LBI1000006,15875,1840218
5450,201605,전남,6460000,소,LBI1000080,4724,611549
5451,201605,경남,6480000,오리,LBI1000016,293857,30444050
5452,201605,대전,6300000,소,LBI1000080,625,108859
5453,201605,강원,6420000,닭,LBI1000088,1314972,68061252
5425,201605,울산,6310000,돼지,LBI1000006,10910,1112446
5438,201605,제주,6500000,산양,LBI1000087,18,729
5437,201605,전남,6460000,오리,LBI1000016,1844773,191206884
5436,201605,충남,6440000,소,LBI1000080,2411,364725
5435,201605,인천,6280000,산양,LBI1000087,60,2382
5434,201605,인천,6280000,돼지,LBI1000006,28001,2411699
5433,201605,제주,6500000,오리,LBI1000016,11329,1643411
5432,201605,제주,6500000,돼지,LBI1000006,71798,6366188
5431,201605,경북,6470000,산양,LBI1000087,474,30085
5430,201605,경남,6480000,돼지,LBI1000006,123961,13718420
5429,201605,전남,6460000,산양,LBI1000087,1834,71551
5428,201605,경북,6470000,돼지,LBI1000006,130926,10966970
5427,201605,전남,6460000,돼지,LBI1000006,105067,8341692
5426,201605,충남,6440000,돼지,LBI1000006,158850,12723700
5455,201605,충남,6440000,산양,LBI1000087,726,29236
5424,201605,인천,6280000,소,LBI1000080,631,95766
5454,201605,경남,6480000,산양,LBI1000087,404,6085
5440,201605,강원,6420000,돼지,LBI1000006,45930,4992762
5456,201605,대구,6270000,소,LBI1000080,601,92345
5472,201605,전북,6450000,오리,LBI1000016,752484,128038899
5457,201605,경남,6480000,소,LBI1000080,10127,1087857
5485,201605,경북,6470000,닭,LBI1000088,6559383,579183306
5484,201605,전남,6460000,닭,LBI1000088,3984096,321860353
5483,201605,대전,6300000,돼지,LBI1000006,16245,1689052
5482,201605,인천,6280000,닭,LBI1000088,547258,70717979
5481,201605,전북,6450000,산양,LBI1000087,19,489
5480,201605,전북,6450000,소,LBI1000080,2019,350008
5479,201605,전북,6450000,말,LBI1000007,1,110
5478,201605,충북,6430000,산양,LBI1000087,1242,73887
5477,201605,경기,6410000,닭,LBI1000088,12490848,1041645332
5476,201605,광주,6290000,소,LBI1000080,1257,170204
5475,201605,충북,6430000,돼지,LBI1000006,216582,18874517
5474,201605,울산,6310000,산양,LBI1000087,35,1902
5473,201605,충북,6430000,당나귀,LBI1000023,1,8
5486,201605,제주,6500000,닭,LBI1000088,665963,47130097
5471,201605,강원,6420000,소,LBI1000080,2039,332228
5463,201605,충북,6430000,오리,LBI1000016,1296504,109120381
5470,201605,경기,6410000,돼지,LBI1000006,226702,21393493
5459,201605,충북,6430000,소,LBI1000080,12678,1106919
5460,201605,제주,6500000,말,LBI1000007,84,7021
5461,201605,대구,6270000,닭,LBI1000088,1872207,165672372
5462,201605,광주,6290000,돼지,LBI1000006,19245,2096983
5458,201605,경기,6410000,소,LBI1000080,18267,1892152
5464,201605,충남,6440000,사슴,LBI1000017,10,138
5466,201605,전북,6450000,돼지,LBI1000006,144268,12642380
5467,201605,경남,6480000,닭,LBI1000088,1229888,91887083
5468,201605,광주,6290000,오리,LBI1000016,75192,30822126
5469,201605,울산,6310000,소,LBI1000080,1130,154157
5465,201605,충남,6440000,닭,LBI1000088,6938299,721901527
5385,201604,광주,6290000,돼지,LBI1000006,22541,2077738
5380,201604,광주,6290000,오리,LBI1000016,65235,30746934
5381,201604,경남,6480000,닭,LBI1000088,1063675,90657195
5382,201604,전북,6450000,돼지,LBI1000006,145221,12498112
5383,201604,충남,6440000,닭,LBI1000088,6544912,714963228
5384,201604,충북,6430000,오리,LBI1000016,1256147,107823877
5387,201604,제주,6500000,말,LBI1000007,112,6937
5386,201604,대구,6270000,닭,LBI1000088,1905069,163800165
5388,201604,충북,6430000,소,LBI1000080,12244,1094241
5389,201604,전북,6450000,면양,LBI1000086,1,7
5390,201604,경기,6410000,소,LBI1000080,19661,1873885
5379,201604,울산,6310000,소,LBI1000080,1028,153027
5392,201604,대구,6270000,소,LBI1000080,526,91744
5391,201604,경남,6480000,소,LBI1000080,11218,1077730
5368,201604,전북,6450000,소,LBI1000080,1838,347989
5363,201604,제주,6500000,닭,LBI1000088,600029,46464134
5364,201604,경북,6470000,닭,LBI1000088,6062698,572623923
5365,201604,전남,6460000,닭,LBI1000088,3552069,317876257
5366,201604,대전,6300000,돼지,LBI1000006,18362,1672807
5367,201604,인천,6280000,닭,LBI1000088,394339,70170721
5369,201604,전북,6450000,말,LBI1000007,1,109
5370,201604,충북,6430000,산양,LBI1000087,891,72645
5371,201604,경기,6410000,닭,LBI1000088,12266967,1029154484
5372,201604,광주,6290000,소,LBI1000080,1255,168947
5373,201604,충북,6430000,돼지,LBI1000006,195166,18657935
5374,201604,울산,6310000,산양,LBI1000087,40,1867
5375,201604,전북,6450000,오리,LBI1000016,748042,127286415
5376,201604,강원,6420000,소,LBI1000080,1947,330189
5394,201604,경남,6480000,산양,LBI1000087,423,5681
5393,201604,충남,6440000,산양,LBI1000087,773,28510
5409,201604,제주,6500000,산양,LBI1000087,21,711
5395,201604,강원,6420000,닭,LBI1000088,1381873,66746280
5396,201604,대전,6300000,소,LBI1000080,664,108234
5378,201604,경기,6410000,돼지,LBI1000006,215598,21166791
5423,201604,인천,6280000,소,LBI1000080,817,95135
5422,201604,울산,6310000,돼지,LBI1000006,11014,1101536
5421,201604,충남,6440000,돼지,LBI1000006,192215,12564850
5420,201604,전남,6460000,돼지,LBI1000006,105039,8236625
5419,201604,경북,6470000,돼지,LBI1000006,127548,10836044
5418,201604,전남,6460000,산양,LBI1000087,1524,69717
5417,201604,경남,6480000,돼지,LBI1000006,126383,13594459
5416,201604,경북,6470000,산양,LBI1000087,582,29611
5415,201604,제주,6500000,돼지,LBI1000006,71655,6294390
5414,201604,제주,6500000,오리,LBI1000016,7177,1632082
5413,201604,인천,6280000,돼지,LBI1000006,25550,2383698
5412,201604,인천,6280000,산양,LBI1000087,35,2322
5411,201604,충남,6440000,소,LBI1000080,2346,362314
5410,201604,전남,6460000,오리,LBI1000016,1554748,189362111
5408,201604,대구,6270000,돼지,LBI1000006,15666,1824343
5407,201604,강원,6420000,돼지,LBI1000006,44657,4946832
5406,201604,충남,6440000,말,LBI1000007,5,95
5405,201604,전북,6450000,닭,LBI1000088,23126950,1986717113
5404,201604,경북,6470000,말,LBI1000007,6,507
5403,201604,경북,6470000,소,LBI1000080,7545,859101
5402,201604,제주,6500000,소,LBI1000080,411,38869
5401,201604,경기,6410000,말,LBI1000007,2,206
5400,201604,경기,6410000,당나귀,LBI1000023,3,177
5399,201604,충북,6430000,닭,LBI1000088,13310420,1117249293
5398,201604,전남,6460000,소,LBI1000080,4811,606825
5397,201604,경남,6480000,오리,LBI1000016,329021,30150193
5377,201604,경기,6410000,오리,LBI1000016,189093,26530753
5318,201603,전북,6450000,닭,LBI1000088,22328564,1963590163
5362,201603,제주,6500000,닭,LBI1000088,599635,45864105
5313,201603,전남,6460000,오리,LBI1000016,1775527,187807363
5328,201603,강원,6420000,닭,LBI1000088,1279936,65364407
5327,201603,대전,6300000,소,LBI1000080,618,107570
5326,201603,경남,6480000,오리,LBI1000016,313937,29821172
5325,201603,전남,6460000,소,LBI1000080,4596,602014
5324,201603,충북,6430000,닭,LBI1000088,13804542,1103938873
5323,201603,경기,6410000,당나귀,LBI1000023,3,174
5322,201603,경기,6410000,말,LBI1000007,2,204
5321,201603,제주,6500000,소,LBI1000080,375,38458
5320,201603,경북,6470000,소,LBI1000080,7538,851556
5319,201603,경북,6470000,말,LBI1000007,6,501
5317,201603,충남,6440000,말,LBI1000007,4,90
5315,201603,대구,6270000,돼지,LBI1000006,17517,1808677
5314,201603,제주,6500000,산양,LBI1000087,20,690
5312,201603,충남,6440000,소,LBI1000080,2454,359968
5330,201603,충남,6440000,산양,LBI1000087,669,27737
5311,201603,인천,6280000,산양,LBI1000087,30,2287
5310,201603,인천,6280000,돼지,LBI1000006,25798,2358148
5309,201603,제주,6500000,오리,LBI1000016,9617,1624905
5308,201603,제주,6500000,돼지,LBI1000006,76580,6222735
5307,201603,경북,6470000,산양,LBI1000087,496,29029
5306,201603,경남,6480000,돼지,LBI1000006,141437,13468076
5305,201603,전남,6460000,산양,LBI1000087,1807,68193
5304,201603,경북,6470000,돼지,LBI1000006,140373,10708496
5303,201603,전남,6460000,돼지,LBI1000006,116469,8131586
5302,201603,충남,6440000,돼지,LBI1000006,241459,12372635
5301,201603,울산,6310000,돼지,LBI1000006,12135,1090522
5300,201603,인천,6280000,소,LBI1000080,867,94318
5361,201603,경북,6470000,닭,LBI1000088,6228040,566561225
5329,201603,경남,6480000,산양,LBI1000087,401,5258
5316,201603,강원,6420000,돼지,LBI1000006,48308,4902175
5331,201603,대구,6270000,소,LBI1000080,529,91218
5346,201603,경기,6410000,오리,LBI1000016,277467,26341660
5360,201603,전남,6460000,닭,LBI1000088,3540455,314324188
5332,201603,경남,6480000,소,LBI1000080,10463,1066512
5358,201603,인천,6280000,닭,LBI1000088,357488,69776382
5357,201603,전북,6450000,소,LBI1000080,1798,346151
5356,201603,전북,6450000,말,LBI1000007,1,108
5355,201603,충북,6430000,산양,LBI1000087,903,71754
5354,201603,경기,6410000,닭,LBI1000088,12861401,1016887517
5353,201603,광주,6290000,소,LBI1000080,1220,167692
5352,201603,충북,6430000,돼지,LBI1000006,203688,18462769
5351,201603,울산,6310000,산양,LBI1000087,109,1827
5350,201603,경남,6480000,사슴,LBI1000017,1,40
5349,201603,충북,6430000,당나귀,LBI1000023,1,7
5348,201603,전북,6450000,오리,LBI1000016,695601,126538373
5347,201603,강원,6420000,소,LBI1000080,2059,328242
5359,201603,대전,6300000,돼지,LBI1000006,14652,1654445
5345,201603,경기,6410000,돼지,LBI1000006,241480,20951193
5339,201603,충북,6430000,오리,LBI1000016,893458,106567730
5344,201603,울산,6310000,소,LBI1000080,1061,151999
5335,201603,충북,6430000,소,LBI1000080,12589,1081997
5336,201603,제주,6500000,말,LBI1000007,94,6825
5337,201603,대구,6270000,닭,LBI1000088,1725194,161895096
5338,201603,광주,6290000,돼지,LBI1000006,27032,2055197
5334,201603,경기,6410000,소,LBI1000080,20156,1854224
5340,201603,충남,6440000,닭,LBI1000088,7100468,708418316
5342,201603,경남,6480000,닭,LBI1000088,1053924,89593520
5343,201603,광주,6290000,오리,LBI1000016,140304,30681699
5333,201603,강원,6420000,말,LBI1000007,1,11
5341,201603,전북,6450000,돼지,LBI1000006,156141,12352891
5261,201602,충남,6440000,사슴,LBI1000017,4,128
5256,201602,광주,6290000,오리,LBI1000016,138687,30541395
5257,201602,경남,6480000,닭,LBI1000088,832720,88539596
5258,201602,전북,6450000,돼지,LBI1000006,136090,12196750
5259,201602,충남,6440000,닭,LBI1000088,6711324,701317848
5260,201602,충북,6430000,오리,LBI1000016,748470,105674272
5263,201602,광주,6290000,돼지,LBI1000006,24105,2028165
5262,201602,강원,6420000,산양,LBI1000087,4,139
5264,201602,대구,6270000,닭,LBI1000088,1597409,160169902
5265,201602,제주,6500000,말,LBI1000007,64,6731
5266,201602,충북,6430000,소,LBI1000080,9138,1069408
5254,201602,경기,6410000,돼지,LBI1000006,213594,20709713
5267,201602,경기,6410000,소,LBI1000080,14120,1834068
5255,201602,울산,6310000,소,LBI1000080,1033,150938
5248,201602,광주,6290000,소,LBI1000080,1208,166472
5253,201602,경기,6410000,오리,LBI1000016,229431,26064193
5252,201602,강원,6420000,소,LBI1000080,1420,326183
5251,201602,전북,6450000,오리,LBI1000016,435470,125842772
5250,201602,울산,6310000,산양,LBI1000087,51,1718
5249,201602,충북,6430000,돼지,LBI1000006,198786,18259081
5247,201602,경기,6410000,닭,LBI1000088,11097207,1004026116
5246,201602,충북,6430000,산양,LBI1000087,675,70851
5245,201602,광주,6290000,말,LBI1000007,1,6
5244,201602,전북,6450000,소,LBI1000080,1762,344353
5243,201602,인천,6280000,닭,LBI1000088,326904,69418894
5242,201602,대전,6300000,돼지,LBI1000006,17984,1639793
5241,201602,전남,6460000,닭,LBI1000088,2512729,310783733
5240,201602,경북,6470000,닭,LBI1000088,5115937,560333185
5239,201602,제주,6500000,닭,LBI1000088,524768,45264470
5269,201602,대구,6270000,소,LBI1000080,435,90689
5268,201602,경남,6480000,소,LBI1000080,7484,1056049
5271,201602,경남,6480000,산양,LBI1000087,346,4857
5270,201602,충남,6440000,산양,LBI1000087,414,27068
5286,201602,제주,6500000,산양,LBI1000087,19,670
5299,201602,인천,6280000,소,LBI1000080,652,93451
5298,201602,울산,6310000,돼지,LBI1000006,9527,1078387
5297,201602,충남,6440000,돼지,LBI1000006,165357,12131176
5296,201602,전남,6460000,돼지,LBI1000006,97368,8015117
5295,201602,경북,6470000,돼지,LBI1000006,122240,10568123
5294,201602,전남,6460000,산양,LBI1000087,1193,66386
5293,201602,경남,6480000,돼지,LBI1000006,126003,13326639
5291,201602,제주,6500000,돼지,LBI1000006,65023,6146155
5290,201602,제주,6500000,오리,LBI1000016,7083,1615288
5289,201602,인천,6280000,돼지,LBI1000006,25259,2332350
5288,201602,충남,6440000,소,LBI1000080,1921,357514
5287,201602,전남,6460000,오리,LBI1000016,1378697,186031836
5292,201602,경북,6470000,산양,LBI1000087,314,28533
5285,201602,대구,6270000,돼지,LBI1000006,15015,1791160
5278,201602,경기,6410000,말,LBI1000007,3,202
5284,201602,강원,6420000,돼지,LBI1000006,41387,4853867
5274,201602,경남,6480000,오리,LBI1000016,239195,29507235
5275,201602,전남,6460000,소,LBI1000080,4189,597418
5276,201602,충북,6430000,닭,LBI1000088,11939633,1090134331
5277,201602,경기,6410000,당나귀,LBI1000023,2,171
5273,201602,대전,6300000,소,LBI1000080,478,106952
5279,201602,제주,6500000,소,LBI1000080,367,38083
5282,201602,전북,6450000,닭,LBI1000088,18531283,1941261599
5283,201602,충남,6440000,말,LBI1000007,6,86
5272,201602,강원,6420000,닭,LBI1000088,1151063,64084471
5281,201602,경북,6470000,말,LBI1000007,4,495
5280,201602,경북,6470000,소,LBI1000080,5118,844018
5782,201601,경남,6480000,오리,LBI1000016,292112,29268040
5781,201601,전남,6460000,소,LBI1000080,8195,593229
5780,201601,충북,6430000,닭,LBI1000088,12374927,1078194698
5770,201601,대구,6270000,돼지,LBI1000006,16550,1776145
5778,201601,경기,6410000,말,LBI1000007,1,199
5777,201601,제주,6500000,꿩,LBI1000022,430,29305
5776,201601,제주,6500000,소,LBI1000080,854,37716
5775,201601,경북,6470000,소,LBI1000080,16040,838900
5774,201601,경북,6470000,말,LBI1000007,7,491
5773,201601,전북,6450000,닭,LBI1000088,19888143,1922730316
5772,201601,충남,6440000,말,LBI1000007,4,80
5771,201601,강원,6420000,돼지,LBI1000006,44342,4812480
5779,201601,경기,6410000,당나귀,LBI1000023,3,169
5756,201601,울산,6310000,돼지,LBI1000006,9943,1068860
5769,201601,제주,6500000,산양,LBI1000087,29,651
5768,201601,전남,6460000,오리,LBI1000016,1677211,184653139
5767,201601,충남,6440000,소,LBI1000080,5840,355593
5766,201601,인천,6280000,돼지,LBI1000006,30043,2307091
5765,201601,인천,6280000,산양,LBI1000087,7,2257
5764,201601,제주,6500000,오리,LBI1000016,10692,1608205
5763,201601,제주,6500000,돼지,LBI1000006,76006,6081132
5762,201601,경북,6470000,산양,LBI1000087,456,28219
5761,201601,경남,6480000,돼지,LBI1000006,131701,13200636
5760,201601,전남,6460000,산양,LBI1000087,1150,65193
5759,201601,경북,6470000,돼지,LBI1000006,129638,10445883
5758,201601,전남,6460000,돼지,LBI1000006,99798,7917749
5757,201601,충남,6440000,돼지,LBI1000006,150256,11965819
5784,201601,강원,6420000,닭,LBI1000088,1235588,62933408
5783,201601,대전,6300000,소,LBI1000080,1674,106474
5813,201601,대전,6300000,돼지,LBI1000006,21630,1621809
5785,201601,경남,6480000,산양,LBI1000087,421,4511
5786,201601,충남,6440000,산양,LBI1000087,565,26654
5798,201601,경남,6480000,닭,LBI1000088,908941,87706876
5799,201601,광주,6290000,오리,LBI1000016,110872,30402708
5800,201601,울산,6310000,소,LBI1000080,2104,149905
5801,201601,경기,6410000,돼지,LBI1000006,240759,20496119
5802,201601,경기,6410000,오리,LBI1000016,256947,25834762
5803,201601,강원,6420000,소,LBI1000080,4717,324763
5804,201601,전북,6450000,오리,LBI1000016,623437,125407302
5805,201601,울산,6310000,산양,LBI1000087,93,1667
5806,201601,충북,6430000,돼지,LBI1000006,229353,18060295
5807,201601,광주,6290000,소,LBI1000080,1640,165264
5808,201601,경기,6410000,닭,LBI1000088,11347940,992928909
5809,201601,충북,6430000,산양,LBI1000087,768,70176
5810,201601,전북,6450000,말,LBI1000007,1,107
5811,201601,전북,6450000,소,LBI1000080,4342,342591
5812,201601,인천,6280000,닭,LBI1000088,325644,69091990
5814,201601,전남,6460000,닭,LBI1000088,2436825,308271004
5815,201601,경북,6470000,닭,LBI1000088,5150724,555217248
5816,201601,제주,6500000,닭,LBI1000088,517181,44739702
5795,201601,충북,6430000,오리,LBI1000016,973349,104925802
5794,201601,충남,6440000,사슴,LBI1000017,3,124
5793,201601,광주,6290000,돼지,LBI1000006,27037,2004060
5792,201601,대구,6270000,닭,LBI1000088,1701838,158572493
5791,201601,제주,6500000,말,LBI1000007,67,6667
5790,201601,충북,6430000,소,LBI1000080,19082,1060270
5789,201601,경기,6410000,소,LBI1000080,32632,1819948
5788,201601,경남,6480000,소,LBI1000080,17699,1048565
5787,201601,대구,6270000,소,LBI1000080,1700,90254
5755,201601,인천,6280000,소,LBI1000080,2054,92799
5797,201601,전북,6450000,돼지,LBI1000006,161213,12060660
5796,201601,충남,6440000,닭,LBI1000088,6362249,694606524
5712,201512,전북,6450000,돼지,LBI1000006,153220,11899447
5707,201512,경기,6410000,오리,LBI1000016,256671,25577815
5711,201512,경남,6480000,닭,LBI1000088,1119978,86797935
5746,201512,제주,6500000,돼지,LBI1000006,76775,6005126
5747,201512,경북,6470000,산양,LBI1000087,985,27763
5748,201512,경남,6480000,돼지,LBI1000006,140393,13068935
5749,201512,전남,6460000,산양,LBI1000087,1618,64043
5750,201512,경북,6470000,돼지,LBI1000006,138275,10316245
5751,201512,전남,6460000,돼지,LBI1000006,116110,7817951
5752,201512,충남,6440000,돼지,LBI1000006,158076,11815563
5753,201512,울산,6310000,돼지,LBI1000006,11441,1058917
5754,201512,인천,6280000,소,LBI1000080,964,90745
5710,201512,광주,6290000,오리,LBI1000016,113880,30291836
5709,201512,울산,6310000,소,LBI1000080,1337,147801
5708,201512,경기,6410000,돼지,LBI1000006,255103,20255360
5706,201512,강원,6420000,소,LBI1000080,3102,320046
5744,201512,인천,6280000,산양,LBI1000087,7,2250
5705,201512,전북,6450000,오리,LBI1000016,710354,124783865
5704,201512,울산,6310000,산양,LBI1000087,228,1574
5703,201512,충북,6430000,돼지,LBI1000006,239064,17830942
5713,201512,충남,6440000,닭,LBI1000088,6986896,688244275
5701,201512,경기,6410000,닭,LBI1000088,13264373,981580969
5700,201512,충북,6430000,산양,LBI1000087,859,69408
5699,201512,전북,6450000,말,LBI1000007,2,106
5698,201512,전북,6450000,소,LBI1000080,2655,338249
5697,201512,인천,6280000,닭,LBI1000088,310368,68766346
5696,201512,대전,6300000,돼지,LBI1000006,21813,1600179
5695,201512,전남,6460000,닭,LBI1000088,2643404,305834179
5694,201512,경북,6470000,닭,LBI1000088,5885808,550066524
5693,201512,제주,6500000,닭,LBI1000088,586571,44222521
5745,201512,제주,6500000,오리,LBI1000016,16225,1597513
5702,201512,광주,6290000,소,LBI1000080,1501,163624
5743,201512,인천,6280000,돼지,LBI1000006,34149,2277048
5728,201512,경남,6480000,오리,LBI1000016,322095,28975928
5742,201512,충남,6440000,소,LBI1000080,3065,349753
5715,201512,강원,6420000,산양,LBI1000087,1,135
5716,201512,광주,6290000,돼지,LBI1000006,28315,1977023
5717,201512,대구,6270000,닭,LBI1000088,1799253,156870655
5719,201512,충북,6430000,소,LBI1000080,14328,1041188
5720,201512,경기,6410000,소,LBI1000080,24980,1787316
5721,201512,강원,6420000,꿩,LBI1000022,824,27638
5722,201512,경남,6480000,소,LBI1000080,13136,1030866
5723,201512,대구,6270000,소,LBI1000080,693,88554
5724,201512,충남,6440000,산양,LBI1000087,671,26089
5725,201512,경남,6480000,산양,LBI1000087,501,4090
5726,201512,강원,6420000,닭,LBI1000088,1630623,61697820
5727,201512,대전,6300000,소,LBI1000080,1015,104800
5718,201512,제주,6500000,말,LBI1000007,113,6600
5729,201512,전남,6460000,소,LBI1000080,5781,585034
5737,201512,충남,6440000,말,LBI1000007,3,76
5741,201512,전남,6460000,오리,LBI1000016,2122387,182975928
5730,201512,충북,6430000,닭,LBI1000088,13702853,1065819771
5740,201512,제주,6500000,산양,LBI1000087,21,622
5739,201512,대구,6270000,돼지,LBI1000006,19160,1759595
5738,201512,강원,6420000,돼지,LBI1000006,47784,4768138
5714,201512,충북,6430000,오리,LBI1000016,1337310,103952453
5736,201512,전북,6450000,닭,LBI1000088,22383895,1902842173
5735,201512,경북,6470000,말,LBI1000007,7,484
5734,201512,경북,6470000,소,LBI1000080,9051,822860
5733,201512,제주,6500000,소,LBI1000080,497,36862
5732,201512,경기,6410000,말,LBI1000007,3,198
5731,201512,경기,6410000,당나귀,LBI1000023,3,166
5661,201511,경기,6410000,소,LBI1000080,20200,1762336
5669,201511,전북,6450000,돼지,LBI1000006,147497,11746227
5668,201511,충남,6440000,닭,LBI1000088,6628154,681257379
5667,201511,충북,6430000,오리,LBI1000016,1042375,102615143
5666,201511,충남,6440000,사슴,LBI1000017,4,121
5665,201511,광주,6290000,돼지,LBI1000006,28164,1948708
5664,201511,대구,6270000,닭,LBI1000088,1692906,155071402
5663,201511,제주,6500000,말,LBI1000007,91,6487
5662,201511,충북,6430000,소,LBI1000080,12969,1026860
5658,201511,대구,6270000,소,LBI1000080,657,87861
5660,201511,강원,6420000,꿩,LBI1000022,4414,26814
5659,201511,경남,6480000,소,LBI1000080,10402,1017730
5670,201511,경남,6480000,닭,LBI1000088,925018,85677957
5657,201511,강원,6420000,말,LBI1000007,1,10
5656,201511,충남,6440000,산양,LBI1000087,548,25418
5654,201511,강원,6420000,닭,LBI1000088,1515682,60067197
5653,201511,대전,6300000,소,LBI1000080,836,103785
5652,201511,경남,6480000,오리,LBI1000016,260660,28653833
5651,201511,전남,6460000,소,LBI1000080,4753,579253
5655,201511,경남,6480000,산양,LBI1000087,318,3589
5685,201511,전북,6450000,산양,LBI1000087,6,470
5671,201511,광주,6290000,오리,LBI1000016,70750,30177956
5683,201511,전북,6450000,소,LBI1000080,1925,335594
5692,201511,광주,6290000,당나귀,LBI1000023,1,3
5691,201511,제주,6500000,닭,LBI1000088,517507,43635950
5690,201511,경북,6470000,닭,LBI1000088,5442641,544180716
5689,201511,전북,6450000,당나귀,LBI1000023,1,1
5688,201511,전남,6460000,닭,LBI1000088,2223344,303190775
5687,201511,대전,6300000,돼지,LBI1000006,23783,1578366
5686,201511,인천,6280000,닭,LBI1000088,325919,68455978
5684,201511,전북,6450000,사슴,LBI1000017,3,45
5682,201511,전북,6450000,말,LBI1000007,2,104
5673,201511,경기,6410000,돼지,LBI1000006,256390,20000257
5681,201511,충북,6430000,산양,LBI1000087,802,68549
5680,201511,경기,6410000,닭,LBI1000088,12341078,968316596
5679,201511,광주,6290000,소,LBI1000080,1365,162123
5678,201511,충북,6430000,돼지,LBI1000006,226064,17591878
5677,201511,울산,6310000,산양,LBI1000087,128,1346
5676,201511,전북,6450000,오리,LBI1000016,662787,124073511
5675,201511,강원,6420000,소,LBI1000080,2149,316944
5674,201511,경기,6410000,오리,LBI1000016,250809,25321144
5672,201511,울산,6310000,소,LBI1000080,1197,146464
5650,201511,충북,6430000,닭,LBI1000088,12124872,1052116918
5648,201511,경기,6410000,말,LBI1000007,8,195
5635,201511,제주,6500000,오리,LBI1000016,11298,1581288
5647,201511,제주,6500000,소,LBI1000080,443,36365
5649,201511,경기,6410000,당나귀,LBI1000023,3,163
5626,201511,인천,6280000,소,LBI1000080,965,89781
5627,201511,울산,6310000,돼지,LBI1000006,9393,1047476
5628,201511,충남,6440000,돼지,LBI1000006,149747,11657487
5630,201511,경북,6470000,돼지,LBI1000006,134144,10177970
5631,201511,전남,6460000,산양,LBI1000087,1399,62425
5632,201511,경남,6480000,돼지,LBI1000006,129190,12928542
5633,201511,경북,6470000,산양,LBI1000087,668,26778
5634,201511,제주,6500000,돼지,LBI1000006,68257,5928351
5629,201511,전남,6460000,돼지,LBI1000006,110777,7701841
5636,201511,인천,6280000,산양,LBI1000087,18,2243
5646,201511,경북,6470000,소,LBI1000080,7539,813809
5637,201511,인천,6280000,돼지,LBI1000006,31430,2242899
5645,201511,경북,6470000,말,LBI1000007,7,477
5644,201511,전북,6450000,닭,LBI1000088,20590359,1880458278
5642,201511,강원,6420000,돼지,LBI1000006,49000,4720354
5643,201511,충남,6440000,말,LBI1000007,3,73
5641,201511,대구,6270000,돼지,LBI1000006,15418,1740435
5640,201511,제주,6500000,산양,LBI1000087,18,601
5639,201511,전남,6460000,오리,LBI1000016,1718838,180853541
5638,201511,충남,6440000,소,LBI1000080,2451,346688
5584,201510,충남,6440000,사슴,LBI1000017,3,117
5579,201510,광주,6290000,오리,LBI1000016,11610,30107206
5580,201510,경남,6480000,닭,LBI1000088,1097852,84752939
5581,201510,전북,6450000,돼지,LBI1000006,162659,11598730
5582,201510,충남,6440000,닭,LBI1000088,7025232,674629225
5583,201510,충북,6430000,오리,LBI1000016,1087829,101572768
5589,201510,전북,6450000,면양,LBI1000086,1,6
5585,201510,광주,6290000,돼지,LBI1000006,29201,1920544
5586,201510,대구,6270000,닭,LBI1000088,1717238,153378496
5587,201510,제주,6500000,말,LBI1000007,105,6396
5588,201510,충북,6430000,소,LBI1000080,12875,1013891
5590,201510,경기,6410000,소,LBI1000080,21014,1742136
5577,201510,경기,6410000,돼지,LBI1000006,271305,19743867
5578,201510,울산,6310000,소,LBI1000080,1225,145267
5565,201510,대전,6300000,돼지,LBI1000006,28877,1554583
5576,201510,경기,6410000,오리,LBI1000016,307620,25070335
5575,201510,강원,6420000,소,LBI1000080,2402,314795
5573,201510,울산,6310000,산양,LBI1000087,93,1218
5572,201510,충북,6430000,돼지,LBI1000006,242532,17365814
5571,201510,광주,6290000,소,LBI1000080,1426,160758
5570,201510,경기,6410000,닭,LBI1000088,12507829,955975518
5569,201510,충북,6430000,산양,LBI1000087,898,67747
5568,201510,전북,6450000,말,LBI1000007,1,102
5567,201510,전북,6450000,소,LBI1000080,1734,333669
5566,201510,인천,6280000,닭,LBI1000088,440028,68130059
5592,201510,경남,6480000,소,LBI1000080,11320,1007328
5564,201510,전남,6460000,닭,LBI1000088,2407908,300967431
5563,201510,경북,6470000,닭,LBI1000088,5504587,538738075
5562,201510,제주,6500000,닭,LBI1000088,555798,43118443
5591,201510,강원,6420000,꿩,LBI1000022,3300,22400
5574,201510,전북,6450000,오리,LBI1000016,667155,123410724
5593,201510,대구,6270000,소,LBI1000080,565,87204
5619,201510,경남,6480000,돼지,LBI1000006,136146,12799352
5613,201510,충남,6440000,소,LBI1000080,2129,344237
5614,201510,인천,6280000,돼지,LBI1000006,33065,2211469
5615,201510,인천,6280000,산양,LBI1000087,74,2225
5616,201510,제주,6500000,오리,LBI1000016,8732,1569990
5617,201510,제주,6500000,돼지,LBI1000006,66532,5860094
5618,201510,경북,6470000,산양,LBI1000087,603,26110
5620,201510,전남,6460000,산양,LBI1000087,1572,61026
5611,201510,제주,6500000,산양,LBI1000087,22,583
5621,201510,경북,6470000,돼지,LBI1000006,142758,10043826
5622,201510,전남,6460000,돼지,LBI1000006,112462,7591064
5623,201510,충남,6440000,돼지,LBI1000006,154831,11507740
5624,201510,울산,6310000,돼지,LBI1000006,8989,1038083
5594,201510,강원,6420000,말,LBI1000007,1,9
5625,201510,인천,6280000,소,LBI1000080,1013,88816
5612,201510,전남,6460000,오리,LBI1000016,2160005,179134703
5598,201510,대전,6300000,소,LBI1000080,672,102949
5610,201510,대구,6270000,돼지,LBI1000006,18306,1725017
5602,201510,경기,6410000,당나귀,LBI1000023,5,160
5609,201510,강원,6420000,돼지,LBI1000006,51118,4671354
5595,201510,충남,6440000,산양,LBI1000087,787,24870
5597,201510,강원,6420000,닭,LBI1000088,1555443,58551515
5599,201510,경남,6480000,오리,LBI1000016,327097,28393173
5600,201510,전남,6460000,소,LBI1000080,5181,574500
5601,201510,충북,6430000,닭,LBI1000088,13481587,1039992046
5596,201510,경남,6480000,산양,LBI1000087,457,3271
5603,201510,경기,6410000,말,LBI1000007,11,187
5605,201510,경북,6470000,소,LBI1000080,7771,806270
5606,201510,경북,6470000,말,LBI1000007,4,470
5607,201510,전북,6450000,닭,LBI1000088,22688214,1859867919
5604,201510,제주,6500000,소,LBI1000080,351,35922
5608,201510,충남,6440000,말,LBI1000007,2,70
5219,201509,경북,6470000,돼지,LBI1000006,121794,9901068
5224,201509,제주,6500000,오리,LBI1000016,10397,1561258
5223,201509,제주,6500000,돼지,LBI1000006,69189,5793562
5222,201509,경북,6470000,산양,LBI1000087,311,25507
5221,201509,경남,6480000,돼지,LBI1000006,121174,12663206
5220,201509,전남,6460000,산양,LBI1000087,1276,59454
5217,201509,충남,6440000,돼지,LBI1000006,131432,11352909
5218,201509,전남,6460000,돼지,LBI1000006,92255,7478602
5216,201509,울산,6310000,돼지,LBI1000006,7577,1029094
5215,201509,인천,6280000,소,LBI1000080,1603,87803
5527,201509,전남,6460000,소,LBI1000080,8139,569319
5225,201509,인천,6280000,산양,LBI1000087,1,2151
5528,201509,경남,6480000,오리,LBI1000016,297563,28066076
5231,201509,강원,6420000,돼지,LBI1000006,43596,4620236
5226,201509,인천,6280000,돼지,LBI1000006,29482,2178404
5227,201509,충남,6440000,소,LBI1000080,5321,342108
5228,201509,전남,6460000,오리,LBI1000016,2252428,176974698
5229,201509,제주,6500000,산양,LBI1000087,22,561
5230,201509,대구,6270000,돼지,LBI1000006,17066,1706711
5530,201509,강원,6420000,닭,LBI1000088,1379532,56996072
5232,201509,전북,6450000,닭,LBI1000088,21295184,1837179705
5233,201509,경북,6470000,말,LBI1000007,4,466
5234,201509,경북,6470000,소,LBI1000080,13859,798499
5235,201509,제주,6500000,소,LBI1000080,812,35571
5236,201509,경기,6410000,말,LBI1000007,3,176
5237,201509,경기,6410000,당나귀,LBI1000023,4,155
5238,201509,충북,6430000,닭,LBI1000088,13058954,1026510459
5529,201509,대전,6300000,소,LBI1000080,1571,102277
5537,201509,제주,6500000,말,LBI1000007,75,6291
5531,201509,경남,6480000,산양,LBI1000087,170,2814
5549,201509,전북,6450000,오리,LBI1000016,660288,122743569
5561,201509,제주,6500000,닭,LBI1000088,628792,42562645
5560,201509,경북,6470000,닭,LBI1000088,5108842,533233488
5559,201509,전남,6460000,닭,LBI1000088,2396160,298559523
5558,201509,대전,6300000,돼지,LBI1000006,22848,1525706
5557,201509,인천,6280000,닭,LBI1000088,282304,67690031
5556,201509,전북,6450000,소,LBI1000080,4233,331935
5555,201509,전북,6450000,말,LBI1000007,1,101
5554,201509,충북,6430000,산양,LBI1000087,916,66849
5553,201509,경기,6410000,닭,LBI1000088,11691113,943467689
5552,201509,광주,6290000,소,LBI1000080,1859,159332
5551,201509,충북,6430000,돼지,LBI1000006,197856,17123282
5550,201509,울산,6310000,산양,LBI1000087,27,1125
5548,201509,강원,6420000,소,LBI1000080,4162,312393
5532,201509,충남,6440000,산양,LBI1000087,600,24083
5546,201509,경기,6410000,돼지,LBI1000006,222598,19472562
5545,201509,울산,6310000,소,LBI1000080,2165,144042
5543,201509,전북,6450000,돼지,LBI1000006,131818,11436071
5542,201509,충남,6440000,닭,LBI1000088,6616694,667603993
5541,201509,충북,6430000,오리,LBI1000016,1237378,100484939
5540,201509,충남,6440000,사슴,LBI1000017,2,114
5539,201509,광주,6290000,돼지,LBI1000006,24661,1891343
5538,201509,대구,6270000,닭,LBI1000088,1586005,151661258
5536,201509,충북,6430000,소,LBI1000080,17414,1001016
5535,201509,경기,6410000,소,LBI1000080,28483,1721122
5534,201509,경남,6480000,소,LBI1000080,15671,996008
5533,201509,대구,6270000,소,LBI1000080,1195,86639
5547,201509,경기,6410000,오리,LBI1000016,277246,24762715
5544,201509,경남,6480000,닭,LBI1000088,1092331,83655087
5172,201508,충남,6440000,닭,LBI1000088,7263639,660987299
5180,201508,충북,6430000,소,LBI1000080,14942,983602
5174,201508,충남,6440000,사슴,LBI1000017,5,112
5175,201508,강원,6420000,산양,LBI1000087,1,134
5176,201508,광주,6290000,돼지,LBI1000006,21815,1866682
5177,201508,대구,6270000,닭,LBI1000088,2047374,150075253
5178,201508,경남,6480000,메추리,LBI1000021,6825,173607
5179,201508,제주,6500000,말,LBI1000007,88,6216
5181,201508,경기,6410000,소,LBI1000080,23786,1692639
5189,201508,전남,6460000,소,LBI1000080,6115,561180
5182,201508,경남,6480000,소,LBI1000080,13106,980337
5183,201508,대구,6270000,소,LBI1000080,746,85444
5184,201508,충남,6440000,산양,LBI1000087,875,23483
5185,201508,경남,6480000,산양,LBI1000087,201,2644
5186,201508,강원,6420000,닭,LBI1000088,1379926,55616540
5187,201508,대전,6300000,소,LBI1000080,909,100706
5173,201508,충북,6430000,오리,LBI1000016,1358400,99247561
5171,201508,전북,6450000,돼지,LBI1000006,121834,11304253
5170,201508,경남,6480000,닭,LBI1000088,1818136,82562756
5169,201508,울산,6310000,소,LBI1000080,1406,141877
5168,201508,경기,6410000,돼지,LBI1000006,202188,19249964
5167,201508,경기,6410000,오리,LBI1000016,298743,24485469
5166,201508,강원,6420000,소,LBI1000080,3599,308231
5165,201508,전북,6450000,오리,LBI1000016,659856,122083281
5164,201508,울산,6310000,산양,LBI1000087,28,1098
5154,201508,대전,6300000,돼지,LBI1000006,17756,1502858
5155,201508,인천,6280000,닭,LBI1000088,717241,67407727
5156,201508,전북,6450000,사슴,LBI1000017,3,42
5157,201508,전북,6450000,소,LBI1000080,2674,327702
5158,201508,전북,6450000,말,LBI1000007,2,100
5159,201508,충북,6430000,산양,LBI1000087,1257,65933
5160,201508,경기,6410000,닭,LBI1000088,12915759,931776576
5161,201508,광주,6290000,소,LBI1000080,1547,157473
5188,201508,경남,6480000,오리,LBI1000016,355284,27768513
5190,201508,충북,6430000,닭,LBI1000088,13907665,1013451505
5163,201508,충남,6440000,당나귀,LBI1000023,8,17
5204,201508,인천,6280000,산양,LBI1000087,56,2150
5151,201508,제주,6500000,닭,LBI1000088,629280,41933853
5152,201508,경북,6470000,닭,LBI1000088,6616062,528124646
5153,201508,전남,6460000,닭,LBI1000088,3676929,296163363
5214,201508,인천,6280000,소,LBI1000080,1100,86200
5213,201508,울산,6310000,돼지,LBI1000006,7279,1021517
5212,201508,충남,6440000,돼지,LBI1000006,128224,11221477
5211,201508,전남,6460000,돼지,LBI1000006,88068,7386347
5210,201508,경북,6470000,돼지,LBI1000006,113808,9779274
5209,201508,전남,6460000,산양,LBI1000087,1929,58178
5208,201508,경남,6480000,돼지,LBI1000006,107021,12542032
5207,201508,경북,6470000,산양,LBI1000087,456,25196
5191,201508,경기,6410000,당나귀,LBI1000023,3,151
5205,201508,제주,6500000,오리,LBI1000016,15421,1550861
5206,201508,제주,6500000,돼지,LBI1000006,63811,5724373
5203,201508,인천,6280000,돼지,LBI1000006,26510,2148922
5197,201508,충남,6440000,말,LBI1000007,2,68
5192,201508,경기,6410000,말,LBI1000007,2,173
5193,201508,제주,6500000,소,LBI1000080,529,34759
5194,201508,경북,6470000,소,LBI1000080,10518,784640
5202,201508,충남,6440000,소,LBI1000080,3241,336787
5196,201508,전북,6450000,닭,LBI1000088,26206135,1815884521
5195,201508,경북,6470000,말,LBI1000007,6,462
5198,201508,강원,6420000,돼지,LBI1000006,41435,4576640
5199,201508,대구,6270000,돼지,LBI1000006,13743,1689645
5200,201508,제주,6500000,산양,LBI1000087,29,539
5201,201508,전남,6460000,오리,LBI1000016,2007762,174722270
5162,201508,충북,6430000,돼지,LBI1000006,182370,16925426
5146,201507,인천,6280000,닭,LBI1000088,1187602,66690486
6249,201507,충남,6440000,돼지,LBI1000006,133474,11093253
6248,201507,울산,6310000,돼지,LBI1000006,8130,1014238
6247,201507,인천,6280000,소,LBI1000080,1005,85100
5147,201507,대전,6300000,돼지,LBI1000006,18954,1485102
5148,201507,전남,6460000,닭,LBI1000088,7191278,292486434
5145,201507,전북,6450000,사슴,LBI1000017,3,39
5117,201507,경남,6480000,산양,LBI1000087,231,2443
5115,201507,대전,6300000,소,LBI1000080,769,99797
5114,201507,경남,6480000,오리,LBI1000016,382665,27413229
5113,201507,전남,6460000,소,LBI1000080,5788,555065
5112,201507,충북,6430000,닭,LBI1000088,17181120,999543840
5111,201507,경기,6410000,당나귀,LBI1000023,2,148
5110,201507,제주,6500000,소,LBI1000080,500,34230
5109,201507,경북,6470000,소,LBI1000080,9247,774122
5108,201507,경북,6470000,말,LBI1000007,5,456
5107,201507,전북,6450000,닭,LBI1000088,34121998,1789678386
5106,201507,강원,6420000,돼지,LBI1000006,44372,4535205
5105,201507,대구,6270000,돼지,LBI1000006,16001,1675902
5104,201507,제주,6500000,산양,LBI1000087,24,510
5144,201507,전북,6450000,소,LBI1000080,2571,325028
5102,201507,충남,6440000,소,LBI1000080,2715,333546
5101,201507,인천,6280000,돼지,LBI1000006,26976,2122412
5100,201507,인천,6280000,산양,LBI1000087,2,2094
5099,201507,제주,6500000,오리,LBI1000016,16490,1535440
5098,201507,제주,6500000,돼지,LBI1000006,68173,5660562
5097,201507,경북,6470000,산양,LBI1000087,583,24740
5096,201507,경남,6480000,돼지,LBI1000006,118646,12435011
5095,201507,전남,6460000,산양,LBI1000087,1992,56249
5094,201507,경북,6470000,돼지,LBI1000006,123429,9665466
5093,201507,전남,6460000,돼지,LBI1000006,100880,7298279
5150,201507,제주,6500000,닭,LBI1000088,786483,41304573
5149,201507,경북,6470000,닭,LBI1000088,9091740,521508584
5116,201507,강원,6420000,닭,LBI1000088,1580040,54236614
5103,201507,전남,6460000,오리,LBI1000016,2038517,172714508
5118,201507,충남,6440000,산양,LBI1000087,971,22608
5132,201507,경남,6480000,닭,LBI1000088,2113798,80744620
5119,201507,대구,6270000,소,LBI1000080,727,84698
5143,201507,전북,6450000,말,LBI1000007,1,98
5142,201507,충북,6430000,산양,LBI1000087,1572,64676
5141,201507,경기,6410000,닭,LBI1000088,14541650,918860817
5140,201507,광주,6290000,소,LBI1000080,1589,155926
5139,201507,충북,6430000,돼지,LBI1000006,200052,16743056
5138,201507,울산,6310000,산양,LBI1000087,26,1070
5137,201507,전북,6450000,오리,LBI1000016,885951,121423425
5136,201507,강원,6420000,소,LBI1000080,2871,304632
5135,201507,경기,6410000,오리,LBI1000016,328779,24186726
5133,201507,울산,6310000,소,LBI1000080,1538,140471
5134,201507,경기,6410000,돼지,LBI1000006,225560,19047776
5131,201507,전북,6450000,돼지,LBI1000006,137242,11182419
5125,201507,경남,6480000,메추리,LBI1000021,6889,166782
5120,201507,경남,6480000,소,LBI1000080,12772,967231
5121,201507,강원,6420000,말,LBI1000007,4,8
5122,201507,경기,6410000,소,LBI1000080,21855,1668853
5123,201507,충북,6430000,소,LBI1000080,14369,968660
5130,201507,충남,6440000,닭,LBI1000088,8785206,653723660
5124,201507,제주,6500000,말,LBI1000007,70,6128
5126,201507,대구,6270000,닭,LBI1000088,2489293,148027879
5127,201507,광주,6290000,돼지,LBI1000006,25431,1844867
5128,201507,충남,6440000,사슴,LBI1000017,3,107
5129,201507,충북,6430000,오리,LBI1000016,1482337,97889161
6201,201506,경기,6410000,돼지,LBI1000006,224454,18822216
6202,201506,울산,6310000,소,LBI1000080,1403,138933
6207,201506,충남,6440000,사슴,LBI1000017,8,104
6203,201506,경남,6480000,닭,LBI1000088,1996149,78630822
6204,201506,전북,6450000,돼지,LBI1000006,125627,11045177
6205,201506,충남,6440000,닭,LBI1000088,7253132,644938454
6206,201506,충북,6430000,오리,LBI1000016,1325664,96406824
6213,201506,경기,6410000,소,LBI1000080,22950,1646998
6208,201506,광주,6290000,돼지,LBI1000006,24622,1819436
6209,201506,대구,6270000,닭,LBI1000088,1953790,145538586
6210,201506,경남,6480000,메추리,LBI1000021,6944,159893
6211,201506,제주,6500000,말,LBI1000007,60,6058
6212,201506,충북,6430000,소,LBI1000080,14081,954291
6199,201506,강원,6420000,소,LBI1000080,2591,301761
6200,201506,경기,6410000,오리,LBI1000016,312653,23857947
6186,201506,경북,6470000,닭,LBI1000088,7291684,512416844
6198,201506,전북,6450000,오리,LBI1000016,828681,120537474
6197,201506,울산,6310000,산양,LBI1000087,14,1044
6196,201506,충북,6430000,돼지,LBI1000006,189860,16543004
6195,201506,광주,6290000,소,LBI1000080,1530,154337
6194,201506,경기,6410000,닭,LBI1000088,12334588,904319167
6193,201506,충북,6430000,산양,LBI1000087,1155,63104
6192,201506,전북,6450000,말,LBI1000007,1,97
6191,201506,전북,6450000,소,LBI1000080,2561,322457
6190,201506,인천,6280000,닭,LBI1000088,545018,65502884
6189,201506,대전,6300000,돼지,LBI1000006,18741,1466148
6188,201506,광주,6290000,당나귀,LBI1000023,1,2
6187,201506,전남,6460000,닭,LBI1000088,5371430,285295156
6185,201506,제주,6500000,닭,LBI1000088,681974,40518090
6215,201506,대구,6270000,소,LBI1000080,845,83971
6214,201506,경남,6480000,소,LBI1000080,13182,954459
6232,201506,제주,6500000,산양,LBI1000087,18,486
6216,201506,충남,6440000,산양,LBI1000087,638,21637
6246,201506,인천,6280000,소,LBI1000080,1012,84095
6245,201506,울산,6310000,돼지,LBI1000006,8212,1006108
6244,201506,충남,6440000,돼지,LBI1000006,122209,10959779
6243,201506,전남,6460000,돼지,LBI1000006,95303,7197399
6242,201506,경북,6470000,돼지,LBI1000006,114746,9542037
6241,201506,전남,6460000,산양,LBI1000087,1511,54257
6240,201506,경남,6480000,돼지,LBI1000006,117771,12316365
6239,201506,경북,6470000,산양,LBI1000087,400,24157
6238,201506,제주,6500000,돼지,LBI1000006,62349,5592389
6237,201506,제주,6500000,오리,LBI1000016,12388,1518950
6236,201506,인천,6280000,산양,LBI1000087,1,2092
6235,201506,인천,6280000,돼지,LBI1000006,27511,2095436
6234,201506,충남,6440000,소,LBI1000080,2629,330831
6233,201506,전남,6460000,오리,LBI1000016,1923798,170675991
6217,201506,경남,6480000,산양,LBI1000087,132,2212
6231,201506,대구,6270000,돼지,LBI1000006,14462,1659901
6224,201506,경기,6410000,말,LBI1000007,1,171
6218,201506,강원,6420000,닭,LBI1000088,1571847,52656574
6219,201506,대전,6300000,소,LBI1000080,810,99028
6220,201506,경남,6480000,오리,LBI1000016,415639,27030564
6222,201506,충북,6430000,닭,LBI1000088,13748949,982362720
6223,201506,경기,6410000,당나귀,LBI1000023,1,146
6221,201506,전남,6460000,소,LBI1000080,5667,549277
6225,201506,전남,6460000,말,LBI1000007,1,30
6226,201506,제주,6500000,소,LBI1000080,463,33730
6227,201506,경북,6470000,소,LBI1000080,9119,764875
6228,201506,경북,6470000,말,LBI1000007,2,451
6229,201506,전북,6450000,닭,LBI1000088,27623099,1755556388
6230,201506,강원,6420000,돼지,LBI1000006,43480,4490833
6144,201505,전남,6460000,말,LBI1000007,1,29
6139,201505,충남,6440000,말,LBI1000007,1,66
6140,201505,전북,6450000,닭,LBI1000088,24106791,1727933289
6141,201505,경북,6470000,말,LBI1000007,5,449
6142,201505,경북,6470000,소,LBI1000080,7791,755756
6143,201505,제주,6500000,소,LBI1000080,470,33267
6151,201505,경남,6480000,산양,LBI1000087,72,2080
6145,201505,경기,6410000,당나귀,LBI1000023,1,145
6146,201505,충북,6430000,닭,LBI1000088,12972806,968613771
6147,201505,전남,6460000,소,LBI1000080,6204,543610
6148,201505,경남,6480000,오리,LBI1000016,335014,26614925
6149,201505,대전,6300000,소,LBI1000080,740,98218
6150,201505,강원,6420000,닭,LBI1000088,1427716,51084727
6137,201505,대구,6270000,돼지,LBI1000006,15658,1645439
6138,201505,강원,6420000,돼지,LBI1000006,46001,4447353
6130,201505,제주,6500000,돼지,LBI1000006,60540,5530040
6136,201505,제주,6500000,산양,LBI1000087,13,468
6135,201505,전남,6460000,오리,LBI1000016,1693365,168752193
6134,201505,충남,6440000,소,LBI1000080,2408,328202
6133,201505,인천,6280000,돼지,LBI1000006,21691,2067925
6132,201505,인천,6280000,산양,LBI1000087,30,2091
6131,201505,제주,6500000,오리,LBI1000016,7498,1506562
6129,201505,경북,6470000,산양,LBI1000087,381,23757
6128,201505,경남,6480000,돼지,LBI1000006,113657,12198594
6127,201505,전남,6460000,산양,LBI1000087,1379,52746
6126,201505,경북,6470000,돼지,LBI1000006,114140,9427291
6125,201505,전남,6460000,돼지,LBI1000006,94001,7102096
6124,201505,충남,6440000,돼지,LBI1000006,122108,10837570
6123,201505,울산,6310000,돼지,LBI1000006,8308,997896
6152,201505,충남,6440000,산양,LBI1000087,720,20999
6122,201505,인천,6280000,소,LBI1000080,1023,83083
6154,201505,경남,6480000,소,LBI1000080,11788,941277
6153,201505,대구,6270000,소,LBI1000080,680,83126
6170,201505,전북,6450000,오리,LBI1000016,491337,119708793
6184,201505,제주,6500000,닭,LBI1000088,626230,39836116
6155,201505,경기,6410000,소,LBI1000080,20389,1624048
6182,201505,전남,6460000,닭,LBI1000088,3634250,279923726
6181,201505,대전,6300000,돼지,LBI1000006,17806,1447407
6180,201505,인천,6280000,닭,LBI1000088,513880,64957866
6179,201505,전북,6450000,산양,LBI1000087,12,464
6178,201505,전북,6450000,소,LBI1000080,2501,319896
6177,201505,전북,6450000,말,LBI1000007,2,96
6176,201505,충북,6430000,산양,LBI1000087,1183,61949
6175,201505,경기,6410000,닭,LBI1000088,11197868,891984579
6174,201505,광주,6290000,소,LBI1000080,1599,152807
6173,201505,충남,6440000,당나귀,LBI1000023,8,9
6172,201505,충북,6430000,돼지,LBI1000006,185979,16353144
6171,201505,울산,6310000,산양,LBI1000087,114,1030
6183,201505,경북,6470000,닭,LBI1000088,6372984,505125160
6169,201505,강원,6420000,소,LBI1000080,2271,299170
6161,201505,충북,6430000,오리,LBI1000016,1206336,95081160
6168,201505,경기,6410000,오리,LBI1000016,290166,23545294
6157,201505,제주,6500000,말,LBI1000007,75,5998
6158,201505,경남,6480000,메추리,LBI1000021,7081,152949
6159,201505,대구,6270000,닭,LBI1000088,1746199,143584796
6160,201505,광주,6290000,돼지,LBI1000006,21894,1794814
6156,201505,충북,6430000,소,LBI1000080,12588,940210
6162,201505,충남,6440000,닭,LBI1000088,6916621,637685322
6164,201505,경남,6480000,닭,LBI1000088,1731000,76634673
6165,201505,울산,6310000,소,LBI1000080,1381,137530
6166,201505,광주,6290000,오리,LBI1000016,10082,30095596
6163,201505,전북,6450000,돼지,LBI1000006,119446,10919550
6167,201505,경기,6410000,돼지,LBI1000006,211362,18597762
6102,201504,경북,6470000,말,LBI1000007,4,444
6106,201504,대구,6270000,돼지,LBI1000006,17267,1629781
6105,201504,강원,6420000,돼지,LBI1000006,46567,4401352
6104,201504,충남,6440000,말,LBI1000007,1,65
6103,201504,전북,6450000,닭,LBI1000088,22288386,1703826498
6099,201504,경기,6410000,말,LBI1000007,2,170
6101,201504,경북,6470000,소,LBI1000080,10070,747965
6100,201504,제주,6500000,소,LBI1000080,603,32797
6098,201504,경기,6410000,당나귀,LBI1000023,2,144
6097,201504,충북,6430000,닭,LBI1000088,12136856,955640965
6096,201504,전남,6460000,소,LBI1000080,6322,537406
6108,201504,전남,6460000,오리,LBI1000016,1634478,167058828
6107,201504,제주,6500000,산양,LBI1000087,29,455
6115,201504,경남,6480000,돼지,LBI1000006,133888,12084937
6109,201504,충남,6440000,소,LBI1000080,2923,325794
6110,201504,인천,6280000,돼지,LBI1000006,24744,2046234
6111,201504,인천,6280000,산양,LBI1000087,33,2061
6112,201504,제주,6500000,오리,LBI1000016,7292,1499064
6113,201504,제주,6500000,돼지,LBI1000006,72011,5469500
6114,201504,경북,6470000,산양,LBI1000087,567,23376
6116,201504,전남,6460000,산양,LBI1000087,1499,51367
6117,201504,경북,6470000,돼지,LBI1000006,129517,9313151
6118,201504,전남,6460000,돼지,LBI1000006,105978,7008095
6119,201504,충남,6440000,돼지,LBI1000006,162282,10715462
6120,201504,울산,6310000,돼지,LBI1000006,9121,989588
6121,201504,인천,6280000,소,LBI1000080,1048,82060
6094,201504,대전,6300000,소,LBI1000080,832,97478
6095,201504,경남,6480000,오리,LBI1000016,324933,26279911
6066,201504,충북,6430000,산양,LBI1000087,1224,60766
6093,201504,강원,6420000,닭,LBI1000088,1204949,49657011
6067,201504,경기,6410000,닭,LBI1000088,10723121,880786711
6073,201504,경기,6410000,오리,LBI1000016,218883,23255128
6072,201504,강원,6420000,소,LBI1000080,2916,296899
6071,201504,전북,6450000,오리,LBI1000016,926106,119217456
6070,201504,울산,6310000,산양,LBI1000087,72,916
6069,201504,충북,6430000,돼지,LBI1000006,207556,16167165
6068,201504,광주,6290000,소,LBI1000080,1588,151208
6065,201504,전북,6450000,말,LBI1000007,1,94
6075,201504,광주,6290000,오리,LBI1000016,62849,30085514
6064,201504,전북,6450000,소,LBI1000080,3197,317395
6063,201504,인천,6280000,닭,LBI1000088,396281,64443986
6062,201504,대전,6300000,돼지,LBI1000006,17121,1429601
6061,201504,전남,6460000,닭,LBI1000088,2717253,276289476
6059,201504,제주,6500000,닭,LBI1000088,481502,39209886
6092,201504,경남,6480000,산양,LBI1000087,133,2008
6074,201504,경기,6410000,돼지,LBI1000006,244280,18386400
6060,201504,경북,6470000,닭,LBI1000088,6128861,498752176
6076,201504,울산,6310000,소,LBI1000080,1562,136149
6085,201504,제주,6500000,말,LBI1000007,87,5923
6077,201504,경남,6480000,닭,LBI1000088,988500,74903673
6091,201504,충남,6440000,산양,LBI1000087,706,20279
6089,201504,대구,6270000,소,LBI1000080,933,82446
6088,201504,경남,6480000,소,LBI1000080,14358,929489
6087,201504,경기,6410000,소,LBI1000080,24917,1603659
6086,201504,충북,6430000,소,LBI1000080,14939,927622
6090,201504,강원,6420000,말,LBI1000007,1,4
6084,201504,경남,6480000,메추리,LBI1000021,9311,145868
6078,201504,전북,6450000,돼지,LBI1000006,138196,10800104
6082,201504,광주,6290000,돼지,LBI1000006,20878,1772920
6081,201504,충북,6430000,오리,LBI1000016,947647,93874824
6080,201504,충남,6440000,사슴,LBI1000017,2,96
6079,201504,충남,6440000,닭,LBI1000088,6472959,630768701
6083,201504,대구,6270000,닭,LBI1000088,1809241,141838597
6012,201503,충남,6440000,말,LBI1000007,2,64
6013,201503,전북,6450000,닭,LBI1000088,20983828,1681538112
6014,201503,경북,6470000,말,LBI1000007,7,440
6015,201503,경북,6470000,소,LBI1000080,8858,737895
6016,201503,제주,6500000,소,LBI1000080,606,32194
6017,201503,경기,6410000,말,LBI1000007,3,168
6020,201503,전남,6460000,소,LBI1000080,5910,531084
6018,201503,경기,6410000,당나귀,LBI1000023,1,142
6019,201503,충북,6430000,닭,LBI1000088,11973471,943504109
6021,201503,경남,6480000,오리,LBI1000016,295200,25954978
6022,201503,대전,6300000,소,LBI1000080,663,96646
6023,201503,강원,6420000,닭,LBI1000088,1081372,48452062
6010,201503,대구,6270000,돼지,LBI1000006,18149,1612514
6024,201503,경남,6480000,산양,LBI1000087,184,1875
6011,201503,강원,6420000,돼지,LBI1000006,46489,4354785
6002,201503,경남,6480000,돼지,LBI1000006,143505,11951049
6009,201503,제주,6500000,산양,LBI1000087,18,426
6008,201503,전남,6460000,오리,LBI1000016,1367178,165424350
6007,201503,충남,6440000,소,LBI1000080,2374,322871
6006,201503,인천,6280000,돼지,LBI1000006,25429,2021490
6005,201503,제주,6500000,오리,LBI1000016,12531,1491772
6004,201503,제주,6500000,돼지,LBI1000006,71480,5397489
6003,201503,경북,6470000,산양,LBI1000087,452,22809
6001,201503,전남,6460000,산양,LBI1000087,1365,49868
6000,201503,경북,6470000,돼지,LBI1000006,132670,9183634
5999,201503,전남,6460000,돼지,LBI1000006,108445,6902117
5998,201503,충남,6440000,돼지,LBI1000006,160690,10553180
5997,201503,울산,6310000,돼지,LBI1000006,9785,980467
5996,201503,인천,6280000,소,LBI1000080,1034,81012
6026,201503,대구,6270000,소,LBI1000080,750,81513
6025,201503,충남,6440000,산양,LBI1000087,718,19573
6029,201503,충북,6430000,소,LBI1000080,14466,912683
6027,201503,경남,6480000,소,LBI1000080,13870,915131
6044,201503,강원,6420000,소,LBI1000080,2253,293983
6058,201503,제주,6500000,닭,LBI1000088,501349,38728384
6028,201503,경기,6410000,소,LBI1000080,24136,1578742
6056,201503,전남,6460000,닭,LBI1000088,2640898,273572223
6055,201503,전북,6450000,타조,LBI1000024,3,17
6054,201503,대전,6300000,돼지,LBI1000006,18231,1412480
6053,201503,인천,6280000,닭,LBI1000088,318986,64047705
6052,201503,전북,6450000,소,LBI1000080,2673,314198
6051,201503,전북,6450000,말,LBI1000007,1,93
6050,201503,충북,6430000,산양,LBI1000087,1070,59542
6049,201503,경기,6410000,닭,LBI1000088,10629028,870063590
6048,201503,광주,6290000,소,LBI1000080,1591,149620
6047,201503,충북,6430000,돼지,LBI1000006,205556,15959609
6046,201503,울산,6310000,산양,LBI1000087,69,844
6045,201503,전북,6450000,오리,LBI1000016,450851,118291350
6057,201503,경북,6470000,닭,LBI1000088,5565183,492623315
6043,201503,경기,6410000,오리,LBI1000016,170420,23036245
6035,201503,충북,6430000,오리,LBI1000016,851478,92927177
6042,201503,경기,6410000,돼지,LBI1000006,269180,18142120
6030,201503,제주,6500000,말,LBI1000007,84,5836
6031,201503,경남,6480000,메추리,LBI1000021,6433,136557
6032,201503,전북,6450000,면양,LBI1000086,1,5
6034,201503,광주,6290000,돼지,LBI1000006,23378,1752042
6033,201503,대구,6270000,닭,LBI1000088,1516769,140029356
6036,201503,충남,6440000,사슴,LBI1000017,6,94
6037,201503,충남,6440000,닭,LBI1000088,6605827,624295742
6038,201503,전북,6450000,돼지,LBI1000006,146313,10661908
6039,201503,경남,6480000,닭,LBI1000088,990646,73915173
6040,201503,울산,6310000,소,LBI1000080,1282,134587
6041,201503,광주,6290000,오리,LBI1000016,52295,30022665
5957,201502,광주,6290000,돼지,LBI1000006,18596,1728664
5952,201502,울산,6310000,소,LBI1000080,2148,133305
5953,201502,경남,6480000,닭,LBI1000088,1043409,72924527
5954,201502,전북,6450000,돼지,LBI1000006,119777,10515595
5955,201502,충남,6440000,닭,LBI1000088,5847492,617689915
5956,201502,충북,6430000,오리,LBI1000016,658906,92075699
5963,201502,경남,6480000,소,LBI1000080,12078,901261
5958,201502,대구,6270000,닭,LBI1000088,1335828,138512587
5959,201502,경남,6480000,메추리,LBI1000021,6587,130124
5960,201502,제주,6500000,말,LBI1000007,53,5752
5961,201502,충북,6430000,소,LBI1000080,13902,898217
5962,201502,경기,6410000,소,LBI1000080,23079,1554606
5950,201502,경기,6410000,돼지,LBI1000006,219238,17872940
5951,201502,광주,6290000,오리,LBI1000016,147214,29970370
5944,201502,광주,6290000,소,LBI1000080,1738,148029
5965,201502,충남,6440000,산양,LBI1000087,450,18855
5949,201502,경기,6410000,오리,LBI1000016,195716,22865825
5948,201502,강원,6420000,소,LBI1000080,3270,291730
5947,201502,전북,6450000,오리,LBI1000016,648848,117840499
5946,201502,울산,6310000,산양,LBI1000087,77,775
5945,201502,충북,6430000,돼지,LBI1000006,172627,15754053
5943,201502,경기,6410000,닭,LBI1000088,8892878,859434562
5942,201502,충북,6430000,산양,LBI1000087,680,58472
5941,201502,전북,6450000,소,LBI1000080,4440,311525
5940,201502,인천,6280000,닭,LBI1000088,293355,63728719
5939,201502,대전,6300000,돼지,LBI1000006,17323,1394249
5938,201502,전남,6460000,닭,LBI1000088,1796581,270931325
5937,201502,경북,6470000,닭,LBI1000088,4464132,487058132
5936,201502,제주,6500000,닭,LBI1000088,459153,38227035
5964,201502,대구,6270000,소,LBI1000080,1392,80763
5981,201502,제주,6500000,산양,LBI1000087,14,408
5966,201502,경남,6480000,산양,LBI1000087,144,1691
5982,201502,전남,6460000,오리,LBI1000016,1228033,164057172
5967,201502,강원,6420000,닭,LBI1000088,860422,47370690
5995,201502,인천,6280000,소,LBI1000080,1419,79978
5994,201502,울산,6310000,돼지,LBI1000006,7125,970682
5993,201502,충남,6440000,돼지,LBI1000006,119974,10392490
5992,201502,전남,6460000,돼지,LBI1000006,87584,6793672
5991,201502,경북,6470000,돼지,LBI1000006,109566,9050964
5990,201502,전남,6460000,산양,LBI1000087,841,48503
5989,201502,경남,6480000,돼지,LBI1000006,115283,11807544
5987,201502,제주,6500000,돼지,LBI1000006,63912,5326009
5986,201502,제주,6500000,오리,LBI1000016,8005,1479241
5985,201502,인천,6280000,산양,LBI1000087,30,2028
5984,201502,인천,6280000,돼지,LBI1000006,22941,1996061
5983,201502,충남,6440000,소,LBI1000080,3866,320497
5988,201502,경북,6470000,산양,LBI1000087,282,22357
5980,201502,대구,6270000,돼지,LBI1000006,14840,1594365
5973,201502,경기,6410000,말,LBI1000007,3,165
5968,201502,대전,6300000,소,LBI1000080,1244,95983
5979,201502,강원,6420000,돼지,LBI1000006,39511,4308296
5969,201502,경남,6480000,오리,LBI1000016,157165,25659778
5970,201502,전남,6460000,소,LBI1000080,7204,525174
5971,201502,충북,6430000,닭,LBI1000088,9797310,931530638
5972,201502,경기,6410000,당나귀,LBI1000023,2,141
5974,201502,제주,6500000,소,LBI1000080,734,31588
5975,201502,경북,6470000,소,LBI1000080,10765,729037
5976,201502,경북,6470000,말,LBI1000007,1,433
5977,201502,전북,6450000,닭,LBI1000088,17647411,1660554284
5978,201502,충남,6440000,말,LBI1000007,2,62
5897,201501,경기,6410000,말,LBI1000007,1,162
5893,201501,전북,6450000,닭,LBI1000088,21514664,1642906873
5894,201501,경북,6470000,말,LBI1000007,6,432
5895,201501,경북,6470000,소,LBI1000080,12830,718272
5896,201501,제주,6500000,소,LBI1000080,693,30854
5903,201501,강원,6420000,닭,LBI1000088,1021974,46510268
5898,201501,경기,6410000,당나귀,LBI1000023,1,139
5899,201501,충북,6430000,닭,LBI1000088,11444711,921733328
5900,201501,전남,6460000,소,LBI1000080,8563,517970
5901,201501,경남,6480000,오리,LBI1000016,229254,25502613
5902,201501,대전,6300000,소,LBI1000080,1123,94739
5891,201501,대구,6270000,돼지,LBI1000006,15981,1579525
5892,201501,강원,6420000,돼지,LBI1000006,50513,4268785
5877,201501,인천,6280000,소,LBI1000080,1783,78559
5890,201501,제주,6500000,산양,LBI1000087,26,394
5889,201501,전남,6460000,오리,LBI1000016,1077371,162829139
5888,201501,충남,6440000,소,LBI1000080,4561,316631
5887,201501,인천,6280000,돼지,LBI1000006,29216,1973120
5886,201501,제주,6500000,오리,LBI1000016,9246,1471236
5885,201501,제주,6500000,돼지,LBI1000006,71106,5262097
5884,201501,경북,6470000,산양,LBI1000087,459,22075
5883,201501,경남,6480000,돼지,LBI1000006,132195,11692261
5882,201501,전남,6460000,산양,LBI1000087,1312,47662
5881,201501,경북,6470000,돼지,LBI1000006,127274,8941398
5880,201501,전남,6460000,돼지,LBI1000006,98452,6706088
5879,201501,충남,6440000,돼지,LBI1000006,140324,10272516
5878,201501,울산,6310000,돼지,LBI1000006,9065,963557
5905,201501,충남,6440000,산양,LBI1000087,561,18405
5904,201501,경남,6480000,산양,LBI1000087,276,1547
5917,201501,경남,6480000,닭,LBI1000088,893058,71881118
5906,201501,대구,6270000,소,LBI1000080,1290,79371
5922,201501,강원,6420000,소,LBI1000080,5670,288460
5935,201501,제주,6500000,닭,LBI1000088,466254,37767882
5934,201501,경북,6470000,닭,LBI1000088,5287432,482594000
5933,201501,전남,6460000,닭,LBI1000088,1986429,269134744
5932,201501,대전,6300000,돼지,LBI1000006,22167,1376926
5931,201501,인천,6280000,닭,LBI1000088,374543,63435364
5930,201501,전북,6450000,소,LBI1000080,4490,307085
5929,201501,전북,6450000,말,LBI1000007,1,92
5928,201501,충북,6430000,산양,LBI1000087,1077,57792
5927,201501,경기,6410000,닭,LBI1000088,10148277,850541684
5926,201501,광주,6290000,소,LBI1000080,1855,146291
5925,201501,충북,6430000,돼지,LBI1000006,212003,15581426
5907,201501,경남,6480000,소,LBI1000080,17877,889183
5923,201501,전북,6450000,오리,LBI1000016,654456,117191651
5924,201501,울산,6310000,산양,LBI1000087,137,698
5921,201501,경기,6410000,오리,LBI1000016,217935,22670109
5913,201501,광주,6290000,돼지,LBI1000006,23701,1710068
5908,201501,경기,6410000,소,LBI1000080,30464,1531527
5909,201501,충북,6430000,소,LBI1000080,17458,884315
5910,201501,제주,6500000,말,LBI1000007,72,5699
5920,201501,경기,6410000,돼지,LBI1000006,251910,17653702
5912,201501,대구,6270000,닭,LBI1000088,1525847,137176759
5911,201501,경남,6480000,메추리,LBI1000021,5500,123537
5914,201501,충북,6430000,오리,LBI1000016,1201697,91416793
5915,201501,충남,6440000,닭,LBI1000088,6690804,611842423
5916,201501,전북,6450000,돼지,LBI1000006,143048,10395818
5918,201501,울산,6310000,소,LBI1000080,1661,131157
5919,201501,광주,6290000,오리,LBI1000016,140883,29823156
5818,201412,전북,6450000,말,LBI1000007,2,91
4363,201412,제주,6500000,닭,LBI1000088,505933,37301628
4364,201412,경북,6470000,닭,LBI1000088,5840626,477306568
4365,201412,전남,6460000,닭,LBI1000088,1925999,267148315
4366,201412,대전,6300000,돼지,LBI1000006,25965,1354759
5817,201412,전북,6450000,소,LBI1000080,3510,302595
4367,201412,인천,6280000,닭,LBI1000088,498633,63060821
4368,201412,충북,6430000,말,LBI1000007,1,25
5833,201412,충북,6430000,오리,LBI1000016,1221614,90215096
5845,201412,충남,6440000,산양,LBI1000087,644,17844
5844,201412,대구,6270000,소,LBI1000080,945,78081
5843,201412,경남,6480000,소,LBI1000080,15584,871306
5842,201412,경기,6410000,소,LBI1000080,28308,1501063
5841,201412,충북,6430000,소,LBI1000080,15607,866857
5840,201412,제주,6500000,말,LBI1000007,86,5627
5839,201412,전남,6460000,면양,LBI1000086,1,1
5838,201412,경남,6480000,메추리,LBI1000021,4545,118037
5837,201412,대구,6270000,닭,LBI1000088,1667370,135650912
5836,201412,광주,6290000,돼지,LBI1000006,24975,1686367
5835,201412,강원,6420000,산양,LBI1000087,4,133
5834,201412,충남,6440000,사슴,LBI1000017,9,88
5832,201412,충남,6440000,닭,LBI1000088,7000310,605151619
5847,201412,강원,6420000,닭,LBI1000088,1281661,45488294
5831,201412,전북,6450000,돼지,LBI1000006,147288,10252770
5830,201412,경남,6480000,닭,LBI1000088,939674,70988060
5822,201412,충북,6430000,돼지,LBI1000006,224019,15369423
5828,201412,광주,6290000,오리,LBI1000016,99385,29682273
5827,201412,경기,6410000,돼지,LBI1000006,261433,17401792
5826,201412,경기,6410000,오리,LBI1000016,255294,22452174
5825,201412,강원,6420000,소,LBI1000080,3586,282790
5824,201412,전북,6450000,오리,LBI1000016,655118,116537195
5876,201412,인천,6280000,소,LBI1000080,1243,76776
5823,201412,울산,6310000,산양,LBI1000087,288,561
5819,201412,충북,6430000,산양,LBI1000087,1064,56715
5820,201412,경기,6410000,닭,LBI1000088,10977902,840393407
5846,201412,경남,6480000,산양,LBI1000087,355,1271
5829,201412,울산,6310000,소,LBI1000080,1706,129496
5848,201412,대전,6300000,소,LBI1000080,971,93616
5863,201412,전남,6460000,오리,LBI1000016,1287661,161751768
5875,201412,울산,6310000,돼지,LBI1000006,10276,954492
5874,201412,충남,6440000,돼지,LBI1000006,139271,10132192
5873,201412,전남,6460000,돼지,LBI1000006,103653,6607636
5849,201412,경남,6480000,오리,LBI1000016,263870,25273359
5872,201412,경북,6470000,돼지,LBI1000006,131865,8814124
5871,201412,전남,6460000,산양,LBI1000087,1420,46350
5870,201412,경남,6480000,돼지,LBI1000006,140627,11560066
5869,201412,경북,6470000,산양,LBI1000087,1040,21616
5868,201412,제주,6500000,돼지,LBI1000006,73012,5190991
5867,201412,제주,6500000,오리,LBI1000016,11961,1461990
5866,201412,인천,6280000,산양,LBI1000087,37,1998
5865,201412,인천,6280000,돼지,LBI1000006,31989,1943904
5864,201412,충남,6440000,소,LBI1000080,3591,312070
5821,201412,광주,6290000,소,LBI1000080,1773,144436
5862,201412,제주,6500000,산양,LBI1000087,31,368
5855,201412,제주,6500000,소,LBI1000080,513,30161
5861,201412,대구,6270000,돼지,LBI1000006,19504,1563544
5853,201412,경기,6410000,말,LBI1000007,9,161
5851,201412,충북,6430000,닭,LBI1000088,12348264,910288617
5850,201412,전남,6460000,소,LBI1000080,6570,509407
5854,201412,제주,6500000,꿩,LBI1000022,2410,28875
5852,201412,경기,6410000,당나귀,LBI1000023,5,138
5856,201412,경북,6470000,소,LBI1000080,10723,705442
5858,201412,충남,6440000,말,LBI1000007,1,60
5860,201412,강원,6420000,돼지,LBI1000006,54305,4218272
5859,201412,전북,6450000,닭,LBI1000088,22945592,1621392209
5857,201412,경북,6470000,말,LBI1000007,4,426
4355,201411,전북,6450000,말,LBI1000007,1,89
4349,201411,전북,6450000,오리,LBI1000016,494817,115882077
4350,201411,울산,6310000,산양,LBI1000087,108,273
4351,201411,충북,6430000,돼지,LBI1000006,206630,15145404
4352,201411,광주,6290000,소,LBI1000080,1586,142663
4353,201411,경기,6410000,닭,LBI1000088,9811287,829415505
4354,201411,충북,6430000,산양,LBI1000087,1031,55651
4357,201411,전북,6450000,산양,LBI1000087,6,452
4356,201411,전북,6450000,소,LBI1000080,2555,299085
4358,201411,인천,6280000,닭,LBI1000088,377701,62562188
4359,201411,대전,6300000,돼지,LBI1000006,21622,1328794
4347,201411,경기,6410000,오리,LBI1000016,201479,22196880
4360,201411,전남,6460000,닭,LBI1000088,1515699,265222316
4361,201411,경북,6470000,닭,LBI1000088,5283771,471465942
4362,201411,제주,6500000,닭,LBI1000088,434602,36795695
4348,201411,강원,6420000,소,LBI1000080,2701,279204
4342,201411,전북,6450000,돼지,LBI1000006,129974,10105482
4346,201411,경기,6410000,돼지,LBI1000006,242193,17140359
4345,201411,광주,6290000,오리,LBI1000016,69849,29582888
4326,201411,대전,6300000,소,LBI1000080,673,92645
4327,201411,강원,6420000,닭,LBI1000088,1099077,44206633
4328,201411,경남,6480000,산양,LBI1000087,172,916
4329,201411,충남,6440000,산양,LBI1000087,671,17200
4330,201411,대구,6270000,소,LBI1000080,789,77136
4331,201411,경남,6480000,소,LBI1000080,11752,855722
4332,201411,강원,6420000,꿩,LBI1000022,2000,19100
4333,201411,경기,6410000,소,LBI1000080,20994,1472755
4335,201411,제주,6500000,말,LBI1000007,77,5541
4336,201411,경남,6480000,메추리,LBI1000021,3603,113492
4337,201411,대구,6270000,닭,LBI1000088,1466612,133983542
4338,201411,광주,6290000,돼지,LBI1000006,22933,1661392
4339,201411,충남,6440000,사슴,LBI1000017,3,79
4340,201411,충북,6430000,오리,LBI1000016,762671,88993482
4341,201411,충남,6440000,닭,LBI1000088,5636036,598151309
4343,201411,경남,6480000,닭,LBI1000088,754169,70048386
4344,201411,울산,6310000,소,LBI1000080,1304,127790
4334,201411,충북,6430000,소,LBI1000080,13394,851250
4299,201411,울산,6310000,돼지,LBI1000006,8822,944216
4323,201411,충북,6430000,닭,LBI1000088,11089063,897940353
4309,201411,인천,6280000,돼지,LBI1000006,27752,1911915
4298,201411,인천,6280000,소,LBI1000080,750,75533
4324,201411,전남,6460000,소,LBI1000080,5523,502837
4300,201411,충남,6440000,돼지,LBI1000006,132299,9992921
4301,201411,전남,6460000,돼지,LBI1000006,92565,6503983
4302,201411,경북,6470000,돼지,LBI1000006,116553,8682259
4303,201411,전남,6460000,산양,LBI1000087,1055,44930
4322,201411,경기,6410000,당나귀,LBI1000023,7,133
4305,201411,경북,6470000,산양,LBI1000087,747,20576
4306,201411,제주,6500000,돼지,LBI1000006,62357,5117979
4307,201411,제주,6500000,오리,LBI1000016,8753,1450029
4308,201411,인천,6280000,산양,LBI1000087,20,1961
4304,201411,경남,6480000,돼지,LBI1000006,121731,11419439
4310,201411,충남,6440000,소,LBI1000080,2677,308479
4317,201411,경북,6470000,말,LBI1000007,4,422
4311,201411,전남,6460000,오리,LBI1000016,993925,160464107
4321,201411,경기,6410000,말,LBI1000007,5,152
4320,201411,전남,6460000,말,LBI1000007,1,28
4319,201411,제주,6500000,소,LBI1000080,423,29648
4318,201411,경북,6470000,소,LBI1000080,8065,694719
4325,201411,경남,6480000,오리,LBI1000016,276385,25009489
4316,201411,충남,6440000,말,LBI1000007,4,59
4314,201411,강원,6420000,돼지,LBI1000006,51237,4163967
4313,201411,대구,6270000,돼지,LBI1000006,17316,1544040
4312,201411,제주,6500000,산양,LBI1000087,15,337
4315,201411,전북,6450000,닭,LBI1000088,20143493,1598446617
4278,201410,충남,6440000,말,LBI1000007,4,55
4282,201410,제주,6500000,산양,LBI1000087,15,322
4281,201410,대구,6270000,돼지,LBI1000006,18971,1526724
4280,201410,강원,6420000,돼지,LBI1000006,56337,4112730
4279,201410,전북,6450000,닭,LBI1000088,21835247,1578303124
4275,201410,제주,6500000,소,LBI1000080,449,29225
4277,201410,경북,6470000,말,LBI1000007,7,418
4276,201410,경북,6470000,소,LBI1000080,10013,686654
4274,201410,경기,6410000,사슴,LBI1000017,8,34
4273,201410,경기,6410000,말,LBI1000007,5,147
4272,201410,경기,6410000,당나귀,LBI1000023,2,126
4271,201410,충북,6430000,닭,LBI1000088,11131593,886851290
4265,201410,충남,6440000,산양,LBI1000087,794,16529
4270,201410,전남,6460000,소,LBI1000080,6064,497314
4240,201410,경기,6410000,닭,LBI1000088,11999974,819604218
4247,201410,경기,6410000,돼지,LBI1000006,266351,16898166
4246,201410,경기,6410000,오리,LBI1000016,254946,21995401
4245,201410,강원,6420000,소,LBI1000080,2942,276503
4244,201410,전북,6450000,오리,LBI1000016,541850,115387260
4243,201410,울산,6310000,산양,LBI1000087,7,165
4242,201410,충북,6430000,돼지,LBI1000006,234312,14938774
4241,201410,광주,6290000,소,LBI1000080,1680,141077
4239,201410,충북,6430000,산양,LBI1000087,1178,54620
4249,201410,울산,6310000,소,LBI1000080,1692,126486
4238,201410,전북,6450000,말,LBI1000007,1,88
4237,201410,전북,6450000,소,LBI1000080,3020,296530
4236,201410,인천,6280000,닭,LBI1000088,462746,62184487
4235,201410,대전,6300000,돼지,LBI1000006,24588,1307172
4234,201410,전남,6460000,닭,LBI1000088,1818436,263706617
4233,201410,경북,6470000,닭,LBI1000088,5406493,466182171
4232,201410,제주,6500000,닭,LBI1000088,505598,36361093
4248,201410,광주,6290000,오리,LBI1000016,173334,29513039
4250,201410,경남,6480000,닭,LBI1000088,1022448,69294217
4268,201410,대전,6300000,소,LBI1000080,817,91972
4260,201410,경기,6410000,소,LBI1000080,24514,1451761
4267,201410,강원,6420000,닭,LBI1000088,1016456,43107556
4266,201410,경남,6480000,산양,LBI1000087,79,744
4284,201410,충남,6440000,소,LBI1000080,2959,305802
4264,201410,대구,6270000,소,LBI1000080,983,76347
4263,201410,경남,6480000,소,LBI1000080,13826,843970
4262,201410,강원,6420000,꿩,LBI1000022,6000,17100
4261,201410,제주,6500000,면양,LBI1000086,3,12
4259,201410,충북,6430000,소,LBI1000080,14727,837856
4251,201410,전북,6450000,돼지,LBI1000006,142775,9975508
4258,201410,제주,6500000,말,LBI1000007,95,5464
4257,201410,경남,6480000,메추리,LBI1000021,5351,109889
4256,201410,대구,6270000,닭,LBI1000088,1375697,132516930
4255,201410,광주,6290000,돼지,LBI1000006,23662,1638459
4254,201410,충남,6440000,사슴,LBI1000017,6,76
4253,201410,충북,6430000,오리,LBI1000016,820124,88230811
4252,201410,충남,6440000,닭,LBI1000088,6367019,592515273
4283,201410,전남,6460000,오리,LBI1000016,1468342,159470182
4269,201410,경남,6480000,오리,LBI1000016,293291,24733104
4285,201410,인천,6280000,돼지,LBI1000006,31446,1884163
4292,201410,전남,6460000,산양,LBI1000087,1598,43875
4286,201410,인천,6280000,산양,LBI1000087,47,1941
4296,201410,울산,6310000,돼지,LBI1000006,10359,935394
4295,201410,충남,6440000,돼지,LBI1000006,142660,9860622
4294,201410,전남,6460000,돼지,LBI1000006,100353,6411418
4293,201410,경북,6470000,돼지,LBI1000006,130644,8565706
4297,201410,인천,6280000,소,LBI1000080,870,74783
4291,201410,경남,6480000,돼지,LBI1000006,130644,11297708
4290,201410,경북,6470000,산양,LBI1000087,809,19829
4289,201410,강원,6420000,면양,LBI1000086,11,149
4288,201410,제주,6500000,돼지,LBI1000006,68091,5055622
4287,201410,제주,6500000,오리,LBI1000016,10221,1441276
4204,201409,경남,6480000,메추리,LBI1000021,3830,104538
4194,201409,경남,6480000,오리,LBI1000016,227165,24439813
4195,201409,대전,6300000,소,LBI1000080,786,91155
4196,201409,강원,6420000,닭,LBI1000088,1078620,42091100
4197,201409,경남,6480000,산양,LBI1000087,21,665
4198,201409,충남,6440000,산양,LBI1000087,589,15735
4199,201409,대구,6270000,소,LBI1000080,748,75364
4200,201409,경남,6480000,소,LBI1000080,11409,830144
4201,201409,경기,6410000,소,LBI1000080,20504,1427247
4202,201409,충북,6430000,소,LBI1000080,12051,823129
4203,201409,제주,6500000,말,LBI1000007,66,5369
4210,201409,충남,6440000,닭,LBI1000088,6007278,586148254
4205,201409,대구,6270000,닭,LBI1000088,1364802,131141233
4206,201409,광주,6290000,돼지,LBI1000006,19345,1614797
4207,201409,충남,6440000,사슴,LBI1000017,5,70
4208,201409,강원,6420000,산양,LBI1000087,1,129
4209,201409,충북,6430000,오리,LBI1000016,882237,87410687
4192,201409,충북,6430000,닭,LBI1000088,10658820,875719697
4211,201409,전북,6450000,돼지,LBI1000006,118458,9832733
4212,201409,경남,6480000,닭,LBI1000088,1185591,68271769
4213,201409,울산,6310000,소,LBI1000080,1593,124794
4214,201409,광주,6290000,오리,LBI1000016,183785,29339705
4215,201409,경기,6410000,돼지,LBI1000006,225498,16631815
4216,201409,경기,6410000,오리,LBI1000016,204410,21740455
4193,201409,전남,6460000,소,LBI1000080,6140,491250
4186,201409,경북,6470000,말,LBI1000007,6,411
4191,201409,경기,6410000,당나귀,LBI1000023,1,124
4177,201409,인천,6280000,산양,LBI1000087,22,1894
4167,201409,인천,6280000,소,LBI1000080,795,73913
4168,201409,울산,6310000,돼지,LBI1000006,8851,925035
4169,201409,충남,6440000,돼지,LBI1000006,116864,9717962
4170,201409,전남,6460000,돼지,LBI1000006,86510,6311065
4171,201409,경북,6470000,돼지,LBI1000006,113088,8435062
4172,201409,전남,6460000,산양,LBI1000087,1167,42277
4173,201409,경남,6480000,돼지,LBI1000006,117098,11167064
4174,201409,경북,6470000,산양,LBI1000087,408,19020
4175,201409,제주,6500000,돼지,LBI1000006,65492,4987531
4176,201409,제주,6500000,오리,LBI1000016,10776,1431055
4178,201409,인천,6280000,돼지,LBI1000006,25495,1852717
4190,201409,경기,6410000,말,LBI1000007,3,142
4179,201409,충남,6440000,소,LBI1000080,2825,302843
4180,201409,전남,6460000,오리,LBI1000016,1373992,158001840
4182,201409,대구,6270000,돼지,LBI1000006,16940,1507753
4183,201409,강원,6420000,돼지,LBI1000006,48896,4056393
4184,201409,전북,6450000,닭,LBI1000088,21551736,1556467877
4185,201409,충남,6440000,말,LBI1000007,1,51
4218,201409,전북,6450000,오리,LBI1000016,499696,114845410
4187,201409,경북,6470000,소,LBI1000080,8793,676641
4188,201409,제주,6500000,소,LBI1000080,415,28776
4189,201409,전남,6460000,말,LBI1000007,1,27
4217,201409,강원,6420000,소,LBI1000080,2819,273561
4181,201409,제주,6500000,산양,LBI1000087,24,307
4219,201409,울산,6310000,산양,LBI1000087,2,158
4226,201409,전북,6450000,산양,LBI1000087,2,446
4220,201409,충북,6430000,돼지,LBI1000006,200338,14704462
4230,201409,경북,6470000,닭,LBI1000088,4981682,460775678
4229,201409,전남,6460000,닭,LBI1000088,2602376,261888181
4228,201409,대전,6300000,돼지,LBI1000006,21961,1282584
4227,201409,인천,6280000,닭,LBI1000088,424854,61721741
4231,201409,제주,6500000,닭,LBI1000088,604255,35855495
4225,201409,전북,6450000,소,LBI1000080,3089,293510
4224,201409,전북,6450000,말,LBI1000007,2,87
4223,201409,충북,6430000,산양,LBI1000087,1119,53442
4222,201409,경기,6410000,닭,LBI1000088,11782832,807604244
4221,201409,광주,6290000,소,LBI1000080,1733,139397
4140,201408,경남,6480000,오리,LBI1000016,235414,24212648
4130,201408,경남,6480000,메추리,LBI1000021,10050,100708
4131,201408,제주,6500000,말,LBI1000007,71,5303
4132,201408,충북,6430000,소,LBI1000080,19875,811078
4133,201408,경기,6410000,소,LBI1000080,31068,1406743
4134,201408,경남,6480000,소,LBI1000080,18049,818735
4135,201408,대구,6270000,소,LBI1000080,1860,74616
4136,201408,충남,6440000,산양,LBI1000087,928,15146
4137,201408,경남,6480000,산양,LBI1000087,9,644
4138,201408,강원,6420000,닭,LBI1000088,1034984,41012480
4139,201408,대전,6300000,소,LBI1000080,1748,90369
4147,201408,경북,6470000,말,LBI1000007,5,405
4141,201408,전남,6460000,소,LBI1000080,9772,485110
4142,201408,충북,6430000,닭,LBI1000088,11694935,865060877
4143,201408,경기,6410000,당나귀,LBI1000023,3,123
4144,201408,경기,6410000,말,LBI1000007,1,139
4145,201408,제주,6500000,소,LBI1000080,749,28361
4146,201408,경북,6470000,소,LBI1000080,15892,667848
4128,201408,광주,6290000,돼지,LBI1000006,22318,1595452
4149,201408,전북,6450000,닭,LBI1000088,26926281,1534916141
4150,201408,강원,6420000,돼지,LBI1000006,49156,4007497
4151,201408,대구,6270000,돼지,LBI1000006,19254,1490813
4152,201408,제주,6500000,산양,LBI1000087,29,283
4129,201408,대구,6270000,닭,LBI1000088,1770791,129776431
4122,201408,울산,6310000,소,LBI1000080,2316,123201
4127,201408,충남,6440000,사슴,LBI1000017,3,65
4114,201408,충북,6430000,돼지,LBI1000006,207503,14504124
4104,201408,제주,6500000,닭,LBI1000088,500087,35251240
4105,201408,경북,6470000,닭,LBI1000088,6340846,455793996
4106,201408,전남,6460000,닭,LBI1000088,3868575,259285805
4107,201408,대전,6300000,돼지,LBI1000006,23480,1260623
4108,201408,인천,6280000,닭,LBI1000088,907650,61296887
4109,201408,충북,6430000,말,LBI1000007,1,24
4110,201408,전북,6450000,소,LBI1000080,5885,290421
4111,201408,충북,6430000,산양,LBI1000087,1928,52323
4112,201408,경기,6410000,닭,LBI1000088,12618386,795821412
4113,201408,광주,6290000,소,LBI1000080,2050,137664
4115,201408,울산,6310000,산양,LBI1000087,6,156
4126,201408,충북,6430000,오리,LBI1000016,987545,86528450
4116,201408,전북,6450000,오리,LBI1000016,509625,114345714
4117,201408,강원,6420000,소,LBI1000080,6542,270742
4118,201408,충북,6430000,당나귀,LBI1000023,2,6
4119,201408,경기,6410000,오리,LBI1000016,229059,21536045
4120,201408,경기,6410000,돼지,LBI1000006,219861,16406317
4121,201408,광주,6290000,오리,LBI1000016,269440,29155920
4154,201408,충남,6440000,소,LBI1000080,5921,300018
4123,201408,경남,6480000,닭,LBI1000088,1275975,67086178
4124,201408,전북,6450000,돼지,LBI1000006,123956,9714275
4125,201408,충남,6440000,닭,LBI1000088,6538317,580140976
4153,201408,전남,6460000,오리,LBI1000016,1361399,156627848
4148,201408,충남,6440000,말,LBI1000007,1,50
4155,201408,인천,6280000,돼지,LBI1000006,25431,1827222
4162,201408,경북,6470000,돼지,LBI1000006,118634,8321974
4156,201408,인천,6280000,산양,LBI1000087,14,1872
4166,201408,인천,6280000,소,LBI1000080,1640,73118
4165,201408,울산,6310000,돼지,LBI1000006,8617,916184
4163,201408,전남,6460000,돼지,LBI1000006,90654,6224555
4164,201408,충남,6440000,돼지,LBI1000006,122110,9601098
4161,201408,전남,6460000,산양,LBI1000087,1635,41110
4160,201408,경남,6480000,돼지,LBI1000006,114275,11049966
4159,201408,경북,6470000,산양,LBI1000087,676,18612
4158,201408,제주,6500000,돼지,LBI1000006,73637,4922039
4157,201408,제주,6500000,오리,LBI1000016,8773,1420279
4103,201407,제주,6500000,닭,LBI1000088,663156,34751153
4098,201407,전북,6450000,소,LBI1000080,3330,284536
4099,201407,인천,6280000,닭,LBI1000088,1568040,60389237
4100,201407,대전,6300000,돼지,LBI1000006,23571,1237143
4101,201407,전남,6460000,닭,LBI1000088,7084524,255417230
4102,201407,경북,6470000,닭,LBI1000088,9225110,449453150
5087,201407,대구,6270000,소,LBI1000080,793,72756
5091,201407,제주,6500000,말,LBI1000007,65,5232
5090,201407,충북,6430000,소,LBI1000080,15414,791203
5089,201407,경기,6410000,소,LBI1000080,23454,1375675
5088,201407,경남,6480000,소,LBI1000080,14146,800686
4096,201407,전북,6450000,말,LBI1000007,1,85
5086,201407,충남,6440000,산양,LBI1000087,1409,14218
4097,201407,충북,6430000,산양,LBI1000087,2479,50395
4090,201407,강원,6420000,소,LBI1000080,3447,264200
4095,201407,경기,6410000,닭,LBI1000088,14367990,783203026
4094,201407,광주,6290000,소,LBI1000080,1751,135614
4093,201407,충북,6430000,돼지,LBI1000006,204060,14296621
4092,201407,울산,6310000,산양,LBI1000087,17,150
4091,201407,전북,6450000,오리,LBI1000016,683571,113836089
5085,201407,경남,6480000,산양,LBI1000087,15,635
4089,201407,경기,6410000,오리,LBI1000016,251836,21306986
4088,201407,경기,6410000,돼지,LBI1000006,217470,16186456
4087,201407,광주,6290000,오리,LBI1000016,220479,28886480
4086,201407,울산,6310000,소,LBI1000080,1515,120885
4085,201407,경남,6480000,닭,LBI1000088,1659745,65810203
4084,201407,전북,6450000,돼지,LBI1000006,123790,9590319
4083,201407,충남,6440000,닭,LBI1000088,7218628,573602659
4082,201407,충북,6430000,오리,LBI1000016,772943,85540905
4081,201407,충남,6440000,사슴,LBI1000017,2,62
5092,201407,경남,6480000,메추리,LBI1000021,5547,90658
5079,201407,경기,6410000,당나귀,LBI1000023,5,120
5084,201407,강원,6420000,닭,LBI1000088,960496,39977496
5083,201407,대전,6300000,소,LBI1000080,895,88621
5054,201407,인천,6280000,소,LBI1000080,824,71478
4079,201407,대구,6270000,닭,LBI1000088,2086493,128005640
5055,201407,울산,6310000,돼지,LBI1000006,10516,907567
5056,201407,충남,6440000,돼지,LBI1000006,112810,9478988
5057,201407,전남,6460000,돼지,LBI1000006,85652,6133901
5058,201407,경북,6470000,돼지,LBI1000006,112438,8203340
5059,201407,전남,6460000,산양,LBI1000087,2564,39475
5060,201407,경남,6480000,돼지,LBI1000006,116588,10935691
5061,201407,경북,6470000,산양,LBI1000087,740,17936
5062,201407,강원,6420000,면양,LBI1000086,2,138
5063,201407,제주,6500000,돼지,LBI1000006,67492,4848402
5064,201407,제주,6500000,오리,LBI1000016,6298,1411506
5065,201407,인천,6280000,산양,LBI1000087,21,1858
5066,201407,인천,6280000,돼지,LBI1000006,23271,1801791
5067,201407,충남,6440000,소,LBI1000080,3139,294097
5068,201407,전남,6460000,오리,LBI1000016,1196051,155266449
5069,201407,제주,6500000,산양,LBI1000087,25,254
5070,201407,대구,6270000,돼지,LBI1000006,18045,1471559
5071,201407,강원,6420000,돼지,LBI1000006,49503,3958341
5072,201407,전북,6450000,닭,LBI1000088,35390391,1507989860
5073,201407,충남,6440000,말,LBI1000007,1,49
5074,201407,경북,6470000,말,LBI1000007,3,400
5075,201407,경북,6470000,소,LBI1000080,9656,651956
5076,201407,제주,6500000,소,LBI1000080,471,27612
5077,201407,경기,6410000,사슴,LBI1000017,2,26
5078,201407,경기,6410000,말,LBI1000007,2,138
5080,201407,충북,6430000,닭,LBI1000088,14741751,853365942
5081,201407,전남,6460000,소,LBI1000080,6284,475338
5082,201407,경남,6480000,오리,LBI1000016,243089,23977234
4080,201407,광주,6290000,돼지,LBI1000006,23169,1573134
5046,201406,경북,6470000,산양,LBI1000087,654,17196
4990,201406,경북,6470000,닭,LBI1000088,6748258,440228040
5021,201406,대구,6270000,소,LBI1000080,824,71963
5019,201406,제주,6500000,면양,LBI1000086,2,9
5018,201406,경기,6410000,소,LBI1000080,19073,1352221
5017,201406,충북,6430000,소,LBI1000080,12579,775789
5016,201406,제주,6500000,말,LBI1000007,67,5167
5015,201406,경남,6480000,메추리,LBI1000021,7063,85111
5014,201406,대구,6270000,닭,LBI1000088,1607231,125919147
5013,201406,광주,6290000,돼지,LBI1000006,22322,1549965
5012,201406,충남,6440000,사슴,LBI1000017,16,60
5011,201406,충북,6430000,오리,LBI1000016,489129,84767962
5010,201406,충남,6440000,닭,LBI1000088,6605353,566384031
5009,201406,전북,6450000,돼지,LBI1000006,106717,9466529
5008,201406,경남,6480000,닭,LBI1000088,1203110,64150458
5006,201406,광주,6290000,오리,LBI1000016,145365,28666001
5005,201406,경기,6410000,돼지,LBI1000006,202307,15968986
5004,201406,경기,6410000,오리,LBI1000016,163739,21055150
5003,201406,강원,6420000,소,LBI1000080,2483,260753
5002,201406,전북,6450000,오리,LBI1000016,424111,113152518
5001,201406,울산,6310000,산양,LBI1000087,21,133
5000,201406,충북,6430000,돼지,LBI1000006,189194,14092561
4999,201406,전북,6450000,산양,LBI1000087,4,444
4998,201406,광주,6290000,소,LBI1000080,1586,133863
4997,201406,경기,6410000,닭,LBI1000088,12065875,768835036
4996,201406,전북,6450000,말,LBI1000007,2,84
4995,201406,충북,6430000,산양,LBI1000087,2164,47916
4994,201406,전북,6450000,소,LBI1000080,2857,281206
4993,201406,인천,6280000,닭,LBI1000088,877295,58821197
4989,201406,제주,6500000,닭,LBI1000088,553199,34087997
4991,201406,전남,6460000,닭,LBI1000088,5084544,248332706
4992,201406,대전,6300000,돼지,LBI1000006,21289,1213572
5020,201406,경남,6480000,소,LBI1000080,11534,786540
5007,201406,울산,6310000,소,LBI1000080,1525,119370
5022,201406,충남,6440000,산양,LBI1000087,1041,12809
5038,201406,제주,6500000,산양,LBI1000087,22,229
5053,201406,인천,6280000,소,LBI1000080,629,70654
5023,201406,경남,6480000,산양,LBI1000087,14,620
5051,201406,충남,6440000,돼지,LBI1000006,108647,9366178
5050,201406,전남,6460000,돼지,LBI1000006,80788,6048249
5049,201406,경북,6470000,돼지,LBI1000006,103610,8090902
5048,201406,전남,6460000,산양,LBI1000087,2081,36911
5047,201406,경남,6480000,돼지,LBI1000006,103588,10819103
5045,201406,충남,6440000,면양,LBI1000086,5,86
5044,201406,제주,6500000,돼지,LBI1000006,62649,4780910
5043,201406,제주,6500000,오리,LBI1000016,5339,1405208
5042,201406,인천,6280000,산양,LBI1000087,53,1837
5041,201406,인천,6280000,돼지,LBI1000006,22088,1778520
5040,201406,충남,6440000,소,LBI1000080,2718,290958
5039,201406,전남,6460000,오리,LBI1000016,879814,154070398
5052,201406,울산,6310000,돼지,LBI1000006,10302,897051
5037,201406,대구,6270000,돼지,LBI1000006,15064,1453514
5030,201406,경기,6410000,말,LBI1000007,5,136
5036,201406,강원,6420000,돼지,LBI1000006,47051,3908838
5025,201406,대전,6300000,소,LBI1000080,827,87726
5026,201406,경남,6480000,오리,LBI1000016,133884,23734145
5027,201406,전남,6460000,소,LBI1000080,5868,469054
5028,201406,충북,6430000,닭,LBI1000088,10759587,838624191
5029,201406,경기,6410000,당나귀,LBI1000023,3,115
5024,201406,강원,6420000,닭,LBI1000088,893003,39017000
5031,201406,제주,6500000,소,LBI1000080,408,27141
5033,201406,경북,6470000,말,LBI1000007,7,397
5034,201406,충남,6440000,말,LBI1000007,3,48
5035,201406,전북,6450000,닭,LBI1000088,28095982,1472599469
5032,201406,경북,6470000,소,LBI1000080,8090,642300
4946,201405,경북,6470000,말,LBI1000007,5,390
4942,201405,대구,6270000,돼지,LBI1000006,15876,1438450
4943,201405,강원,6420000,돼지,LBI1000006,50253,3861787
4944,201405,전북,6450000,닭,LBI1000088,26669787,1444503487
4945,201405,충남,6440000,말,LBI1000007,1,45
4954,201405,강원,6420000,닭,LBI1000088,1022852,38123997
4949,201405,경기,6410000,당나귀,LBI1000023,2,112
4947,201405,경북,6470000,소,LBI1000080,8565,634210
4948,201405,제주,6500000,소,LBI1000080,400,26733
4950,201405,충북,6430000,닭,LBI1000088,11443659,827864604
4951,201405,전남,6460000,소,LBI1000080,6360,463186
4952,201405,경남,6480000,오리,LBI1000016,138923,23600261
4941,201405,제주,6500000,산양,LBI1000087,24,207
4953,201405,대전,6300000,소,LBI1000080,967,86899
4935,201405,제주,6500000,돼지,LBI1000006,62926,4718261
4940,201405,전남,6460000,오리,LBI1000016,678816,153190584
4939,201405,충남,6440000,소,LBI1000080,2778,288240
4938,201405,인천,6280000,돼지,LBI1000006,24595,1756432
4937,201405,인천,6280000,산양,LBI1000087,17,1784
4936,201405,제주,6500000,오리,LBI1000016,4951,1399869
4934,201405,경북,6470000,산양,LBI1000087,965,16542
4933,201405,경남,6480000,돼지,LBI1000006,118228,10715515
4932,201405,전남,6460000,산양,LBI1000087,1995,34830
4931,201405,경북,6470000,돼지,LBI1000006,113000,7987292
4930,201405,전남,6460000,돼지,LBI1000006,86959,5967461
4929,201405,충남,6440000,돼지,LBI1000006,125969,9257531
4928,201405,울산,6310000,돼지,LBI1000006,11687,886749
4927,201405,인천,6280000,소,LBI1000080,769,70025
4956,201405,충남,6440000,산양,LBI1000087,1234,11768
4955,201405,경남,6480000,산양,LBI1000087,16,606
4972,201405,광주,6290000,오리,LBI1000016,96426,28520636
4957,201405,대구,6270000,소,LBI1000080,761,71139
4974,201405,경기,6410000,오리,LBI1000016,152971,20891411
4988,201405,제주,6500000,닭,LBI1000088,272470,33534798
4958,201405,경남,6480000,소,LBI1000080,11762,775006
4987,201405,경북,6470000,닭,LBI1000088,6866675,433479782
4986,201405,전남,6460000,닭,LBI1000088,3920179,243248162
4985,201405,대전,6300000,돼지,LBI1000006,24803,1192283
4984,201405,인천,6280000,닭,LBI1000088,653998,57943902
4983,201405,전북,6450000,소,LBI1000080,3039,278349
4982,201405,충북,6430000,산양,LBI1000087,2299,45752
4980,201405,경기,6410000,닭,LBI1000088,13067541,756769161
4979,201405,광주,6290000,소,LBI1000080,1765,132277
4978,201405,충북,6430000,돼지,LBI1000006,209948,13903367
4977,201405,울산,6310000,산양,LBI1000087,15,112
4976,201405,전북,6450000,오리,LBI1000016,285534,112728407
4975,201405,강원,6420000,소,LBI1000080,2742,258270
4981,201405,전북,6450000,말,LBI1000007,2,82
4973,201405,경기,6410000,돼지,LBI1000006,233264,15766679
4965,201405,충남,6440000,사슴,LBI1000017,5,44
4959,201405,경기,6410000,소,LBI1000080,20735,1333148
4971,201405,울산,6310000,소,LBI1000080,1519,117845
4961,201405,제주,6500000,말,LBI1000007,62,5100
4962,201405,경남,6480000,메추리,LBI1000021,7416,78048
4963,201405,대구,6270000,닭,LBI1000088,1752422,124311916
4964,201405,광주,6290000,돼지,LBI1000006,23662,1527643
4960,201405,충북,6430000,소,LBI1000080,13314,763210
4966,201405,강원,6420000,산양,LBI1000087,2,128
4967,201405,충북,6430000,오리,LBI1000016,240943,84278833
4968,201405,충남,6440000,닭,LBI1000088,5715750,559778678
4969,201405,전북,6450000,돼지,LBI1000006,114757,9359812
4970,201405,경남,6480000,닭,LBI1000088,1157436,62947348
4902,201404,충북,6430000,닭,LBI1000088,10005058,816420945
4908,201404,전북,6450000,닭,LBI1000088,21717559,1417833700
4907,201404,경북,6470000,말,LBI1000007,4,385
4906,201404,경북,6470000,소,LBI1000080,10556,625645
4905,201404,제주,6500000,소,LBI1000080,483,26333
4904,201404,경기,6410000,말,LBI1000007,1,131
4903,201404,경기,6410000,당나귀,LBI1000023,2,110
4900,201404,경남,6480000,오리,LBI1000016,178628,23461338
4901,201404,전남,6460000,소,LBI1000080,7192,456826
4910,201404,대구,6270000,돼지,LBI1000006,23713,1422574
4899,201404,대전,6300000,소,LBI1000080,1145,85932
4898,201404,강원,6420000,닭,LBI1000088,877989,37101145
4897,201404,경남,6480000,산양,LBI1000087,44,590
4896,201404,충남,6440000,산양,LBI1000087,1036,10534
4909,201404,강원,6420000,돼지,LBI1000006,53142,3811534
4925,201404,울산,6310000,돼지,LBI1000006,13119,875062
4911,201404,제주,6500000,산양,LBI1000087,23,183
4912,201404,전남,6460000,오리,LBI1000016,463223,152511768
4913,201404,충남,6440000,소,LBI1000080,3394,285462
4914,201404,인천,6280000,돼지,LBI1000006,27722,1731837
4915,201404,인천,6280000,산양,LBI1000087,93,1767
4916,201404,제주,6500000,오리,LBI1000016,5258,1394918
4917,201404,제주,6500000,돼지,LBI1000006,72967,4655335
4918,201404,강원,6420000,면양,LBI1000086,1,136
4919,201404,경북,6470000,산양,LBI1000087,1248,15577
4920,201404,경남,6480000,돼지,LBI1000006,128721,10597287
4921,201404,전남,6460000,산양,LBI1000087,2094,32835
4922,201404,경북,6470000,돼지,LBI1000006,117763,7874292
4923,201404,전남,6460000,돼지,LBI1000006,94965,5880502
4924,201404,충남,6440000,돼지,LBI1000006,141161,9131562
4926,201404,인천,6280000,소,LBI1000080,865,69256
4895,201404,대구,6270000,소,LBI1000080,897,70378
4894,201404,경남,6480000,소,LBI1000080,13788,763244
4893,201404,경기,6410000,소,LBI1000080,24723,1312413
4877,201404,전북,6450000,오리,LBI1000016,511718,112442873
4892,201404,충북,6430000,소,LBI1000080,15851,749896
4864,201404,제주,6500000,닭,LBI1000088,107824,33262328
4865,201404,경북,6470000,닭,LBI1000088,5146611,426613107
4866,201404,전남,6460000,닭,LBI1000088,2919229,239327983
4867,201404,대전,6300000,돼지,LBI1000006,26079,1167480
4868,201404,인천,6280000,닭,LBI1000088,548229,57289904
4869,201404,전북,6450000,소,LBI1000080,3736,275310
4870,201404,충북,6430000,산양,LBI1000087,2550,43453
4872,201404,경기,6410000,닭,LBI1000088,12050033,743701620
4873,201404,광주,6290000,소,LBI1000080,1755,130512
4874,201404,충북,6430000,돼지,LBI1000006,229339,13693419
4875,201404,울산,6310000,산양,LBI1000087,6,97
4876,201404,충북,6430000,당나귀,LBI1000023,1,4
4871,201404,전북,6450000,말,LBI1000007,1,80
4878,201404,강원,6420000,소,LBI1000080,3026,255528
4885,201404,충남,6440000,닭,LBI1000088,5832362,554062928
4879,201404,경기,6410000,오리,LBI1000016,237185,20738440
4890,201404,경남,6480000,메추리,LBI1000021,11521,70632
4889,201404,대구,6270000,닭,LBI1000088,1135381,122559494
4888,201404,광주,6290000,돼지,LBI1000006,23918,1503981
4886,201404,충북,6430000,오리,LBI1000016,137257,84037890
4887,201404,충남,6440000,사슴,LBI1000017,3,39
4884,201404,전북,6450000,돼지,LBI1000006,133802,9245055
4891,201404,제주,6500000,말,LBI1000007,95,5038
4883,201404,경남,6480000,닭,LBI1000088,991451,61789912
4882,201404,울산,6310000,소,LBI1000080,1596,116326
4881,201404,광주,6290000,오리,LBI1000016,147019,28424210
4880,201404,경기,6410000,돼지,LBI1000006,254973,15533415
4820,201403,경기,6410000,당나귀,LBI1000023,2,108
4815,201403,전북,6450000,닭,LBI1000088,19839697,1396116141
4816,201403,경북,6470000,말,LBI1000007,4,381
4817,201403,경북,6470000,소,LBI1000080,8799,615089
4818,201403,제주,6500000,소,LBI1000080,390,25850
4819,201403,경기,6410000,사슴,LBI1000017,1,24
4827,201403,강원,6420000,닭,LBI1000088,922099,36223156
4821,201403,충북,6430000,닭,LBI1000088,10856901,806415887
4822,201403,전남,6460000,소,LBI1000080,6486,449634
4823,201403,경남,6480000,오리,LBI1000016,171949,23282710
4824,201403,충남,6440000,오리,LBI1000016,71389,4205546
4825,201403,전남,6460000,사슴,LBI1000017,4,36
4826,201403,대전,6300000,소,LBI1000080,913,84787
4813,201403,강원,6420000,돼지,LBI1000006,51779,3758392
4814,201403,충남,6440000,말,LBI1000007,2,44
4798,201403,울산,6310000,돼지,LBI1000006,12993,861943
4812,201403,대구,6270000,돼지,LBI1000006,22112,1398861
4803,201403,경남,6480000,돼지,LBI1000006,125060,10468566
4797,201403,인천,6280000,소,LBI1000080,803,68391
4829,201403,충남,6440000,산양,LBI1000087,1379,9498
4799,201403,충남,6440000,돼지,LBI1000006,129510,8990401
4800,201403,전남,6460000,돼지,LBI1000006,91406,5785537
4801,201403,경북,6470000,돼지,LBI1000006,114087,7756529
4802,201403,전남,6460000,산양,LBI1000087,2736,30741
4804,201403,경북,6470000,산양,LBI1000087,1347,14329
4811,201403,제주,6500000,산양,LBI1000087,23,160
4805,201403,제주,6500000,돼지,LBI1000006,68506,4582368
4806,201403,제주,6500000,오리,LBI1000016,5235,1389660
4807,201403,인천,6280000,산양,LBI1000087,70,1674
4808,201403,인천,6280000,돼지,LBI1000006,27271,1704115
4809,201403,충남,6440000,소,LBI1000080,2979,282068
4810,201403,전남,6460000,오리,LBI1000016,1147323,152048545
4828,201403,경남,6480000,산양,LBI1000087,57,546
4844,201403,광주,6290000,오리,LBI1000016,129191,28277191
4830,201403,대구,6270000,소,LBI1000080,634,69481
4848,201403,전북,6450000,오리,LBI1000016,521427,111931155
4862,201403,경북,6470000,닭,LBI1000088,5261478,421466496
4861,201403,전남,6460000,닭,LBI1000088,2052745,236408754
4860,201403,대전,6300000,돼지,LBI1000006,23492,1141401
4859,201403,인천,6280000,닭,LBI1000088,436863,56741675
4858,201403,전북,6450000,산양,LBI1000087,1,440
4857,201403,전북,6450000,소,LBI1000080,2946,271574
4856,201403,충북,6430000,산양,LBI1000087,2824,40903
4855,201403,전북,6450000,말,LBI1000007,3,79
4854,201403,경기,6410000,닭,LBI1000088,11696463,731651587
4853,201403,광주,6290000,소,LBI1000080,1750,128757
4852,201403,충북,6430000,돼지,LBI1000006,219841,13464080
4851,201403,경남,6480000,타조,LBI1000024,2,56
4850,201403,울산,6310000,산양,LBI1000087,9,91
4849,201403,충북,6430000,당나귀,LBI1000023,1,3
4847,201403,강원,6420000,소,LBI1000080,2756,252502
4831,201403,경남,6480000,소,LBI1000080,12651,749456
4846,201403,경기,6410000,오리,LBI1000016,231586,20501255
4845,201403,경기,6410000,돼지,LBI1000006,246135,15278442
4843,201403,울산,6310000,소,LBI1000080,1406,114730
4842,201403,경남,6480000,닭,LBI1000088,1033258,60798461
4841,201403,전북,6450000,돼지,LBI1000006,132695,9111253
4840,201403,충남,6440000,닭,LBI1000088,4638668,548230566
4839,201403,충북,6430000,오리,LBI1000016,65303,83900633
4838,201403,강원,6420000,산양,LBI1000087,2,126
4837,201403,광주,6290000,돼지,LBI1000006,21059,1480063
4836,201403,대구,6270000,닭,LBI1000088,1486726,121424113
4835,201403,경남,6480000,메추리,LBI1000021,11289,59111
4834,201403,제주,6500000,말,LBI1000007,83,4943
4833,201403,충북,6430000,소,LBI1000080,14771,734045
4832,201403,경기,6410000,소,LBI1000080,21724,1287690
4863,201403,제주,6500000,닭,LBI1000088,462847,33154504
4763,201402,경남,6480000,소,LBI1000080,10652,736805
4762,201402,경기,6410000,소,LBI1000080,18153,1265966
4747,201402,강원,6420000,소,LBI1000080,1583,249746
4734,201402,제주,6500000,닭,LBI1000088,622033,32691657
4735,201402,경북,6470000,닭,LBI1000088,5033274,416205018
4736,201402,전남,6460000,닭,LBI1000088,2865547,234356009
4737,201402,대전,6300000,돼지,LBI1000006,23660,1117909
4738,201402,인천,6280000,닭,LBI1000088,443169,56304812
4739,201402,전북,6450000,소,LBI1000080,2081,268628
4740,201402,충북,6430000,산양,LBI1000087,1536,38079
4741,201402,전북,6450000,말,LBI1000007,1,76
4742,201402,경기,6410000,닭,LBI1000088,12291429,719955124
4743,201402,광주,6290000,소,LBI1000080,1471,127007
4744,201402,충북,6430000,돼지,LBI1000006,229323,13244239
4745,201402,울산,6310000,산양,LBI1000087,10,82
4746,201402,전북,6450000,오리,LBI1000016,654462,111409728
4748,201402,경기,6410000,오리,LBI1000016,207651,20269669
4796,201402,인천,6280000,소,LBI1000080,600,67588
4749,201402,경기,6410000,돼지,LBI1000006,250543,15032307
4750,201402,광주,6290000,오리,LBI1000016,105792,28148000
4751,201402,울산,6310000,소,LBI1000080,1000,113324
4752,201402,경남,6480000,닭,LBI1000088,1076890,59765203
4753,201402,전북,6450000,돼지,LBI1000006,130474,8978558
4754,201402,충남,6440000,닭,LBI1000088,6485471,543591898
4755,201402,충북,6430000,오리,LBI1000016,295348,83835330
4756,201402,강원,6420000,산양,LBI1000087,5,124
4757,201402,광주,6290000,돼지,LBI1000006,21410,1459004
4758,201402,대구,6270000,닭,LBI1000088,1756938,119937387
4759,201402,경남,6480000,메추리,LBI1000021,9262,47822
4760,201402,제주,6500000,말,LBI1000007,62,4860
4761,201402,충북,6430000,소,LBI1000080,12112,719274
4764,201402,대구,6270000,소,LBI1000080,518,68847
4765,201402,충남,6440000,산양,LBI1000087,770,8119
4766,201402,경남,6480000,산양,LBI1000087,33,489
4767,201402,강원,6420000,닭,LBI1000088,966566,35301057
4794,201402,충남,6440000,돼지,LBI1000006,141417,8860891
4793,201402,전남,6460000,돼지,LBI1000006,89800,5694131
4792,201402,경북,6470000,돼지,LBI1000006,122059,7642442
4791,201402,전남,6460000,산양,LBI1000087,1497,28005
4790,201402,경남,6480000,돼지,LBI1000006,128037,10343506
4789,201402,경북,6470000,산양,LBI1000087,674,12982
4788,201402,제주,6500000,돼지,LBI1000006,65795,4513862
4787,201402,제주,6500000,오리,LBI1000016,14016,1384425
4786,201402,인천,6280000,산양,LBI1000087,27,1604
4785,201402,인천,6280000,돼지,LBI1000006,26311,1676844
4784,201402,충남,6440000,소,LBI1000080,1731,279089
4783,201402,전남,6460000,오리,LBI1000016,1400907,150901222
4782,201402,제주,6500000,산양,LBI1000087,19,137
4781,201402,경남,6480000,말,LBI1000007,1,3
4780,201402,대구,6270000,돼지,LBI1000006,16361,1376749
4779,201402,강원,6420000,돼지,LBI1000006,49628,3706613
4778,201402,충남,6440000,말,LBI1000007,2,42
4777,201402,전북,6450000,닭,LBI1000088,18938258,1376276444
4776,201402,경북,6470000,말,LBI1000007,7,377
4775,201402,경북,6470000,소,LBI1000080,6321,606290
4774,201402,제주,6500000,소,LBI1000080,243,25460
4773,201402,경기,6410000,말,LBI1000007,2,130
4772,201402,충북,6430000,닭,LBI1000088,8828941,795558986
4771,201402,전남,6460000,소,LBI1000080,4401,443148
4770,201402,경남,6480000,오리,LBI1000016,325575,23110761
4769,201402,충남,6440000,오리,LBI1000016,80014,4134157
4768,201402,대전,6300000,소,LBI1000080,652,83874
4795,201402,울산,6310000,돼지,LBI1000006,11810,848950
4698,201401,경남,6480000,오리,LBI1000016,266358,22785186
4716,201401,경남,6480000,닭,LBI1000088,1280013,58688313
4733,201401,제주,6500000,닭,LBI1000088,638271,32069624
4684,201401,전남,6460000,오리,LBI1000016,1334581,149500315
4683,201401,충남,6440000,소,LBI1000080,7128,277358
4682,201401,인천,6280000,돼지,LBI1000006,29233,1650533
4681,201401,제주,6500000,오리,LBI1000016,14875,1370409
4680,201401,제주,6500000,돼지,LBI1000006,76235,4448067
4679,201401,경북,6470000,산양,LBI1000087,643,12308
4677,201401,전남,6460000,산양,LBI1000087,1290,26508
4676,201401,경북,6470000,돼지,LBI1000006,129886,7520383
4675,201401,전남,6460000,돼지,LBI1000006,98303,5604331
4674,201401,충남,6440000,돼지,LBI1000006,145489,8719474
4673,201401,울산,6310000,돼지,LBI1000006,10552,837140
4672,201401,인천,6280000,소,LBI1000080,1978,66988
4717,201401,울산,6310000,소,LBI1000080,3076,112324
4732,201401,경북,6470000,닭,LBI1000088,4733870,411171744
4686,201401,대구,6270000,돼지,LBI1000006,18725,1360388
4731,201401,전남,6460000,닭,LBI1000088,2080139,231490462
4730,201401,대전,6300000,돼지,LBI1000006,24432,1094249
4729,201401,인천,6280000,닭,LBI1000088,476079,55861643
4728,201401,전북,6450000,소,LBI1000080,7859,266547
4727,201401,충북,6430000,산양,LBI1000087,1109,36543
4726,201401,경기,6410000,닭,LBI1000088,11213809,707663695
4725,201401,광주,6290000,소,LBI1000080,2404,125536
4724,201401,전북,6450000,산양,LBI1000087,7,439
4723,201401,충북,6430000,돼지,LBI1000006,235049,13014916
4722,201401,전북,6450000,오리,LBI1000016,537950,110755266
4721,201401,강원,6420000,소,LBI1000080,6401,248163
4720,201401,경기,6410000,오리,LBI1000016,195440,20062018
4719,201401,경기,6410000,돼지,LBI1000006,257093,14781764
4685,201401,제주,6500000,산양,LBI1000087,9,118
4678,201401,경남,6480000,돼지,LBI1000006,141363,10215469
4687,201401,강원,6420000,돼지,LBI1000006,50589,3656985
4715,201401,전북,6450000,돼지,LBI1000006,138330,8848084
4702,201401,경남,6480000,산양,LBI1000087,50,456
4701,201401,강원,6420000,닭,LBI1000088,1032905,34334491
4705,201401,경남,6480000,소,LBI1000080,17778,726153
4706,201401,경기,6410000,소,LBI1000080,31378,1247813
4707,201401,충북,6430000,소,LBI1000080,20192,707162
4708,201401,제주,6500000,말,LBI1000007,58,4798
4688,201401,충남,6440000,말,LBI1000007,2,40
4709,201401,경남,6480000,메추리,LBI1000021,8023,38560
4710,201401,대구,6270000,닭,LBI1000088,1564007,118180449
4711,201401,광주,6290000,돼지,LBI1000006,22458,1437594
4712,201401,충남,6440000,사슴,LBI1000017,3,36
4713,201401,충북,6430000,오리,LBI1000016,927181,83539982
4714,201401,충남,6440000,닭,LBI1000088,6117682,537106427
4703,201401,충남,6440000,산양,LBI1000087,463,7349
4704,201401,대구,6270000,소,LBI1000080,1920,68329
4700,201401,대전,6300000,소,LBI1000080,2306,83222
4699,201401,충남,6440000,오리,LBI1000016,87015,4054143
4718,201401,광주,6290000,오리,LBI1000016,133468,28042208
4697,201401,전남,6460000,소,LBI1000080,11651,438747
4696,201401,충북,6430000,닭,LBI1000088,10837214,786730045
4695,201401,경기,6410000,당나귀,LBI1000023,6,106
4694,201401,경기,6410000,말,LBI1000007,6,128
4693,201401,전남,6460000,말,LBI1000007,1,26
4692,201401,제주,6500000,소,LBI1000080,725,25217
4691,201401,경북,6470000,소,LBI1000080,15474,599969
4690,201401,경북,6470000,말,LBI1000007,5,370
4689,201401,전북,6450000,닭,LBI1000088,19183323,1357338186
4619,201312,강원,6420000,소,LBI1000080,4626,241762
4620,201312,경기,6410000,오리,LBI1000016,290855,19866578
4625,201312,전북,6450000,돼지,LBI1000006,141318,8709754
4621,201312,경기,6410000,돼지,LBI1000006,263183,14524671
4622,201312,광주,6290000,오리,LBI1000016,105879,27908740
4623,201312,울산,6310000,소,LBI1000080,1873,109248
4624,201312,경남,6480000,닭,LBI1000088,1322272,57408300
4626,201312,충남,6440000,닭,LBI1000088,6308160,530988745
4627,201312,충북,6430000,오리,LBI1000016,1429584,82612801
4628,201312,충남,6440000,사슴,LBI1000017,6,33
4629,201312,강원,6420000,산양,LBI1000087,5,119
4630,201312,광주,6290000,돼지,LBI1000006,21733,1415136
4631,201312,대구,6270000,닭,LBI1000088,1661508,116616442
4632,201312,경남,6480000,메추리,LBI1000021,15811,30537
4633,201312,제주,6500000,말,LBI1000007,76,4740
4617,201312,경남,6480000,당나귀,LBI1000023,1,1
4618,201312,전북,6450000,오리,LBI1000016,1891128,110217316
4602,201312,경북,6470000,닭,LBI1000088,5242962,406437874
4616,201312,울산,6310000,산양,LBI1000087,6,72
4607,201312,인천,6280000,닭,LBI1000088,627265,55385564
4601,201312,제주,6500000,닭,LBI1000088,664858,31431353
4635,201312,경기,6410000,소,LBI1000080,26496,1216435
4603,201312,전남,6460000,닭,LBI1000088,2188234,229410323
4604,201312,광주,6290000,당나귀,LBI1000023,1,1
4605,201312,충북,6430000,말,LBI1000007,1,23
4606,201312,대전,6300000,돼지,LBI1000006,23990,1069817
4608,201312,전북,6450000,소,LBI1000080,4356,258688
4615,201312,충북,6430000,돼지,LBI1000006,236662,12779867
4609,201312,충북,6430000,산양,LBI1000087,1604,35434
4610,201312,전북,6450000,말,LBI1000007,2,75
4611,201312,경기,6410000,닭,LBI1000088,12014249,696449886
4612,201312,광주,6290000,소,LBI1000080,1941,123132
4613,201312,전북,6450000,산양,LBI1000087,4,432
4614,201312,광주,6290000,사슴,LBI1000017,1,1
4634,201312,충북,6430000,소,LBI1000080,16791,686970
4641,201312,대전,6300000,소,LBI1000080,1445,80916
4636,201312,경남,6480000,소,LBI1000080,15396,708375
4655,201312,강원,6420000,돼지,LBI1000006,52128,3606396
4657,201312,제주,6500000,산양,LBI1000087,19,109
4658,201312,전남,6460000,오리,LBI1000016,1964745,148165734
4659,201312,충남,6440000,소,LBI1000080,4078,270230
4660,201312,인천,6280000,산양,LBI1000087,46,1577
4661,201312,인천,6280000,돼지,LBI1000006,30036,1621300
4662,201312,제주,6500000,오리,LBI1000016,17828,1355534
4663,201312,제주,6500000,돼지,LBI1000006,71241,4371832
4664,201312,경북,6470000,산양,LBI1000087,1478,11665
4666,201312,전남,6460000,산양,LBI1000087,1798,25218
4667,201312,경북,6470000,돼지,LBI1000006,127786,7390497
4668,201312,전남,6460000,돼지,LBI1000006,100020,5506028
4669,201312,충남,6440000,돼지,LBI1000006,142699,8573985
4670,201312,울산,6310000,돼지,LBI1000006,11555,826588
4671,201312,인천,6280000,소,LBI1000080,1242,65010
4637,201312,대구,6270000,소,LBI1000080,1039,66409
4656,201312,대구,6270000,돼지,LBI1000006,17148,1341663
4665,201312,경남,6480000,돼지,LBI1000006,146951,10074106
4654,201312,충남,6440000,말,LBI1000007,2,38
4645,201312,전남,6460000,소,LBI1000080,7993,427096
4638,201312,충남,6440000,산양,LBI1000087,585,6886
4639,201312,경남,6480000,산양,LBI1000087,94,406
4653,201312,전북,6450000,닭,LBI1000088,21894918,1338154863
4640,201312,강원,6420000,닭,LBI1000088,1226668,33301586
4643,201312,전남,6460000,사슴,LBI1000017,5,32
4644,201312,경남,6480000,오리,LBI1000016,345080,22518828
4642,201312,충남,6440000,오리,LBI1000016,104565,3967128
4646,201312,충북,6430000,닭,LBI1000088,12337175,775892831
4650,201312,제주,6500000,소,LBI1000080,514,24492
4647,201312,경기,6410000,당나귀,LBI1000023,14,100
4648,201312,경기,6410000,말,LBI1000007,4,122
4649,201312,제주,6500000,꿩,LBI1000022,950,26465
4652,201312,경북,6470000,말,LBI1000007,4,365
4651,201312,경북,6470000,소,LBI1000080,11856,584495
4566,201311,강원,6420000,닭,LBI1000088,859214,32074918
4567,201311,경남,6480000,산양,LBI1000087,80,312
4568,201311,충남,6440000,산양,LBI1000087,672,6301
4570,201311,경남,6480000,소,LBI1000080,13242,692979
4569,201311,대구,6270000,소,LBI1000080,617,65370
4574,201311,경남,6480000,메추리,LBI1000021,14726,14726
4571,201311,경기,6410000,소,LBI1000080,22859,1189939
4572,201311,충북,6430000,소,LBI1000080,14937,670179
4573,201311,제주,6500000,말,LBI1000007,75,4664
4564,201311,충남,6440000,오리,LBI1000016,126606,3862563
4565,201311,대전,6300000,소,LBI1000080,1116,79471
4558,201311,제주,6500000,소,LBI1000080,389,23978
4563,201311,경남,6480000,오리,LBI1000016,311635,22173748
4562,201311,전남,6460000,소,LBI1000080,6851,419103
4561,201311,충북,6430000,닭,LBI1000088,11682989,763555656
4560,201311,경기,6410000,당나귀,LBI1000023,1,86
4559,201311,제주,6500000,꿩,LBI1000022,1596,25515
4557,201311,경북,6470000,소,LBI1000080,8881,572639
4556,201311,경북,6470000,말,LBI1000007,2,361
4555,201311,전북,6450000,닭,LBI1000088,19384893,1316259945
4554,201311,강원,6420000,돼지,LBI1000006,54348,3554268
4553,201311,대구,6270000,돼지,LBI1000006,16882,1324515
4576,201311,광주,6290000,돼지,LBI1000006,26092,1393403
4575,201311,대구,6270000,닭,LBI1000088,1475475,114954934
4593,201311,충북,6430000,산양,LBI1000087,1582,33830
4577,201311,충남,6440000,사슴,LBI1000017,5,27
4590,201311,광주,6290000,소,LBI1000080,1893,121191
4551,201311,전남,6460000,오리,LBI1000016,1895101,146200989
4600,201311,제주,6500000,닭,LBI1000088,549500,30766495
4599,201311,경북,6470000,닭,LBI1000088,4793229,401194912
4598,201311,전남,6460000,닭,LBI1000088,2180923,227222089
4597,201311,전북,6450000,타조,LBI1000024,2,14
4596,201311,대전,6300000,돼지,LBI1000006,25732,1045827
4595,201311,인천,6280000,닭,LBI1000088,681245,54758299
4594,201311,전북,6450000,소,LBI1000080,3245,254332
4592,201311,전북,6450000,말,LBI1000007,3,73
4591,201311,경기,6410000,닭,LBI1000088,11352257,684435637
4589,201311,충북,6430000,돼지,LBI1000006,244343,12543205
4578,201311,충북,6430000,오리,LBI1000016,1418359,81183217
4588,201311,울산,6310000,산양,LBI1000087,5,66
4587,201311,전북,6450000,오리,LBI1000016,1803685,108326188
4586,201311,강원,6420000,소,LBI1000080,2875,237136
4585,201311,경기,6410000,오리,LBI1000016,302255,19575723
4584,201311,경기,6410000,돼지,LBI1000006,275620,14261488
4583,201311,광주,6290000,오리,LBI1000016,144923,27802861
4582,201311,울산,6310000,소,LBI1000080,1673,107375
4581,201311,경남,6480000,닭,LBI1000088,853118,56086028
4580,201311,전북,6450000,돼지,LBI1000006,146098,8568436
4579,201311,충남,6440000,닭,LBI1000088,5598155,524680585
4552,201311,제주,6500000,산양,LBI1000087,19,90
4543,201311,전남,6460000,산양,LBI1000087,1598,23420
4550,201311,충남,6440000,소,LBI1000080,3194,266152
4542,201311,경북,6470000,돼지,LBI1000006,134213,7262711
4549,201311,인천,6280000,산양,LBI1000087,106,1531
4538,201311,인천,6280000,소,LBI1000080,795,63768
4539,201311,울산,6310000,돼지,LBI1000006,11507,815033
4541,201311,전남,6460000,돼지,LBI1000006,100873,5406008
4540,201311,충남,6440000,돼지,LBI1000006,150256,8431286
4544,201311,경남,6480000,돼지,LBI1000006,145476,9927155
4545,201311,경북,6470000,산양,LBI1000087,1115,10187
4546,201311,제주,6500000,돼지,LBI1000006,67816,4300591
4547,201311,제주,6500000,오리,LBI1000016,14049,1337706
4548,201311,인천,6280000,돼지,LBI1000006,31273,1591264
4495,201310,광주,6290000,돼지,LBI1000006,25293,1367311
4488,201310,울산,6310000,소,LBI1000080,1951,105702
4489,201310,경남,6480000,닭,LBI1000088,920110,55232910
4490,201310,전북,6450000,돼지,LBI1000006,157556,8422338
4491,201310,충남,6440000,닭,LBI1000088,5607390,519082430
4493,201310,강원,6420000,산양,LBI1000087,5,114
4494,201310,충남,6440000,사슴,LBI1000017,5,22
4501,201310,경기,6410000,소,LBI1000080,24099,1167080
4496,201310,대구,6270000,닭,LBI1000088,1567384,113479459
4497,201310,제주,6500000,말,LBI1000007,91,4589
4498,201310,충북,6430000,소,LBI1000080,17050,655242
4499,201310,제주,6500000,면양,LBI1000086,1,7
4500,201310,강원,6420000,꿩,LBI1000022,6600,11100
4486,201310,경기,6410000,돼지,LBI1000006,301891,13985868
4502,201310,경남,6480000,소,LBI1000080,13948,679737
4487,201310,광주,6290000,오리,LBI1000016,276887,27657938
4480,201310,광주,6290000,소,LBI1000080,1880,119298
4485,201310,경기,6410000,오리,LBI1000016,306673,19273468
4484,201310,강원,6420000,소,LBI1000080,3238,234261
4483,201310,전북,6450000,오리,LBI1000016,2147020,106522503
4482,201310,울산,6310000,산양,LBI1000087,6,61
4481,201310,충북,6430000,돼지,LBI1000006,267922,12298862
4504,201310,충남,6440000,산양,LBI1000087,840,5629
4479,201310,경기,6410000,닭,LBI1000088,11779918,673083380
4478,201310,전북,6450000,말,LBI1000007,1,70
4477,201310,충북,6430000,산양,LBI1000087,2179,32248
4476,201310,전북,6450000,소,LBI1000080,3591,251087
4475,201310,인천,6280000,닭,LBI1000088,641677,54077054
4474,201310,대전,6300000,돼지,LBI1000006,26379,1020095
4473,201310,전남,6460000,닭,LBI1000088,2405582,225041166
4472,201310,경북,6470000,닭,LBI1000088,4833404,396401683
4471,201310,제주,6500000,닭,LBI1000088,607439,30216995
4503,201310,대구,6270000,소,LBI1000080,683,64753
4492,201310,충북,6430000,오리,LBI1000016,1435179,79764858
4505,201310,경남,6480000,산양,LBI1000087,66,232
4531,201310,경남,6480000,돼지,LBI1000006,158139,9781679
4524,201310,충남,6440000,소,LBI1000080,3373,262958
4525,201310,인천,6280000,산양,LBI1000087,30,1425
4526,201310,인천,6280000,돼지,LBI1000006,31492,1559991
4527,201310,제주,6500000,오리,LBI1000016,14815,1323657
4528,201310,제주,6500000,돼지,LBI1000006,72054,4232775
4530,201310,경북,6470000,산양,LBI1000087,849,9072
4532,201310,전남,6460000,산양,LBI1000087,2127,21822
4522,201310,제주,6500000,산양,LBI1000087,24,71
4533,201310,경북,6470000,돼지,LBI1000006,141028,7128498
4534,201310,전남,6460000,돼지,LBI1000006,105949,5305135
4535,201310,충남,6440000,돼지,LBI1000006,162296,8281030
4536,201310,울산,6310000,돼지,LBI1000006,11975,803526
4506,201310,강원,6420000,닭,LBI1000088,791291,31215704
4537,201310,인천,6280000,소,LBI1000080,966,62973
4523,201310,전남,6460000,오리,LBI1000016,1975915,144305888
4529,201310,강원,6420000,면양,LBI1000086,1,135
4521,201310,대구,6270000,돼지,LBI1000006,19332,1307633
4514,201310,경기,6410000,사슴,LBI1000017,9,23
4507,201310,대전,6300000,소,LBI1000080,1190,78355
4520,201310,강원,6420000,돼지,LBI1000006,57830,3499920
4509,201310,경남,6480000,오리,LBI1000016,382049,21862113
4510,201310,전남,6460000,소,LBI1000080,6753,412252
4511,201310,충북,6430000,닭,LBI1000088,11783823,751872667
4512,201310,경기,6410000,당나귀,LBI1000023,2,85
4513,201310,경기,6410000,말,LBI1000007,2,118
4508,201310,충남,6440000,오리,LBI1000016,122239,3735957
4515,201310,제주,6500000,소,LBI1000080,464,23589
4516,201310,경북,6470000,소,LBI1000080,10130,563758
4517,201310,경북,6470000,말,LBI1000007,8,359
4518,201310,전북,6450000,닭,LBI1000088,19158573,1296875052
4519,201310,충남,6440000,말,LBI1000007,1,36
4416,201309,제주,6500000,돼지,LBI1000006,66956,4160721
4423,201309,대구,6270000,돼지,LBI1000006,17538,1288301
4422,201309,제주,6500000,산양,LBI1000087,17,47
4421,201309,전남,6460000,오리,LBI1000016,1897819,142329973
4420,201309,충남,6440000,소,LBI1000080,6437,259585
4419,201309,인천,6280000,산양,LBI1000087,39,1395
4418,201309,인천,6280000,돼지,LBI1000006,23736,1528499
4417,201309,제주,6500000,오리,LBI1000016,10382,1308842
4414,201309,경남,6480000,돼지,LBI1000006,134891,9623540
4415,201309,경북,6470000,산양,LBI1000087,517,8223
4425,201309,전북,6450000,닭,LBI1000088,17678308,1277716479
4413,201309,전남,6460000,산양,LBI1000087,1490,19695
4412,201309,경북,6470000,돼지,LBI1000006,111369,6987470
4411,201309,전남,6460000,돼지,LBI1000006,81542,5199186
4410,201309,충남,6440000,돼지,LBI1000006,116118,8118734
4409,201309,울산,6310000,돼지,LBI1000006,9344,791551
4424,201309,강원,6420000,돼지,LBI1000006,42647,3442090
4440,201309,대구,6270000,소,LBI1000080,1728,64070
4426,201309,경북,6470000,말,LBI1000007,3,351
4435,201309,전남,6460000,사슴,LBI1000017,4,27
4442,201309,경기,6410000,소,LBI1000080,25563,1142981
4441,201309,경남,6480000,소,LBI1000080,14257,665789
4439,201309,충남,6440000,산양,LBI1000087,627,4789
4438,201309,경남,6480000,산양,LBI1000087,24,166
4437,201309,강원,6420000,닭,LBI1000088,853176,30424413
4436,201309,대전,6300000,소,LBI1000080,2123,77165
4434,201309,충남,6440000,오리,LBI1000016,100953,3613718
4427,201309,경북,6470000,소,LBI1000080,12960,553628
4433,201309,경남,6480000,오리,LBI1000016,288942,21480064
4432,201309,전남,6460000,소,LBI1000080,9218,405499
4431,201309,충북,6430000,닭,LBI1000088,10828875,740088844
4430,201309,경기,6410000,당나귀,LBI1000023,3,83
4429,201309,전남,6460000,말,LBI1000007,1,25
4428,201309,제주,6500000,소,LBI1000080,596,23125
4408,201309,인천,6280000,소,LBI1000080,1649,62007
4467,201309,전남,6460000,닭,LBI1000088,2024563,222635584
4446,201309,대구,6270000,닭,LBI1000088,1534781,111912075
4447,201309,광주,6290000,돼지,LBI1000006,20036,1342018
4449,201309,충남,6440000,닭,LBI1000088,5785301,513475040
4450,201309,전북,6450000,돼지,LBI1000006,121064,8264782
4451,201309,경남,6480000,닭,LBI1000088,925978,54312800
4452,201309,울산,6310000,소,LBI1000080,2957,103751
4453,201309,광주,6290000,오리,LBI1000016,312050,27381051
4454,201309,경기,6410000,돼지,LBI1000006,229850,13683977
4455,201309,경기,6410000,오리,LBI1000016,274426,18966795
4456,201309,강원,6420000,소,LBI1000080,5092,231023
4457,201309,전북,6450000,오리,LBI1000016,1792802,104375483
4458,201309,경남,6480000,타조,LBI1000024,3,54
4459,201309,충북,6430000,돼지,LBI1000006,200397,12030940
4460,201309,광주,6290000,소,LBI1000080,2216,117418
4461,201309,경기,6410000,닭,LBI1000088,10266175,661303462
4462,201309,충북,6430000,산양,LBI1000087,1658,30069
4463,201309,전북,6450000,소,LBI1000080,6875,247496
4464,201309,전북,6450000,산양,LBI1000087,6,428
4465,201309,인천,6280000,닭,LBI1000088,539815,53435377
4466,201309,대전,6300000,돼지,LBI1000006,23109,993716
4468,201309,경북,6470000,닭,LBI1000088,4429832,391568279
4469,201309,제주,6500000,닭,LBI1000088,436200,29609556
4470,201309,경기,6410000,기타육류,LBI1000142,9,75
4448,201309,충북,6430000,오리,LBI1000016,1270732,78329679
4443,201309,제주,6500000,면양,LBI1000086,2,6
4444,201309,충북,6430000,소,LBI1000080,16804,638192
4445,201309,제주,6500000,말,LBI1000007,58,4498
278,201308,광주,6290000,소,LBI1000080,1962,115202
289,201308,충남,6440000,닭,LBI1000088,6488209,507689739
279,201308,충북,6430000,돼지,LBI1000006,210214,11830543
280,201308,울산,6310000,산양,LBI1000087,4,55
281,201308,전북,6450000,오리,LBI1000016,1943292,102582681
282,201308,강원,6420000,소,LBI1000080,5082,225931
284,201308,경기,6410000,돼지,LBI1000006,223336,13454127
285,201308,광주,6290000,오리,LBI1000016,256702,27069001
286,201308,울산,6310000,소,LBI1000080,1688,100794
287,201308,경남,6480000,닭,LBI1000088,1348857,53386822
288,201308,전북,6450000,돼지,LBI1000006,132260,8143718
291,201308,충남,6440000,사슴,LBI1000017,10,17
290,201308,충북,6430000,오리,LBI1000016,1576605,77058947
276,201308,전북,6450000,말,LBI1000007,1,69
275,201308,충북,6430000,산양,LBI1000087,3291,28411
274,201308,제주,6500000,기타육류,LBI1000142,23,78
273,201308,전북,6450000,소,LBI1000080,4556,240621
272,201308,인천,6280000,닭,LBI1000088,1092014,52895562
271,201308,대전,6300000,돼지,LBI1000006,22326,970607
270,201308,전남,6460000,닭,LBI1000088,3440271,220611021
269,201308,경북,6470000,닭,LBI1000088,6629139,387138447
268,201308,제주,6500000,닭,LBI1000088,613985,29173356
277,201308,경기,6410000,닭,LBI1000088,12581302,651037287
283,201308,경기,6410000,오리,LBI1000016,293349,18692369
4388,201308,제주,6500000,소,LBI1000080,573,22529
4403,201308,경북,6470000,돼지,LBI1000006,118351,6876101
4401,201308,경남,6480000,돼지,LBI1000006,134490,9488649
4400,201308,경북,6470000,산양,LBI1000087,952,7706
4399,201308,제주,6500000,돼지,LBI1000006,67161,4093765
4407,201308,인천,6280000,소,LBI1000080,1068,60358
4398,201308,제주,6500000,오리,LBI1000016,10948,1298460
4396,201308,충남,6440000,소,LBI1000080,4574,253148
4395,201308,전남,6460000,오리,LBI1000016,2020413,140432154
4394,201308,대구,6270000,돼지,LBI1000006,16798,1270763
4393,201308,강원,6420000,돼지,LBI1000006,49534,3399443
4392,201308,충남,6440000,말,LBI1000007,3,35
4391,201308,전북,6450000,닭,LBI1000088,24060829,1260038171
4390,201308,경북,6470000,말,LBI1000007,4,348
4389,201308,경북,6470000,소,LBI1000080,12759,540668
4387,201308,경기,6410000,말,LBI1000007,7,116
4386,201308,경기,6410000,당나귀,LBI1000023,3,80
4385,201308,충북,6430000,닭,LBI1000088,13049467,729259969
4384,201308,전남,6460000,소,LBI1000080,8266,396281
4402,201308,전남,6460000,산양,LBI1000087,2388,18205
4397,201308,인천,6280000,돼지,LBI1000006,24413,1504763
4404,201308,전남,6460000,돼지,LBI1000006,84022,5117644
4378,201308,충남,6440000,산양,LBI1000087,737,4162
4370,201308,광주,6290000,돼지,LBI1000006,17820,1321982
4371,201308,대구,6270000,닭,LBI1000088,1911654,110377294
4405,201308,충남,6440000,돼지,LBI1000006,119468,8002616
4373,201308,충북,6430000,소,LBI1000080,17335,621388
4374,201308,제주,6500000,면양,LBI1000086,1,4
4375,201308,경기,6410000,소,LBI1000080,24842,1117418
4376,201308,경남,6480000,소,LBI1000080,14829,651532
4377,201308,대구,6270000,소,LBI1000080,935,62342
4372,201308,제주,6500000,말,LBI1000007,62,4440
4379,201308,경남,6480000,산양,LBI1000087,16,142
4381,201308,대전,6300000,소,LBI1000080,1385,75042
4382,201308,충남,6440000,오리,LBI1000016,96732,3512765
4383,201308,경남,6480000,오리,LBI1000016,332410,21191122
4369,201308,강원,6420000,산양,LBI1000087,2,109
4406,201308,울산,6310000,돼지,LBI1000006,10661,782207
4380,201308,강원,6420000,닭,LBI1000088,825993,29571237
226,201307,경기,6410000,말,LBI1000007,1,109
220,201307,충남,6440000,말,LBI1000007,1,32
221,201307,전북,6450000,닭,LBI1000088,29807684,1235977342
222,201307,경북,6470000,말,LBI1000007,5,344
223,201307,경북,6470000,소,LBI1000080,9291,527909
224,201307,제주,6500000,소,LBI1000080,411,21956
225,201307,제주,6500000,꿩,LBI1000022,1240,23919
231,201307,충남,6440000,오리,LBI1000016,72772,3416033
227,201307,경기,6410000,당나귀,LBI1000023,5,77
228,201307,충북,6430000,닭,LBI1000088,15017811,716210502
230,201307,경남,6480000,오리,LBI1000016,366894,20858712
232,201307,전남,6460000,사슴,LBI1000017,1,23
233,201307,대전,6300000,소,LBI1000080,1055,73657
234,201307,강원,6420000,닭,LBI1000088,911269,28745244
218,201307,대구,6270000,돼지,LBI1000006,15505,1253965
219,201307,강원,6420000,돼지,LBI1000006,50135,3349909
208,201307,전남,6460000,산양,LBI1000087,2929,15817
217,201307,전남,6460000,오리,LBI1000016,2296116,138411741
216,201307,충남,6440000,소,LBI1000080,3189,248574
215,201307,인천,6280000,돼지,LBI1000006,23372,1480350
214,201307,인천,6280000,산양,LBI1000087,61,1356
213,201307,제주,6500000,오리,LBI1000016,18292,1287512
212,201307,제주,6500000,돼지,LBI1000006,63883,4026604
211,201307,강원,6420000,면양,LBI1000086,5,134
210,201307,경북,6470000,산양,LBI1000087,1053,6754
209,201307,경남,6480000,돼지,LBI1000006,137354,9354159
207,201307,경북,6470000,돼지,LBI1000006,117175,6757750
206,201307,전남,6460000,돼지,LBI1000006,89304,5033622
205,201307,충남,6440000,돼지,LBI1000006,118361,7883148
204,201307,울산,6310000,돼지,LBI1000006,11928,771546
203,201307,인천,6280000,소,LBI1000080,811,59290
236,201307,충남,6440000,산양,LBI1000087,716,3425
235,201307,경남,6480000,산양,LBI1000087,10,126
229,201307,전남,6460000,소,LBI1000080,6600,388015
237,201307,대구,6270000,소,LBI1000080,710,61407
253,201307,경기,6410000,오리,LBI1000016,311634,18399020
238,201307,경남,6480000,소,LBI1000080,14474,636703
267,201307,제주,6500000,닭,LBI1000088,720355,28559371
266,201307,경북,6470000,닭,LBI1000088,9208620,380509308
264,201307,대전,6300000,돼지,LBI1000006,21454,948281
263,201307,인천,6280000,닭,LBI1000088,1541060,51803548
262,201307,전북,6450000,소,LBI1000080,3594,236065
261,201307,제주,6500000,기타육류,LBI1000142,22,55
260,201307,충북,6430000,산양,LBI1000087,4035,25120
259,201307,경기,6410000,닭,LBI1000088,13118099,638455985
258,201307,광주,6290000,소,LBI1000080,1840,113240
257,201307,충북,6430000,돼지,LBI1000006,214626,11620329
256,201307,울산,6310000,산양,LBI1000087,13,51
255,201307,전북,6450000,오리,LBI1000016,2166467,100639389
254,201307,강원,6420000,소,LBI1000080,3438,220849
265,201307,전남,6460000,닭,LBI1000088,6690234,217170750
252,201307,경기,6410000,돼지,LBI1000006,230944,13230791
245,201307,충남,6440000,사슴,LBI1000017,4,7
251,201307,광주,6290000,오리,LBI1000016,426389,26812299
240,201307,제주,6500000,면양,LBI1000086,3,3
242,201307,제주,6500000,말,LBI1000007,63,4378
243,201307,대구,6270000,닭,LBI1000088,2251793,108465640
244,201307,광주,6290000,돼지,LBI1000006,17198,1304162
241,201307,충북,6430000,소,LBI1000080,15713,604053
246,201307,충북,6430000,오리,LBI1000016,1756843,75482342
249,201307,경남,6480000,닭,LBI1000088,1557293,52037965
250,201307,울산,6310000,소,LBI1000080,1628,99106
247,201307,충남,6440000,닭,LBI1000088,7262665,501201530
239,201307,경기,6410000,소,LBI1000080,21907,1092576
248,201307,전북,6450000,돼지,LBI1000006,135620,8011458
162,201306,충남,6440000,사슴,LBI1000017,3,3
173,201306,강원,6420000,닭,LBI1000088,945819,27833975
172,201306,강원,6420000,사슴,LBI1000017,11,72
171,201306,경남,6480000,산양,LBI1000087,17,116
169,201306,대구,6270000,소,LBI1000080,659,60697
168,201306,경남,6480000,소,LBI1000080,11714,622229
174,201306,대전,6300000,소,LBI1000080,927,72602
167,201306,경기,6410000,소,LBI1000080,18320,1070669
166,201306,충북,6430000,소,LBI1000080,12698,588340
165,201306,제주,6500000,말,LBI1000007,65,4315
164,201306,대구,6270000,닭,LBI1000088,1884562,106213847
163,201306,광주,6290000,돼지,LBI1000006,18652,1286964
170,201306,충남,6440000,산양,LBI1000087,500,2709
156,201306,광주,6290000,오리,LBI1000016,421714,26385910
161,201306,충북,6430000,오리,LBI1000016,1541473,73725499
160,201306,충남,6440000,닭,LBI1000088,6304507,493938865
159,201306,전북,6450000,돼지,LBI1000006,114257,7875838
158,201306,경남,6480000,닭,LBI1000088,1482704,50480672
157,201306,울산,6310000,소,LBI1000080,1327,97478
155,201306,경기,6410000,돼지,LBI1000006,209720,12999847
154,201306,경기,6410000,오리,LBI1000016,261479,18087386
153,201306,강원,6420000,소,LBI1000080,2629,217411
152,201306,전북,6450000,오리,LBI1000016,1941452,98472922
151,201306,경남,6480000,타조,LBI1000024,2,51
176,201306,경남,6480000,오리,LBI1000016,364720,20491818
150,201306,울산,6310000,산양,LBI1000087,14,38
175,201306,충남,6440000,오리,LBI1000016,109421,3343261
191,201306,인천,6280000,산양,LBI1000087,2,1295
177,201306,전남,6460000,소,LBI1000080,5745,381415
192,201306,제주,6500000,오리,LBI1000016,13477,1269220
148,201306,광주,6290000,소,LBI1000080,1695,111400
202,201306,인천,6280000,소,LBI1000080,700,58479
201,201306,울산,6310000,돼지,LBI1000006,11098,759618
200,201306,충남,6440000,돼지,LBI1000006,107285,7764787
199,201306,전남,6460000,돼지,LBI1000006,85370,4944318
198,201306,경북,6470000,돼지,LBI1000006,105269,6640575
197,201306,전남,6460000,산양,LBI1000087,1898,12888
196,201306,경남,6480000,돼지,LBI1000006,125589,9216805
195,201306,경북,6470000,산양,LBI1000087,593,5701
194,201306,강원,6420000,면양,LBI1000086,2,129
193,201306,제주,6500000,돼지,LBI1000006,55958,3962721
190,201306,인천,6280000,돼지,LBI1000006,20226,1456978
178,201306,충북,6430000,닭,LBI1000088,12466198,701192691
189,201306,충남,6440000,소,LBI1000080,2495,245385
188,201306,전남,6460000,오리,LBI1000016,1868186,136115625
187,201306,대구,6270000,돼지,LBI1000006,12769,1238460
186,201306,강원,6420000,돼지,LBI1000006,49522,3299774
185,201306,충남,6440000,말,LBI1000007,1,31
184,201306,전북,6450000,닭,LBI1000088,22320603,1206169658
183,201306,경북,6470000,말,LBI1000007,4,339
182,201306,경북,6470000,소,LBI1000080,7624,518618
181,201306,제주,6500000,소,LBI1000080,330,21545
180,201306,경기,6410000,말,LBI1000007,2,108
179,201306,경기,6410000,당나귀,LBI1000023,1,72
149,201306,충북,6430000,돼지,LBI1000006,189027,11405703
1304,201306,경기,6410000,닭,LBI1000088,10953486,625337886
1299,201306,인천,6280000,닭,LBI1000088,1000616,50262488
1303,201306,충북,6430000,산양,LBI1000087,2507,21085
1302,201306,전북,6450000,말,LBI1000007,1,68
1301,201306,제주,6500000,기타육류,LBI1000142,9,33
1300,201306,전북,6450000,소,LBI1000080,3057,232471
1298,201306,대전,6300000,돼지,LBI1000006,19882,926827
1297,201306,전남,6460000,닭,LBI1000088,4716716,210480516
1296,201306,경북,6470000,닭,LBI1000088,6293110,371300688
1295,201306,제주,6500000,닭,LBI1000088,755296,27839016
1256,201305,경남,6480000,오리,LBI1000016,421803,20127098
1250,201305,경북,6470000,소,LBI1000080,9167,510994
1251,201305,제주,6500000,소,LBI1000080,357,21215
1252,201305,경기,6410000,말,LBI1000007,2,106
1253,201305,경기,6410000,당나귀,LBI1000023,2,71
1254,201305,충북,6430000,닭,LBI1000088,12517639,688726493
1255,201305,전남,6460000,소,LBI1000080,6772,375670
1260,201305,경남,6480000,산양,LBI1000087,40,99
1257,201305,충남,6440000,오리,LBI1000016,91816,3233840
1258,201305,대전,6300000,소,LBI1000080,1293,71675
1259,201305,강원,6420000,닭,LBI1000088,1025971,26888156
1248,201305,전북,6450000,닭,LBI1000088,21445617,1183849055
1261,201305,충남,6440000,산양,LBI1000087,475,2209
1262,201305,대구,6270000,소,LBI1000080,674,60038
1249,201305,경북,6470000,말,LBI1000007,11,335
1244,201305,충남,6440000,소,LBI1000080,3219,242890
1247,201305,강원,6420000,돼지,LBI1000006,60124,3250252
1246,201305,대구,6270000,돼지,LBI1000006,14558,1225691
1245,201305,전남,6460000,오리,LBI1000016,2532505,134247439
1264,201305,경기,6410000,소,LBI1000080,20920,1052349
1243,201305,인천,6280000,돼지,LBI1000006,23653,1436752
1241,201305,제주,6500000,오리,LBI1000016,17111,1255743
1240,201305,제주,6500000,돼지,LBI1000006,65644,3906763
1239,201305,강원,6420000,면양,LBI1000086,3,127
1238,201305,경북,6470000,산양,LBI1000087,755,5108
1237,201305,경남,6480000,돼지,LBI1000006,146636,9091216
1236,201305,전남,6460000,산양,LBI1000087,1677,10990
1235,201305,경북,6470000,돼지,LBI1000006,125312,6535306
1234,201305,전남,6460000,돼지,LBI1000006,97639,4858948
1233,201305,충남,6440000,돼지,LBI1000006,132767,7657502
1263,201305,경남,6480000,소,LBI1000080,13953,610515
1268,201305,광주,6290000,돼지,LBI1000006,21957,1268312
1265,201305,충북,6430000,소,LBI1000080,15054,575642
1281,201305,충북,6430000,돼지,LBI1000006,226977,11216676
1294,201305,제주,6500000,닭,LBI1000088,611112,27083720
1293,201305,경북,6470000,닭,LBI1000088,6274429,365007578
1292,201305,전남,6460000,닭,LBI1000088,3896942,205763800
1291,201305,전북,6450000,타조,LBI1000024,3,12
1290,201305,대전,6300000,돼지,LBI1000006,23231,906945
1289,201305,인천,6280000,닭,LBI1000088,817807,49261872
1288,201305,전북,6450000,사슴,LBI1000017,1,36
1287,201305,전북,6450000,소,LBI1000080,3865,229414
1286,201305,제주,6500000,기타육류,LBI1000142,6,24
1285,201305,전북,6450000,말,LBI1000007,1,67
1284,201305,충북,6430000,산양,LBI1000087,2228,18578
1283,201305,경기,6410000,닭,LBI1000088,11140385,614384400
1282,201305,광주,6290000,소,LBI1000080,1923,109705
1280,201305,울산,6310000,산양,LBI1000087,24,24
1266,201305,제주,6500000,말,LBI1000007,67,4250
1279,201305,충북,6430000,당나귀,LBI1000023,1,2
1278,201305,전북,6450000,오리,LBI1000016,1998464,96531470
1277,201305,강원,6420000,소,LBI1000080,2993,214782
1276,201305,경기,6410000,오리,LBI1000016,362483,17825907
1275,201305,경기,6410000,돼지,LBI1000006,247910,12790127
1274,201305,광주,6290000,오리,LBI1000016,501277,25964196
1273,201305,울산,6310000,소,LBI1000080,1602,96151
1272,201305,경남,6480000,닭,LBI1000088,1278310,48997968
1271,201305,전북,6450000,돼지,LBI1000006,137914,7761581
1270,201305,충남,6440000,닭,LBI1000088,5791842,487634358
1269,201305,충북,6430000,오리,LBI1000016,1796062,72184026
1231,201305,인천,6280000,소,LBI1000080,817,57779
1267,201305,대구,6270000,닭,LBI1000088,1753339,104329285
1232,201305,울산,6310000,돼지,LBI1000006,12862,748520
1242,201305,인천,6280000,산양,LBI1000087,163,1293
1230,201304,인천,6280000,소,LBI1000080,779,56962
1182,201304,전북,6450000,오리,LBI1000016,1838325,94533006
1196,201304,강원,6420000,기타육류,LBI1000142,7,11
1195,201304,충북,6430000,소,LBI1000080,15728,560588
1194,201304,제주,6500000,말,LBI1000007,87,4183
1193,201304,대구,6270000,닭,LBI1000088,1692845,102575946
1192,201304,광주,6290000,돼지,LBI1000006,23498,1246355
1191,201304,충북,6430000,오리,LBI1000016,1562227,70387964
1190,201304,충남,6440000,닭,LBI1000088,5527094,481842516
1189,201304,전북,6450000,돼지,LBI1000006,155881,7623667
1188,201304,경남,6480000,닭,LBI1000088,1323002,47719658
1187,201304,울산,6310000,소,LBI1000080,1547,94549
1229,201304,울산,6310000,돼지,LBI1000006,12951,735658
1185,201304,경기,6410000,돼지,LBI1000006,253998,12542217
1184,201304,경기,6410000,오리,LBI1000016,340390,17463424
1183,201304,강원,6420000,소,LBI1000080,2946,211789
1181,201304,경남,6480000,타조,LBI1000024,2,49
1198,201304,경남,6480000,소,LBI1000080,13869,596562
1180,201304,충북,6430000,돼지,LBI1000006,234345,10989699
1179,201304,광주,6290000,소,LBI1000080,1841,107782
1178,201304,경기,6410000,닭,LBI1000088,10131451,603244015
1177,201304,충북,6430000,산양,LBI1000087,1616,16350
1176,201304,전북,6450000,말,LBI1000007,1,66
1175,201304,제주,6500000,기타육류,LBI1000142,18,18
1174,201304,전북,6450000,소,LBI1000080,3813,225549
1173,201304,전북,6450000,사슴,LBI1000017,9,35
1172,201304,인천,6280000,닭,LBI1000088,538987,48444065
1171,201304,대전,6300000,돼지,LBI1000006,20189,883714
1170,201304,경기,6410000,기타육류,LBI1000142,6,66
1169,201304,전남,6460000,닭,LBI1000088,2785179,201866858
1168,201304,경북,6470000,닭,LBI1000088,6401255,358733149
1167,201304,제주,6500000,닭,LBI1000088,611463,26472608
1197,201304,경기,6410000,소,LBI1000080,20903,1031429
1186,201304,광주,6290000,오리,LBI1000016,520382,25462919
1199,201304,대구,6270000,소,LBI1000080,845,59364
1215,201304,대구,6270000,돼지,LBI1000006,13824,1211133
1228,201304,충남,6440000,돼지,LBI1000006,136280,7524735
1227,201304,전남,6460000,돼지,LBI1000006,96923,4761309
1200,201304,충남,6440000,산양,LBI1000087,474,1734
1225,201304,전남,6460000,산양,LBI1000087,1810,9313
1224,201304,경남,6480000,돼지,LBI1000006,151315,8944580
1223,201304,경북,6470000,산양,LBI1000087,574,4353
1222,201304,강원,6420000,면양,LBI1000086,1,124
1221,201304,제주,6500000,돼지,LBI1000006,71372,3841119
1220,201304,제주,6500000,오리,LBI1000016,15635,1238632
1219,201304,인천,6280000,산양,LBI1000087,40,1130
1218,201304,인천,6280000,돼지,LBI1000006,21478,1413099
1217,201304,충남,6440000,소,LBI1000080,3459,239671
1216,201304,전남,6460000,오리,LBI1000016,2397796,131714934
1226,201304,경북,6470000,돼지,LBI1000006,123211,6409994
1214,201304,강원,6420000,돼지,LBI1000006,57012,3190128
1207,201304,경기,6410000,당나귀,LBI1000023,8,69
1213,201304,전북,6450000,닭,LBI1000088,18519292,1162403438
1201,201304,경남,6480000,산양,LBI1000087,53,59
1203,201304,대전,6300000,소,LBI1000080,1119,70382
1204,201304,경남,6480000,오리,LBI1000016,392128,19705295
1205,201304,전남,6460000,소,LBI1000080,6290,368898
1206,201304,충북,6430000,닭,LBI1000088,12076498,676208854
1202,201304,강원,6420000,닭,LBI1000088,858740,25862185
1208,201304,경기,6410000,말,LBI1000007,1,104
1209,201304,제주,6500000,소,LBI1000080,420,20858
1210,201304,전남,6460000,말,LBI1000007,1,24
1211,201304,경북,6470000,소,LBI1000080,9475,501827
1212,201304,경북,6470000,말,LBI1000007,6,324
1129,201303,경기,6410000,당나귀,LBI1000023,5,61
1124,201303,강원,6420000,돼지,LBI1000006,58715,3133116
1125,201303,전북,6450000,닭,LBI1000088,17304232,1143884146
1126,201303,경북,6470000,말,LBI1000007,6,318
1127,201303,경북,6470000,소,LBI1000080,7230,492352
1128,201303,제주,6500000,소,LBI1000080,356,20438
1131,201303,전남,6460000,소,LBI1000080,5342,362608
1130,201303,충북,6430000,닭,LBI1000088,10821628,664132356
1134,201303,강원,6420000,닭,LBI1000088,569265,25003445
1132,201303,경남,6480000,오리,LBI1000016,280780,19313167
1133,201303,대전,6300000,소,LBI1000080,946,69263
1122,201303,전남,6460000,오리,LBI1000016,2127489,129317138
1135,201303,강원,6420000,사슴,LBI1000017,5,61
1123,201303,대구,6270000,돼지,LBI1000006,15872,1197309
1109,201303,인천,6280000,소,LBI1000080,750,56183
1121,201303,충남,6440000,소,LBI1000080,2804,236212
1120,201303,인천,6280000,돼지,LBI1000006,23889,1391621
1119,201303,제주,6500000,오리,LBI1000016,15697,1222997
1118,201303,제주,6500000,돼지,LBI1000006,67506,3769747
1117,201303,강원,6420000,면양,LBI1000086,2,123
1116,201303,경북,6470000,산양,LBI1000087,209,3779
1110,201303,울산,6310000,돼지,LBI1000006,13114,722707
1111,201303,충남,6440000,돼지,LBI1000006,142748,7388455
1112,201303,전남,6460000,돼지,LBI1000006,99606,4664386
1115,201303,경남,6480000,돼지,LBI1000006,144738,8793265
1113,201303,경북,6470000,돼지,LBI1000006,127568,6286783
1137,201303,대구,6270000,소,LBI1000080,598,58519
1114,201303,전남,6460000,산양,LBI1000087,1180,7503
1136,201303,충남,6440000,산양,LBI1000087,115,1260
1160,201303,전북,6450000,소,LBI1000080,2823,221736
1138,201303,경남,6480000,소,LBI1000080,11361,582693
1152,201303,강원,6420000,소,LBI1000080,2310,208843
1139,201303,경기,6410000,소,LBI1000080,18648,1010526
1163,201303,대전,6300000,돼지,LBI1000006,22242,863525
1164,201303,전남,6460000,닭,LBI1000088,2054376,199081679
1165,201303,경북,6470000,닭,LBI1000088,5537930,352331894
1166,201303,제주,6500000,닭,LBI1000088,446267,25861145
1161,201303,전북,6450000,사슴,LBI1000017,4,26
1158,201303,전북,6450000,말,LBI1000007,1,65
1157,201303,충북,6430000,산양,LBI1000087,659,14734
1156,201303,경기,6410000,닭,LBI1000088,9732415,593112564
1155,201303,광주,6290000,소,LBI1000080,1663,105941
1154,201303,충북,6430000,돼지,LBI1000006,237533,10755354
1153,201303,전북,6450000,오리,LBI1000016,1766626,92694681
1162,201303,인천,6280000,닭,LBI1000088,642781,47905078
1151,201303,경기,6410000,오리,LBI1000016,329969,17123034
1144,201303,충북,6430000,오리,LBI1000016,1401278,68825737
1150,201303,경기,6410000,돼지,LBI1000006,249518,12288219
1141,201303,제주,6500000,말,LBI1000007,67,4096
1142,201303,대구,6270000,닭,LBI1000088,1754483,100883101
1143,201303,광주,6290000,돼지,LBI1000006,21595,1222857
1140,201303,충북,6430000,소,LBI1000080,13535,544860
1146,201303,전북,6450000,돼지,LBI1000006,147938,7467786
1147,201303,경남,6480000,닭,LBI1000088,1013769,46396656
1148,201303,울산,6310000,소,LBI1000080,1234,93002
1149,201303,광주,6290000,오리,LBI1000016,446970,24942537
1145,201303,충남,6440000,닭,LBI1000088,5364845,476315422
1078,201302,대구,6270000,소,LBI1000080,765,57921
1072,201302,광주,6290000,돼지,LBI1000006,17506,1201262
1068,201302,경남,6480000,닭,LBI1000088,974728,45382887
1069,201302,전북,6450000,돼지,LBI1000006,129658,7319848
1070,201302,충남,6440000,닭,LBI1000088,5366756,470950577
1071,201302,충북,6430000,오리,LBI1000016,1154807,67424459
1074,201302,제주,6500000,말,LBI1000007,40,4029
1073,201302,대구,6270000,닭,LBI1000088,1463366,99128618
1075,201302,충북,6430000,소,LBI1000080,11618,531325
1076,201302,경기,6410000,소,LBI1000080,17710,991878
1077,201302,경남,6480000,소,LBI1000080,10519,571332
1066,201302,광주,6290000,오리,LBI1000016,335826,24495567
1067,201302,울산,6310000,소,LBI1000080,1741,91768
1060,201302,광주,6290000,소,LBI1000080,1757,104278
1065,201302,경기,6410000,돼지,LBI1000006,227715,12038701
1064,201302,경기,6410000,오리,LBI1000016,324266,16793065
1063,201302,강원,6420000,소,LBI1000080,2483,206533
1062,201302,전북,6450000,오리,LBI1000016,1479140,90928055
1061,201302,충북,6430000,돼지,LBI1000006,214505,10517821
1059,201302,경기,6410000,닭,LBI1000088,8005512,583380149
1058,201302,충북,6430000,산양,LBI1000087,192,14075
1057,201302,전북,6450000,소,LBI1000080,3613,218913
1056,201302,인천,6280000,닭,LBI1000088,477722,47262297
1055,201302,대전,6300000,돼지,LBI1000006,21447,841283
1054,201302,전남,6460000,닭,LBI1000088,1687924,197027303
1053,201302,경북,6470000,닭,LBI1000088,4553371,346793964
1052,201302,제주,6500000,닭,LBI1000088,402665,25414878
1079,201302,충남,6440000,산양,LBI1000087,75,1145
1080,201302,강원,6420000,사슴,LBI1000017,5,56
1081,201302,강원,6420000,닭,LBI1000088,445245,24434180
1096,201302,충남,6440000,소,LBI1000080,3568,233408
1082,201302,대전,6300000,소,LBI1000080,1077,68317
1108,201302,인천,6280000,소,LBI1000080,1041,55433
1107,201302,울산,6310000,돼지,LBI1000006,11488,709593
1106,201302,충남,6440000,돼지,LBI1000006,128897,7245707
1105,201302,전남,6460000,돼지,LBI1000006,98841,4564780
1104,201302,경북,6470000,돼지,LBI1000006,111872,6159215
1103,201302,전남,6460000,산양,LBI1000087,620,6323
1101,201302,경북,6470000,산양,LBI1000087,45,3570
1100,201302,강원,6420000,면양,LBI1000086,1,121
1099,201302,제주,6500000,돼지,LBI1000006,65042,3702241
1098,201302,제주,6500000,오리,LBI1000016,16395,1207300
1097,201302,인천,6280000,돼지,LBI1000006,21135,1367732
1102,201302,경남,6480000,돼지,LBI1000006,138298,8648527
1095,201302,전남,6460000,오리,LBI1000016,1519324,127189649
1088,201302,전남,6460000,말,LBI1000007,2,23
1094,201302,대구,6270000,돼지,LBI1000006,16495,1181437
1084,201302,전남,6460000,소,LBI1000080,6149,357266
1085,201302,충북,6430000,닭,LBI1000088,8718551,653310728
1086,201302,경기,6410000,당나귀,LBI1000023,1,56
1087,201302,제주,6500000,소,LBI1000080,299,20082
1083,201302,경남,6480000,오리,LBI1000016,222040,19032387
1089,201302,경북,6470000,소,LBI1000080,6834,485122
1090,201302,경북,6470000,말,LBI1000007,4,312
1091,201302,전북,6450000,닭,LBI1000088,15251031,1126579914
1092,201302,충남,6440000,말,LBI1000007,2,30
1093,201302,강원,6420000,돼지,LBI1000006,52663,3074401
1014,201301,경기,6410000,당나귀,LBI1000023,5,55
1009,201301,경북,6470000,말,LBI1000007,8,308
1010,201301,경북,6470000,소,LBI1000080,16232,478288
1011,201301,전남,6460000,말,LBI1000007,1,21
1012,201301,제주,6500000,꿩,LBI1000022,120,22679
1013,201301,제주,6500000,소,LBI1000080,676,19783
1017,201301,경남,6480000,오리,LBI1000016,280519,18810347
1015,201301,충북,6430000,닭,LBI1000088,10472696,644592177
1016,201301,전남,6460000,소,LBI1000080,10032,351117
1007,201301,강원,6420000,돼지,LBI1000006,62124,3021738
1018,201301,대전,6300000,소,LBI1000080,2383,67240
1019,201301,강원,6420000,닭,LBI1000088,707642,23988935
1020,201301,충남,6440000,산양,LBI1000087,66,1070
1008,201301,전북,6450000,닭,LBI1000088,20376645,1111328883
1022,201301,경남,6480000,소,LBI1000080,18234,560813
1006,201301,대구,6270000,돼지,LBI1000006,19272,1164942
1005,201301,전남,6460000,오리,LBI1000016,2057060,125670325
1004,201301,충남,6440000,소,LBI1000080,7577,229840
1003,201301,인천,6280000,돼지,LBI1000006,23869,1346597
1002,201301,제주,6500000,오리,LBI1000016,18634,1190905
1001,201301,제주,6500000,돼지,LBI1000006,75762,3637199
1000,201301,경북,6470000,산양,LBI1000087,170,3525
999,201301,경남,6480000,돼지,LBI1000006,161400,8510229
998,201301,전남,6460000,산양,LBI1000087,814,5703
997,201301,경북,6470000,돼지,LBI1000006,133188,6047343
996,201301,전남,6460000,돼지,LBI1000006,113400,4465939
995,201301,충남,6440000,돼지,LBI1000006,149971,7116810
994,201301,울산,6310000,돼지,LBI1000006,13962,698105
1021,201301,대구,6270000,소,LBI1000080,2004,57156
993,201301,인천,6280000,소,LBI1000080,2289,54392
1023,201301,강원,6420000,말,LBI1000007,1,3
1039,201301,전북,6450000,오리,LBI1000016,1854237,89448915
1024,201301,경기,6410000,소,LBI1000080,30430,974168
1159,201301,경기,6410000,말,LBI1000007,3,103
1051,201301,제주,6500000,닭,LBI1000088,512565,25012213
1050,201301,경북,6470000,닭,LBI1000088,5974696,342240593
1049,201301,전남,6460000,닭,LBI1000088,2289871,195339379
1048,201301,대전,6300000,돼지,LBI1000006,25812,819836
1047,201301,인천,6280000,닭,LBI1000088,494235,46784575
1046,201301,전북,6450000,소,LBI1000080,8075,215300
1044,201301,충북,6430000,산양,LBI1000087,107,13883
1043,201301,경기,6410000,닭,LBI1000088,10721468,575374637
1042,201301,광주,6290000,소,LBI1000080,2339,102521
1041,201301,전북,6450000,산양,LBI1000087,62,422
1040,201301,충북,6430000,돼지,LBI1000006,256707,10303316
1045,201301,전북,6450000,말,LBI1000007,1,64
1038,201301,강원,6420000,소,LBI1000080,6860,204050
1031,201301,충남,6440000,닭,LBI1000088,6640601,465583821
1025,201301,강원,6420000,꿩,LBI1000022,800,4500
1037,201301,경기,6410000,오리,LBI1000016,325526,16468799
1026,201301,충북,6430000,소,LBI1000080,23185,519707
1027,201301,제주,6500000,말,LBI1000007,54,3989
1028,201301,대구,6270000,닭,LBI1000088,1678291,97665252
1030,201301,충북,6430000,오리,LBI1000016,1442558,66269652
1029,201301,광주,6290000,돼지,LBI1000006,22582,1183756
1032,201301,전북,6450000,돼지,LBI1000006,159674,7190190
1033,201301,경남,6480000,닭,LBI1000088,1247290,44408159
1034,201301,울산,6310000,소,LBI1000080,2465,90027
1035,201301,광주,6290000,오리,LBI1000016,474875,24159741
1036,201301,경기,6410000,돼지,LBI1000006,267096,11810986
954,201212,광주,6290000,돼지,LBI1000006,20991,1161174
948,201212,광주,6290000,오리,LBI1000016,473602,23684866
949,201212,울산,6310000,소,LBI1000080,1759,87562
950,201212,경남,6480000,닭,LBI1000088,1317764,43160869
952,201212,충남,6440000,닭,LBI1000088,6900783,458943220
953,201212,충북,6430000,오리,LBI1000016,1354009,64827094
960,201212,경남,6480000,소,LBI1000080,12776,542579
955,201212,대구,6270000,닭,LBI1000088,1735465,95986961
956,201212,제주,6500000,말,LBI1000007,55,3935
957,201212,충북,6430000,소,LBI1000080,14729,496522
958,201212,강원,6420000,기타육류,LBI1000142,4,4
959,201212,경기,6410000,소,LBI1000080,20709,943738
946,201212,경기,6410000,오리,LBI1000016,348542,16143273
947,201212,경기,6410000,돼지,LBI1000006,228490,11543890
932,201212,제주,6500000,닭,LBI1000088,663942,24499648
945,201212,강원,6420000,소,LBI1000080,3421,197190
944,201212,전북,6450000,오리,LBI1000016,1702325,87594678
943,201212,충북,6430000,돼지,LBI1000006,213250,10046609
942,201212,전북,6450000,산양,LBI1000087,95,360
941,201212,광주,6290000,소,LBI1000080,1860,100182
940,201212,경기,6410000,닭,LBI1000088,11020915,564653169
939,201212,충북,6430000,산양,LBI1000087,291,13776
938,201212,전북,6450000,말,LBI1000007,1,63
937,201212,전북,6450000,소,LBI1000080,3682,207225
936,201212,인천,6280000,닭,LBI1000088,538708,46290340
935,201212,대전,6300000,돼지,LBI1000006,21251,794024
934,201212,전남,6460000,닭,LBI1000088,2235440,193049508
933,201212,경북,6470000,닭,LBI1000088,5956553,336265897
962,201212,강원,6420000,사슴,LBI1000017,1,51
961,201212,대구,6270000,소,LBI1000080,966,55152
951,201212,전북,6450000,돼지,LBI1000006,135032,7030516
963,201212,충남,6440000,산양,LBI1000087,54,1004
978,201212,강원,6420000,돼지,LBI1000006,51482,2959614
964,201212,강원,6420000,닭,LBI1000088,893095,23281293
992,201212,인천,6280000,소,LBI1000080,1115,52103
991,201212,울산,6310000,돼지,LBI1000006,12336,684143
989,201212,전남,6460000,돼지,LBI1000006,99193,4352539
988,201212,경북,6470000,돼지,LBI1000006,116083,5914155
987,201212,전남,6460000,산양,LBI1000087,793,4889
986,201212,경남,6480000,돼지,LBI1000006,135843,8348829
985,201212,경북,6470000,산양,LBI1000087,212,3355
984,201212,제주,6500000,돼지,LBI1000006,66392,3561437
983,201212,제주,6500000,오리,LBI1000016,21373,1172271
982,201212,인천,6280000,돼지,LBI1000006,21265,1322728
981,201212,충남,6440000,소,LBI1000080,3946,222263
980,201212,전남,6460000,오리,LBI1000016,2209708,123613265
979,201212,대구,6270000,돼지,LBI1000006,18485,1145670
990,201212,충남,6440000,돼지,LBI1000006,129347,6966839
977,201212,충남,6440000,말,LBI1000007,1,28
970,201212,경기,6410000,당나귀,LBI1000023,1,50
976,201212,전북,6450000,닭,LBI1000088,20405668,1090952238
966,201212,충남,6440000,오리,LBI1000016,334821,3142024
968,201212,전남,6460000,소,LBI1000080,6755,341085
969,201212,충북,6430000,닭,LBI1000088,11521967,634119481
967,201212,경남,6480000,오리,LBI1000016,279193,18529828
971,201212,제주,6500000,소,LBI1000080,438,19107
974,201212,경북,6470000,소,LBI1000080,9457,462056
975,201212,경북,6470000,말,LBI1000007,2,300
972,201212,제주,6500000,꿩,LBI1000022,595,22559
965,201212,대전,6300000,소,LBI1000080,1284,64857
973,201212,전남,6460000,말,LBI1000007,2,20
886,201211,전남,6460000,오리,LBI1000016,2213418,121403557
896,201211,전남,6460000,소,LBI1000080,6271,334330
895,201211,충북,6430000,닭,LBI1000088,11049105,622597514
894,201211,경기,6410000,말,LBI1000007,2,100
897,201211,경남,6480000,오리,LBI1000016,275028,18250635
892,201211,제주,6500000,소,LBI1000080,366,18669
891,201211,경북,6470000,소,LBI1000080,9026,452599
890,201211,경북,6470000,말,LBI1000007,6,298
889,201211,전북,6450000,닭,LBI1000088,19314439,1070546570
888,201211,강원,6420000,돼지,LBI1000006,57537,2908132
887,201211,대구,6270000,돼지,LBI1000006,23862,1127185
893,201211,경기,6410000,당나귀,LBI1000023,3,49
880,201211,경남,6480000,돼지,LBI1000006,150478,8212986
885,201211,충남,6440000,소,LBI1000080,3631,218317
884,201211,인천,6280000,돼지,LBI1000006,24390,1301463
883,201211,제주,6500000,오리,LBI1000016,15170,1150898
882,201211,제주,6500000,돼지,LBI1000006,71263,3495045
881,201211,경북,6470000,산양,LBI1000087,196,3143
879,201211,전남,6460000,산양,LBI1000087,858,4096
878,201211,경북,6470000,돼지,LBI1000006,134321,5798072
877,201211,전남,6460000,돼지,LBI1000006,109885,4253346
876,201211,충남,6440000,돼지,LBI1000006,153838,6837492
875,201211,울산,6310000,돼지,LBI1000006,13645,671807
899,201211,대전,6300000,소,LBI1000080,1248,63573
874,201211,인천,6280000,소,LBI1000080,1023,50988
898,201211,충남,6440000,오리,LBI1000016,339177,2807203
914,201211,광주,6290000,오리,LBI1000016,462861,23211264
900,201211,강원,6420000,닭,LBI1000088,937197,22388198
901,201211,강원,6420000,사슴,LBI1000017,3,50
925,201211,전북,6450000,말,LBI1000007,1,62
924,201211,충북,6430000,산양,LBI1000087,191,13485
923,201211,경기,6410000,닭,LBI1000088,10643386,553632254
922,201211,광주,6290000,소,LBI1000080,1864,98322
921,201211,전북,6450000,사슴,LBI1000017,6,22
920,201211,전북,6450000,산양,LBI1000087,112,265
919,201211,충북,6430000,돼지,LBI1000006,242796,9833359
918,201211,전북,6450000,오리,LBI1000016,1973100,85892353
917,201211,강원,6420000,소,LBI1000080,3139,193769
916,201211,경기,6410000,오리,LBI1000016,399991,15794731
915,201211,경기,6410000,돼지,LBI1000006,256332,11315400
913,201211,울산,6310000,소,LBI1000080,1657,85803
912,201211,경남,6480000,닭,LBI1000088,1146412,41843105
911,201211,전북,6450000,돼지,LBI1000006,156454,6895484
910,201211,충남,6440000,닭,LBI1000088,7268714,452042437
909,201211,충북,6430000,오리,LBI1000016,1646044,63473085
908,201211,광주,6290000,돼지,LBI1000006,21599,1140183
907,201211,대구,6270000,닭,LBI1000088,1598773,94251496
906,201211,제주,6500000,말,LBI1000007,70,3880
905,201211,충북,6430000,소,LBI1000080,15263,481793
904,201211,경기,6410000,소,LBI1000080,20651,923029
903,201211,경남,6480000,소,LBI1000080,12632,529803
902,201211,대구,6270000,소,LBI1000080,854,54186
928,201211,대전,6300000,돼지,LBI1000006,25887,772773
926,201211,전북,6450000,소,LBI1000080,3559,203543
927,201211,인천,6280000,닭,LBI1000088,505034,45751632
931,201211,제주,6500000,닭,LBI1000088,542351,23835706
930,201211,경북,6470000,닭,LBI1000088,5483930,330309344
929,201211,전남,6460000,닭,LBI1000088,2475354,190814068
832,201210,울산,6310000,소,LBI1000080,1454,84146
835,201210,충남,6440000,닭,LBI1000088,7495817,444773723
829,201210,경기,6410000,오리,LBI1000016,366581,15394740
830,201210,경기,6410000,돼지,LBI1000006,255417,11059068
831,201210,광주,6290000,오리,LBI1000016,580600,22748403
833,201210,경남,6480000,닭,LBI1000088,1032391,40696693
834,201210,전북,6450000,돼지,LBI1000006,141488,6739030
838,201210,대구,6270000,닭,LBI1000088,1581806,92652723
836,201210,충북,6430000,오리,LBI1000016,1630974,61827041
837,201210,광주,6290000,돼지,LBI1000006,18343,1118584
827,201210,강원,6420000,소,LBI1000080,2771,190630
839,201210,제주,6500000,말,LBI1000007,64,3810
841,201210,경기,6410000,소,LBI1000080,18000,902378
842,201210,경남,6480000,소,LBI1000080,11719,517171
828,201210,경남,6480000,사슴,LBI1000017,1,39
825,201210,충북,6430000,돼지,LBI1000006,245118,9590563
826,201210,전북,6450000,오리,LBI1000016,2175039,83919253
844,201210,강원,6420000,사슴,LBI1000017,2,47
824,201210,전북,6450000,산양,LBI1000087,45,153
823,201210,광주,6290000,소,LBI1000080,1645,96458
822,201210,경기,6410000,닭,LBI1000088,10933199,542988868
821,201210,충북,6430000,산양,LBI1000087,174,13294
820,201210,전북,6450000,말,LBI1000007,1,61
819,201210,전북,6450000,소,LBI1000080,2787,199984
818,201210,인천,6280000,닭,LBI1000088,610728,45246598
817,201210,대전,6300000,돼지,LBI1000006,26356,746886
816,201210,전남,6460000,닭,LBI1000088,2350892,188338714
815,201210,경북,6470000,닭,LBI1000088,5785390,324825414
814,201210,제주,6500000,닭,LBI1000088,562875,23293355
843,201210,대구,6270000,소,LBI1000080,690,53332
840,201210,충북,6430000,소,LBI1000080,14528,466530
845,201210,강원,6420000,닭,LBI1000088,848881,21451001
859,201210,대구,6270000,돼지,LBI1000006,21966,1103323
873,201210,인천,6280000,소,LBI1000080,817,49965
872,201210,울산,6310000,돼지,LBI1000006,12819,658162
871,201210,충남,6440000,돼지,LBI1000006,156692,6683654
870,201210,전남,6460000,돼지,LBI1000006,106045,4143461
869,201210,경북,6470000,돼지,LBI1000006,132808,5663751
868,201210,전남,6460000,산양,LBI1000087,811,3238
867,201210,경남,6480000,돼지,LBI1000006,141647,8062508
866,201210,경북,6470000,산양,LBI1000087,54,2947
865,201210,강원,6420000,면양,LBI1000086,1,120
846,201210,대전,6300000,소,LBI1000080,1074,62325
863,201210,제주,6500000,오리,LBI1000016,18122,1135728
862,201210,인천,6280000,돼지,LBI1000006,25253,1277073
861,201210,충남,6440000,소,LBI1000080,2813,214686
860,201210,전남,6460000,오리,LBI1000016,2424968,119190139
864,201210,제주,6500000,돼지,LBI1000006,64333,3423782
858,201210,강원,6420000,돼지,LBI1000006,54935,2850595
852,201210,제주,6500000,소,LBI1000080,291,18303
857,201210,전북,6450000,닭,LBI1000088,19324797,1051232131
848,201210,경남,6480000,오리,LBI1000016,320999,17975607
849,201210,전남,6460000,소,LBI1000080,5675,328059
850,201210,충북,6430000,닭,LBI1000088,11201276,611548409
851,201210,경기,6410000,당나귀,LBI1000023,6,46
847,201210,충남,6440000,오리,LBI1000016,396441,2468026
853,201210,전남,6460000,말,LBI1000007,1,18
855,201210,경북,6470000,소,LBI1000080,8161,443573
856,201210,경북,6470000,말,LBI1000007,6,292
854,201210,경기,6410000,사슴,LBI1000017,12,14
776,201209,경기,6410000,당나귀,LBI1000023,2,40
771,201209,충남,6440000,말,LBI1000007,1,27
772,201209,전북,6450000,닭,LBI1000088,18143631,1031907334
773,201209,경북,6470000,말,LBI1000007,5,286
774,201209,경북,6470000,소,LBI1000080,16186,435412
775,201209,제주,6500000,소,LBI1000080,706,18012
778,201209,충북,6430000,닭,LBI1000088,10584920,600347133
777,201209,경기,6410000,말,LBI1000007,2,98
779,201209,전남,6460000,소,LBI1000080,11597,322384
780,201209,경남,6480000,오리,LBI1000016,279154,17654608
781,201209,충남,6440000,오리,LBI1000016,332336,2071585
782,201209,대전,6300000,소,LBI1000080,2579,61251
769,201209,대구,6270000,돼지,LBI1000006,18258,1081357
770,201209,강원,6420000,돼지,LBI1000006,44114,2795660
789,201209,제주,6500000,말,LBI1000007,57,3746
768,201209,전남,6460000,오리,LBI1000016,2335697,116765171
767,201209,충남,6440000,소,LBI1000080,8534,211873
766,201209,인천,6280000,돼지,LBI1000006,20845,1251820
765,201209,제주,6500000,오리,LBI1000016,17917,1117606
764,201209,제주,6500000,돼지,LBI1000006,69156,3359449
763,201209,경북,6470000,산양,LBI1000087,22,2893
762,201209,경남,6480000,돼지,LBI1000006,119777,7920861
761,201209,전남,6460000,산양,LBI1000087,466,2427
760,201209,경북,6470000,돼지,LBI1000006,111662,5530943
759,201209,전남,6460000,돼지,LBI1000006,94547,4037416
758,201209,충남,6440000,돼지,LBI1000006,118954,6526962
757,201209,울산,6310000,돼지,LBI1000006,11798,645343
756,201209,인천,6280000,소,LBI1000080,2145,49148
784,201209,충남,6440000,산양,LBI1000087,20,950
783,201209,강원,6420000,닭,LBI1000088,702838,20602120
804,201209,광주,6290000,소,LBI1000080,2523,94813
785,201209,대구,6270000,소,LBI1000080,2576,52642
800,201209,강원,6420000,소,LBI1000080,6417,187859
813,201209,제주,6500000,닭,LBI1000088,425688,22730480
786,201209,경남,6480000,소,LBI1000080,12073,505452
811,201209,전남,6460000,닭,LBI1000088,2001318,185987822
810,201209,대전,6300000,돼지,LBI1000006,23308,720530
809,201209,인천,6280000,닭,LBI1000088,605827,44635870
808,201209,전북,6450000,소,LBI1000080,8518,197197
807,201209,전북,6450000,말,LBI1000007,2,60
806,201209,충북,6430000,산양,LBI1000087,72,13120
805,201209,경기,6410000,닭,LBI1000088,10165770,532055669
803,201209,충남,6440000,당나귀,LBI1000023,1,1
802,201209,충북,6430000,돼지,LBI1000006,202654,9345445
801,201209,전북,6450000,오리,LBI1000016,1961199,81744214
812,201209,경북,6470000,닭,LBI1000088,5442155,319040024
799,201209,경기,6410000,오리,LBI1000016,357552,15028159
793,201209,충남,6440000,닭,LBI1000088,6614910,437277906
798,201209,경기,6410000,돼지,LBI1000006,207552,10803651
787,201209,경기,6410000,소,LBI1000080,28323,884378
790,201209,대구,6270000,닭,LBI1000088,1391551,91070917
791,201209,광주,6290000,돼지,LBI1000006,16938,1100241
792,201209,충북,6430000,오리,LBI1000016,1792871,60196067
788,201209,충북,6430000,소,LBI1000080,22286,452002
794,201209,전북,6450000,돼지,LBI1000006,128038,6597542
796,201209,울산,6310000,소,LBI1000080,3183,82692
797,201209,광주,6290000,오리,LBI1000016,572118,22167803
795,201209,경남,6480000,닭,LBI1000088,1194107,39664302
733,201208,전남,6460000,소,LBI1000080,5981,310787
737,201208,경북,6470000,소,LBI1000080,9424,419226
736,201208,제주,6500000,소,LBI1000080,432,17306
735,201208,경기,6410000,당나귀,LBI1000023,3,38
734,201208,충북,6430000,닭,LBI1000088,13034944,589762213
731,201208,전남,6460000,사슴,LBI1000017,10,22
732,201208,경남,6480000,오리,LBI1000016,330215,17375454
730,201208,충남,6440000,오리,LBI1000016,202809,1739249
729,201208,대전,6300000,소,LBI1000080,1128,58672
739,201208,전북,6450000,닭,LBI1000088,25059515,1013763703
728,201208,강원,6420000,닭,LBI1000088,745569,19899282
727,201208,강원,6420000,사슴,LBI1000017,2,45
738,201208,경북,6470000,말,LBI1000007,6,281
745,201208,인천,6280000,돼지,LBI1000006,20179,1230975
740,201208,충남,6440000,말,LBI1000007,1,26
741,201208,강원,6420000,돼지,LBI1000006,45631,2751546
742,201208,대구,6270000,돼지,LBI1000006,16806,1063099
743,201208,전남,6460000,오리,LBI1000016,2294514,114429474
744,201208,충남,6440000,소,LBI1000080,3771,203339
746,201208,제주,6500000,오리,LBI1000016,16109,1099689
747,201208,제주,6500000,돼지,LBI1000006,64999,3290293
748,201208,경북,6470000,산양,LBI1000087,55,2871
749,201208,경남,6480000,돼지,LBI1000006,122642,7801084
750,201208,전남,6460000,산양,LBI1000087,644,1961
755,201208,인천,6280000,소,LBI1000080,845,47003
752,201208,전남,6460000,돼지,LBI1000006,84395,3942869
725,201208,대구,6270000,소,LBI1000080,807,50066
726,201208,충남,6440000,산양,LBI1000087,44,930
751,201208,경북,6470000,돼지,LBI1000006,117691,5419281
724,201208,경남,6480000,소,LBI1000080,12255,493379
709,201208,전북,6450000,오리,LBI1000016,1834155,79783015
754,201208,울산,6310000,돼지,LBI1000006,11759,633545
698,201208,제주,6500000,닭,LBI1000088,594270,22304792
699,201208,경북,6470000,닭,LBI1000088,7419218,313597869
700,201208,전남,6460000,닭,LBI1000088,3379006,183986504
701,201208,대전,6300000,돼지,LBI1000006,22099,697222
702,201208,인천,6280000,닭,LBI1000088,863994,44030043
703,201208,전북,6450000,소,LBI1000080,3494,188679
704,201208,충북,6430000,산양,LBI1000087,113,13048
705,201208,경기,6410000,닭,LBI1000088,11426831,521889899
706,201208,광주,6290000,소,LBI1000080,1750,92290
707,201208,충북,6430000,돼지,LBI1000006,200702,9142791
708,201208,경남,6480000,타조,LBI1000024,2,47
710,201208,강원,6420000,소,LBI1000080,3691,181442
723,201208,경기,6410000,소,LBI1000080,18852,856055
711,201208,경기,6410000,오리,LBI1000016,323802,14670607
712,201208,경기,6410000,돼지,LBI1000006,191200,10596099
713,201208,광주,6290000,오리,LBI1000016,484755,21595685
714,201208,울산,6310000,소,LBI1000080,1488,79509
715,201208,경남,6480000,닭,LBI1000088,1129146,38470195
716,201208,전북,6450000,돼지,LBI1000006,132022,6469504
717,201208,충남,6440000,닭,LBI1000088,7829643,430662996
718,201208,충북,6430000,오리,LBI1000016,1793825,58403196
719,201208,광주,6290000,돼지,LBI1000006,16868,1083303
720,201208,대구,6270000,닭,LBI1000088,1790362,89679366
721,201208,제주,6500000,말,LBI1000007,60,3689
722,201208,충북,6430000,소,LBI1000080,16050,429716
753,201208,충남,6440000,돼지,LBI1000006,118769,6408008
678,201207,전북,6450000,돼지,LBI1000006,118931,6337482
655,201207,전북,6450000,닭,LBI1000088,30729907,988704188
653,201207,대구,6270000,돼지,LBI1000006,16091,1046293
667,201207,충남,6440000,산양,LBI1000087,20,886
666,201207,강원,6420000,닭,LBI1000088,891577,19153713
665,201207,대전,6300000,소,LBI1000080,1121,57544
663,201207,경남,6480000,오리,LBI1000016,319712,17045239
662,201207,전남,6460000,소,LBI1000080,6183,304806
661,201207,충북,6430000,닭,LBI1000088,15591921,576727269
660,201207,경기,6410000,말,LBI1000007,1,96
659,201207,경기,6410000,당나귀,LBI1000023,1,35
658,201207,제주,6500000,소,LBI1000080,339,16874
657,201207,경북,6470000,소,LBI1000080,7823,409802
656,201207,경북,6470000,말,LBI1000007,10,275
654,201207,강원,6420000,돼지,LBI1000006,38611,2705915
652,201207,전남,6460000,오리,LBI1000016,2570606,112134960
669,201207,경남,6480000,소,LBI1000080,12229,481124
651,201207,충남,6440000,소,LBI1000080,3374,199568
650,201207,인천,6280000,돼지,LBI1000006,21690,1210796
649,201207,제주,6500000,오리,LBI1000016,19095,1083580
648,201207,제주,6500000,돼지,LBI1000006,61092,3225294
647,201207,경북,6470000,산양,LBI1000087,55,2816
646,201207,경남,6480000,돼지,LBI1000006,126438,7678442
645,201207,전남,6460000,산양,LBI1000087,496,1317
644,201207,경북,6470000,돼지,LBI1000006,107491,5301590
643,201207,전남,6460000,돼지,LBI1000006,84951,3858474
642,201207,충남,6440000,돼지,LBI1000006,114091,6289239
641,201207,울산,6310000,돼지,LBI1000006,12247,621786
640,201207,인천,6280000,소,LBI1000080,735,46158
668,201207,대구,6270000,소,LBI1000080,643,49259
664,201207,충남,6440000,오리,LBI1000016,225511,1536440
670,201207,경기,6410000,소,LBI1000080,17043,837203
684,201207,강원,6420000,소,LBI1000080,3374,177751
696,201207,경북,6470000,닭,LBI1000088,10479520,306178651
695,201207,전남,6460000,닭,LBI1000088,7178885,180607498
694,201207,대전,6300000,돼지,LBI1000006,20283,675123
697,201207,제주,6500000,닭,LBI1000088,674282,21710522
693,201207,인천,6280000,닭,LBI1000088,1556465,43166049
692,201207,전북,6450000,소,LBI1000080,3143,185185
691,201207,전북,6450000,말,LBI1000007,2,58
690,201207,충북,6430000,산양,LBI1000087,257,12935
689,201207,경기,6410000,닭,LBI1000088,13223713,510463068
671,201207,충북,6430000,소,LBI1000080,15141,413666
687,201207,충북,6430000,돼지,LBI1000006,179876,8942089
686,201207,경남,6480000,타조,LBI1000024,2,45
685,201207,전북,6450000,오리,LBI1000016,1973208,77948860
688,201207,광주,6290000,소,LBI1000080,1654,90540
683,201207,경기,6410000,오리,LBI1000016,373981,14346805
677,201207,충남,6440000,닭,LBI1000088,9432021,422833353
672,201207,제주,6500000,말,LBI1000007,59,3629
674,201207,광주,6290000,돼지,LBI1000006,16890,1066435
675,201207,충북,6430000,오리,LBI1000016,1721888,56609371
676,201207,강원,6420000,산양,LBI1000087,2,107
673,201207,대구,6270000,닭,LBI1000088,2306588,87889004
680,201207,울산,6310000,소,LBI1000080,1312,78021
681,201207,광주,6290000,오리,LBI1000016,516999,21110930
682,201207,경기,6410000,돼지,LBI1000006,178358,10404899
679,201207,경남,6480000,닭,LBI1000088,1546649,37341049
608,201206,대구,6270000,소,LBI1000080,789,48616
602,201206,광주,6290000,돼지,LBI1000006,16660,1049545
597,201206,울산,6310000,소,LBI1000080,1218,76709
598,201206,경남,6480000,닭,LBI1000088,1332194,35794400
599,201206,전북,6450000,돼지,LBI1000006,111632,6218551
600,201206,충남,6440000,닭,LBI1000088,8077163,413401332
601,201206,충북,6430000,오리,LBI1000016,1605440,54887483
604,201206,제주,6500000,말,LBI1000007,61,3570
603,201206,대구,6270000,닭,LBI1000088,1974484,85582416
605,201206,충북,6430000,소,LBI1000080,13078,398525
606,201206,경기,6410000,소,LBI1000080,16969,820160
607,201206,경남,6480000,소,LBI1000080,11293,468895
595,201206,경기,6410000,돼지,LBI1000006,170416,10226541
596,201206,광주,6290000,오리,LBI1000016,497651,20593931
613,201206,충남,6440000,오리,LBI1000016,306798,1310929
594,201206,경기,6410000,오리,LBI1000016,411085,13972824
593,201206,강원,6420000,소,LBI1000080,2369,174377
592,201206,전북,6450000,오리,LBI1000016,2394734,75975652
591,201206,경남,6480000,타조,LBI1000024,1,43
590,201206,충북,6430000,돼지,LBI1000006,176936,8762213
589,201206,광주,6290000,소,LBI1000080,1593,88886
588,201206,경기,6410000,닭,LBI1000088,11432023,497239355
587,201206,충북,6430000,산양,LBI1000087,183,12678
586,201206,전북,6450000,소,LBI1000080,2964,182042
585,201206,인천,6280000,닭,LBI1000088,951416,41609584
584,201206,대전,6300000,돼지,LBI1000006,17704,654840
583,201206,전남,6460000,닭,LBI1000088,4733568,173428613
610,201206,강원,6420000,사슴,LBI1000017,1,43
582,201206,경북,6470000,닭,LBI1000088,7132463,295699131
581,201206,제주,6500000,닭,LBI1000088,528935,21036240
609,201206,충남,6440000,산양,LBI1000087,26,866
627,201206,충남,6440000,소,LBI1000080,2784,196194
611,201206,강원,6420000,닭,LBI1000088,790017,18262136
626,201206,전남,6460000,오리,LBI1000016,2539682,109564354
612,201206,대전,6300000,소,LBI1000080,1089,56423
638,201206,울산,6310000,돼지,LBI1000006,11383,609539
637,201206,충남,6440000,돼지,LBI1000006,110907,6175148
636,201206,전남,6460000,돼지,LBI1000006,80181,3773523
635,201206,경북,6470000,돼지,LBI1000006,105128,5194099
634,201206,전남,6460000,산양,LBI1000087,235,821
633,201206,경남,6480000,돼지,LBI1000006,122151,7552004
632,201206,경북,6470000,산양,LBI1000087,32,2761
631,201206,강원,6420000,면양,LBI1000086,2,119
630,201206,제주,6500000,돼지,LBI1000006,57608,3164202
629,201206,제주,6500000,오리,LBI1000016,20786,1064485
628,201206,인천,6280000,돼지,LBI1000006,18925,1189106
639,201206,인천,6280000,소,LBI1000080,739,45423
617,201206,충북,6430000,닭,LBI1000088,12753805,561135348
619,201206,제주,6500000,소,LBI1000080,300,16535
614,201206,전남,6460000,사슴,LBI1000017,5,12
615,201206,경남,6480000,오리,LBI1000016,313884,16725527
616,201206,전남,6460000,소,LBI1000080,5549,298623
618,201206,경기,6410000,당나귀,LBI1000023,3,34
625,201206,대구,6270000,돼지,LBI1000006,15871,1030202
620,201206,경북,6470000,소,LBI1000080,6924,401979
621,201206,경북,6470000,말,LBI1000007,6,265
622,201206,전북,6450000,닭,LBI1000088,24686124,957974281
623,201206,충남,6440000,말,LBI1000007,1,25
624,201206,강원,6420000,돼지,LBI1000006,35063,2667304
539,201205,전북,6450000,닭,LBI1000088,23603842,933288157
535,201205,충남,6440000,소,LBI1000080,3285,193410
536,201205,전남,6460000,오리,LBI1000016,3246637,107024672
537,201205,대구,6270000,돼지,LBI1000006,18144,1014331
538,201205,강원,6420000,돼지,LBI1000006,41287,2632241
547,201205,전남,6460000,소,LBI1000080,5609,293074
545,201205,경기,6410000,당나귀,LBI1000023,3,31
540,201205,경북,6470000,말,LBI1000007,6,259
541,201205,경북,6470000,소,LBI1000080,7971,395055
542,201205,제주,6500000,소,LBI1000080,343,16235
543,201205,전남,6460000,말,LBI1000007,2,17
544,201205,경기,6410000,말,LBI1000007,1,95
533,201205,제주,6500000,오리,LBI1000016,27123,1043699
534,201205,인천,6280000,돼지,LBI1000006,19689,1170181
527,201205,전남,6460000,돼지,LBI1000006,87485,3693342
532,201205,제주,6500000,돼지,LBI1000006,63327,3106594
531,201205,경북,6470000,산양,LBI1000087,19,2729
530,201205,경남,6480000,돼지,LBI1000006,135086,7429853
529,201205,전남,6460000,산양,LBI1000087,193,586
528,201205,경북,6470000,돼지,LBI1000006,111880,5088971
526,201205,충남,6440000,돼지,LBI1000006,122470,6064241
525,201205,울산,6310000,돼지,LBI1000006,11808,598156
524,201205,인천,6280000,소,LBI1000080,739,44684
579,201205,경북,6470000,닭,LBI1000088,7299552,288566668
578,201205,전남,6460000,닭,LBI1000088,4256979,168695045
576,201205,인천,6280000,닭,LBI1000088,801288,40658168
577,201205,대전,6300000,돼지,LBI1000006,18966,637136
546,201205,충북,6430000,닭,LBI1000088,12955786,548381543
575,201205,전북,6450000,소,LBI1000080,3545,179078
548,201205,경남,6480000,오리,LBI1000016,379797,16411643
549,201205,충남,6440000,오리,LBI1000016,309435,1004131
572,201205,경기,6410000,닭,LBI1000088,12229505,485807332
573,201205,전북,6450000,말,LBI1000007,1,56
580,201205,제주,6500000,닭,LBI1000088,602077,20507305
571,201205,광주,6290000,소,LBI1000080,1665,87293
570,201205,충북,6430000,돼지,LBI1000006,186064,8585277
569,201205,전북,6450000,오리,LBI1000016,3020173,73580918
568,201205,강원,6420000,소,LBI1000080,2693,172008
567,201205,경기,6410000,오리,LBI1000016,522101,13561739
566,201205,경기,6410000,돼지,LBI1000006,186632,10056125
565,201205,광주,6290000,오리,LBI1000016,672981,20096280
564,201205,울산,6310000,소,LBI1000080,1386,75491
563,201205,경남,6480000,닭,LBI1000088,1294410,34462206
562,201205,전북,6450000,돼지,LBI1000006,124769,6106919
561,201205,충남,6440000,닭,LBI1000088,8598127,405324169
560,201205,충북,6430000,오리,LBI1000016,2222693,53282043
559,201205,광주,6290000,돼지,LBI1000006,19105,1032885
558,201205,대구,6270000,닭,LBI1000088,1947741,83607932
557,201205,제주,6500000,말,LBI1000007,74,3509
556,201205,충북,6430000,소,LBI1000080,13338,385447
555,201205,경기,6410000,소,LBI1000080,16821,803191
554,201205,경남,6480000,소,LBI1000080,10966,457602
553,201205,대구,6270000,소,LBI1000080,706,47827
552,201205,충남,6440000,산양,LBI1000087,10,840
551,201205,강원,6420000,닭,LBI1000088,600334,17472119
550,201205,대전,6300000,소,LBI1000080,1123,55334
574,201205,충북,6430000,산양,LBI1000087,126,12495
484,201204,울산,6310000,소,LBI1000080,1271,74105
482,201204,경기,6410000,돼지,LBI1000006,165821,9869493
496,201204,충남,6440000,산양,LBI1000087,30,830
494,201204,경남,6480000,소,LBI1000080,12751,446636
493,201204,경기,6410000,소,LBI1000080,16489,786370
492,201204,충북,6430000,소,LBI1000080,12975,372109
491,201204,제주,6500000,말,LBI1000007,82,3435
489,201204,광주,6290000,돼지,LBI1000006,18829,1013780
488,201204,충북,6430000,오리,LBI1000016,1904284,51059350
487,201204,충남,6440000,닭,LBI1000088,7276300,396726042
486,201204,전북,6450000,돼지,LBI1000006,115418,5982150
485,201204,경남,6480000,닭,LBI1000088,1028337,33167796
483,201204,광주,6290000,오리,LBI1000016,593395,19423299
481,201204,경기,6410000,오리,LBI1000016,333692,13039638
480,201204,강원,6420000,소,LBI1000080,2599,169315
479,201204,전북,6450000,오리,LBI1000016,2700662,70560745
478,201204,충북,6430000,돼지,LBI1000006,169667,8399213
477,201204,광주,6290000,소,LBI1000080,1594,85628
476,201204,경기,6410000,닭,LBI1000088,10522530,473577827
475,201204,전북,6450000,말,LBI1000007,1,55
474,201204,충북,6430000,산양,LBI1000087,139,12369
473,201204,전북,6450000,소,LBI1000080,3057,175533
472,201204,인천,6280000,닭,LBI1000088,577375,39856880
471,201204,대전,6300000,돼지,LBI1000006,16813,618170
470,201204,전남,6460000,닭,LBI1000088,2885607,164438066
469,201204,경북,6470000,닭,LBI1000088,6187368,281267116
468,201204,제주,6500000,닭,LBI1000088,532851,19905228
523,201204,인천,6280000,소,LBI1000080,766,43945
495,201204,대구,6270000,소,LBI1000080,782,47121
490,201204,대구,6270000,닭,LBI1000088,1493341,81660191
497,201204,강원,6420000,닭,LBI1000088,396375,16871785
510,201204,대구,6270000,돼지,LBI1000006,15742,996187
522,201204,울산,6310000,돼지,LBI1000006,10086,586348
521,201204,충남,6440000,돼지,LBI1000006,115733,5941771
520,201204,전남,6460000,돼지,LBI1000006,78184,3605857
519,201204,경북,6470000,돼지,LBI1000006,97059,4977091
518,201204,전남,6460000,산양,LBI1000087,113,393
517,201204,경남,6480000,돼지,LBI1000006,125555,7294767
516,201204,경북,6470000,산양,LBI1000087,6,2710
515,201204,제주,6500000,돼지,LBI1000006,58599,3043267
498,201204,대전,6300000,소,LBI1000080,1197,54211
513,201204,인천,6280000,돼지,LBI1000006,18528,1150492
512,201204,충남,6440000,소,LBI1000080,3140,190125
511,201204,전남,6460000,오리,LBI1000016,2848873,103778035
514,201204,제주,6500000,오리,LBI1000016,19585,1016576
509,201204,강원,6420000,돼지,LBI1000006,37499,2590954
503,201204,경기,6410000,당나귀,LBI1000023,2,28
508,201204,전북,6450000,닭,LBI1000088,19599813,909684315
500,201204,경남,6480000,오리,LBI1000016,321017,16031846
501,201204,전남,6460000,소,LBI1000080,5401,287465
502,201204,충북,6430000,닭,LBI1000088,10915826,535425757
499,201204,충남,6440000,오리,LBI1000016,275899,694696
504,201204,경기,6410000,말,LBI1000007,2,94
506,201204,경북,6470000,소,LBI1000080,8044,387084
507,201204,경북,6470000,말,LBI1000007,6,253
505,201204,제주,6500000,소,LBI1000080,336,15892
432,201203,충북,6430000,닭,LBI1000088,10783403,524509931
427,201203,전북,6450000,닭,LBI1000088,18790834,890084502
428,201203,경북,6470000,말,LBI1000007,8,247
429,201203,경북,6470000,소,LBI1000080,7804,379040
430,201203,제주,6500000,소,LBI1000080,313,15556
431,201203,경기,6410000,당나귀,LBI1000023,3,26
435,201203,충남,6440000,오리,LBI1000016,157826,418797
434,201203,경남,6480000,오리,LBI1000016,311661,15710829
436,201203,전남,6460000,사슴,LBI1000017,3,7
437,201203,대전,6300000,소,LBI1000080,1166,53014
438,201203,강원,6420000,닭,LBI1000088,183210,16475410
424,201203,전남,6460000,오리,LBI1000016,2375416,100929162
426,201203,강원,6420000,돼지,LBI1000006,39658,2553455
425,201203,대구,6270000,돼지,LBI1000006,17438,980445
423,201203,충남,6440000,소,LBI1000080,3720,186985
422,201203,인천,6280000,돼지,LBI1000006,19422,1131964
421,201203,제주,6500000,오리,LBI1000016,22554,996991
420,201203,제주,6500000,돼지,LBI1000006,72187,2984668
419,201203,경북,6470000,산양,LBI1000087,8,2704
418,201203,경남,6480000,돼지,LBI1000006,140834,7169212
417,201203,전남,6460000,산양,LBI1000087,132,280
416,201203,경북,6470000,돼지,LBI1000006,116715,4880032
415,201203,전남,6460000,돼지,LBI1000006,89069,3527673
414,201203,충남,6440000,돼지,LBI1000006,137240,5826038
413,201203,울산,6310000,돼지,LBI1000006,10844,576262
412,201203,인천,6280000,소,LBI1000080,778,43179
440,201203,대구,6270000,소,LBI1000080,751,46339
439,201203,충남,6440000,산양,LBI1000087,28,800
433,201203,전남,6460000,소,LBI1000080,5462,282064
441,201203,경남,6480000,소,LBI1000080,10281,433885
454,201203,경기,6410000,오리,LBI1000016,252598,12705946
442,201203,경기,6410000,소,LBI1000080,17621,769881
466,201203,경북,6470000,닭,LBI1000088,5962572,275079748
465,201203,전남,6460000,닭,LBI1000088,2481455,161552459
464,201203,대전,6300000,돼지,LBI1000006,18848,601357
463,201203,인천,6280000,닭,LBI1000088,473102,39279505
462,201203,전북,6450000,소,LBI1000080,3282,172476
461,201203,충북,6430000,산양,LBI1000087,106,12230
460,201203,전북,6450000,말,LBI1000007,1,54
458,201203,광주,6290000,소,LBI1000080,1642,84034
457,201203,충북,6430000,돼지,LBI1000006,182989,8229546
456,201203,전북,6450000,오리,LBI1000016,2316711,67860083
455,201203,강원,6420000,소,LBI1000080,2431,166716
459,201203,경기,6410000,닭,LBI1000088,10577579,463055297
444,201203,제주,6500000,말,LBI1000007,73,3353
448,201203,충남,6440000,닭,LBI1000088,7038435,389449742
453,201203,경기,6410000,돼지,LBI1000006,183347,9703672
445,201203,대구,6270000,닭,LBI1000088,1516813,80166850
446,201203,광주,6290000,돼지,LBI1000006,23611,994951
467,201203,제주,6500000,닭,LBI1000088,483564,19372377
443,201203,충북,6430000,소,LBI1000080,12897,359134
447,201203,충북,6430000,오리,LBI1000016,1684404,49155066
449,201203,전북,6450000,돼지,LBI1000006,129608,5866732
450,201203,경남,6480000,닭,LBI1000088,975149,32139459
451,201203,울산,6310000,소,LBI1000080,1219,72834
452,201203,광주,6290000,오리,LBI1000016,379358,18829904
371,201202,울산,6310000,소,LBI1000080,1209,71615
372,201202,경남,6480000,닭,LBI1000088,1136052,31164310
373,201202,전북,6450000,돼지,LBI1000006,119783,5737124
374,201202,충남,6440000,닭,LBI1000088,7038750,382411307
375,201202,충북,6430000,오리,LBI1000016,1265402,47470662
381,201202,경남,6480000,소,LBI1000080,9266,423604
376,201202,광주,6290000,돼지,LBI1000006,21580,971340
377,201202,대구,6270000,닭,LBI1000088,1427897,78650037
378,201202,제주,6500000,말,LBI1000007,68,3280
379,201202,충북,6430000,소,LBI1000080,12610,346237
380,201202,경기,6410000,소,LBI1000080,15190,752260
369,201202,경기,6410000,돼지,LBI1000006,169931,9520325
370,201202,광주,6290000,오리,LBI1000016,338766,18450546
356,201202,경북,6470000,닭,LBI1000088,5522964,269117176
368,201202,경기,6410000,오리,LBI1000016,234980,12453348
367,201202,강원,6420000,소,LBI1000080,2403,164285
366,201202,전북,6450000,오리,LBI1000016,1661068,65543372
365,201202,충북,6430000,돼지,LBI1000006,168333,8046557
364,201202,광주,6290000,소,LBI1000080,1486,82392
363,201202,경기,6410000,닭,LBI1000088,10247951,452477718
362,201202,전북,6450000,말,LBI1000007,1,53
361,201202,충북,6430000,산양,LBI1000087,99,12124
360,201202,전북,6450000,소,LBI1000080,2947,169194
359,201202,인천,6280000,닭,LBI1000088,460515,38806403
358,201202,대전,6300000,돼지,LBI1000006,18784,582509
357,201202,전남,6460000,닭,LBI1000088,2145790,159071004
383,201202,충남,6440000,산양,LBI1000087,32,772
355,201202,제주,6500000,닭,LBI1000088,424766,18888813
382,201202,대구,6270000,소,LBI1000080,675,45588
391,201202,경기,6410000,당나귀,LBI1000023,2,23
384,201202,강원,6420000,닭,LBI1000088,181020,16292200
399,201202,충남,6440000,소,LBI1000080,3477,183265
411,201202,인천,6280000,소,LBI1000080,783,42401
410,201202,울산,6310000,돼지,LBI1000006,9236,565418
409,201202,충남,6440000,돼지,LBI1000006,134976,5688798
408,201202,전남,6460000,돼지,LBI1000006,85641,3438604
407,201202,경북,6470000,돼지,LBI1000006,102173,4763317
406,201202,전남,6460000,산양,LBI1000087,49,148
385,201202,대전,6300000,소,LBI1000080,1120,51848
404,201202,경북,6470000,산양,LBI1000087,12,2696
403,201202,강원,6420000,면양,LBI1000086,1,117
402,201202,제주,6500000,돼지,LBI1000006,66522,2912481
401,201202,제주,6500000,오리,LBI1000016,19970,974437
400,201202,인천,6280000,돼지,LBI1000006,20012,1112542
405,201202,경남,6480000,돼지,LBI1000006,132539,7028378
398,201202,전남,6460000,오리,LBI1000016,1928010,98553746
390,201202,경기,6410000,말,LBI1000007,2,92
397,201202,대구,6270000,돼지,LBI1000006,19331,963007
386,201202,충남,6440000,오리,LBI1000016,162934,260971
387,201202,경남,6480000,오리,LBI1000016,228147,15399168
389,201202,충북,6430000,닭,LBI1000088,10042669,513726528
388,201202,전남,6460000,소,LBI1000080,4835,276602
392,201202,제주,6500000,소,LBI1000080,340,15243
393,201202,경북,6470000,소,LBI1000080,7233,371236
394,201202,경북,6470000,말,LBI1000007,4,239
395,201202,전북,6450000,닭,LBI1000088,17903854,871293668
396,201202,강원,6420000,돼지,LBI1000006,32410,2513797
318,201201,경기,6410000,말,LBI1000007,1,90
313,201201,전북,6450000,닭,LBI1000088,18185651,853389814
314,201201,경북,6470000,말,LBI1000007,5,235
315,201201,경북,6470000,소,LBI1000080,13051,364003
316,201201,제주,6500000,소,LBI1000080,567,14903
317,201201,경기,6410000,당나귀,LBI1000023,3,21
324,201201,강원,6420000,닭,LBI1000088,233670,16111180
319,201201,충북,6430000,닭,LBI1000088,10433101,503683859
320,201201,전남,6460000,소,LBI1000080,9710,271767
321,201201,경남,6480000,오리,LBI1000016,273596,15171021
322,201201,충남,6440000,오리,LBI1000016,86531,98037
311,201201,대구,6270000,돼지,LBI1000006,17687,943676
312,201201,강원,6420000,돼지,LBI1000006,28106,2481387
323,201201,대전,6300000,소,LBI1000080,2335,50728
310,201201,전남,6460000,오리,LBI1000016,1779173,96625736
309,201201,충남,6440000,소,LBI1000080,8179,179788
308,201201,인천,6280000,돼지,LBI1000006,16644,1092530
307,201201,제주,6500000,오리,LBI1000016,21698,954467
306,201201,제주,6500000,돼지,LBI1000006,62626,2845959
305,201201,경북,6470000,산양,LBI1000087,16,2684
304,201201,경남,6480000,돼지,LBI1000006,120742,6895839
303,201201,전남,6460000,산양,LBI1000087,12,99
302,201201,경북,6470000,돼지,LBI1000006,86898,4661144
301,201201,전남,6460000,돼지,LBI1000006,78064,3352963
300,201201,충남,6440000,돼지,LBI1000006,113614,5553822
299,201201,울산,6310000,돼지,LBI1000006,7522,556182
298,201201,인천,6280000,소,LBI1000080,1803,41618
326,201201,강원,6420000,사슴,LBI1000017,3,42
325,201201,충남,6440000,산양,LBI1000087,19,740
338,201201,울산,6310000,소,LBI1000080,2338,70406
327,201201,대구,6270000,소,LBI1000080,2093,44913
341,201201,경기,6410000,오리,LBI1000016,246337,12218368
354,201201,제주,6500000,닭,LBI1000088,391218,18464047
353,201201,경북,6470000,닭,LBI1000088,5672127,263594212
352,201201,전남,6460000,닭,LBI1000088,2857733,156925214
351,201201,대전,6300000,돼지,LBI1000006,15915,563725
350,201201,인천,6280000,닭,LBI1000088,589840,38345888
349,201201,전북,6450000,소,LBI1000080,7382,166247
348,201201,충북,6430000,산양,LBI1000087,101,12025
346,201201,경기,6410000,닭,LBI1000088,10790763,442229767
345,201201,광주,6290000,소,LBI1000080,2202,80906
344,201201,충북,6430000,돼지,LBI1000006,144135,7878224
343,201201,전북,6450000,오리,LBI1000016,1341763,63882304
342,201201,강원,6420000,소,LBI1000080,5515,161882
347,201201,전북,6450000,말,LBI1000007,1,52
340,201201,경기,6410000,돼지,LBI1000006,143609,9350394
334,201201,충북,6430000,오리,LBI1000016,1336855,46205260
339,201201,광주,6290000,오리,LBI1000016,311347,18111780
329,201201,경기,6410000,소,LBI1000080,25494,737070
330,201201,충북,6430000,소,LBI1000080,18473,333627
331,201201,제주,6500000,말,LBI1000007,56,3212
333,201201,광주,6290000,돼지,LBI1000006,17958,949760
332,201201,대구,6270000,닭,LBI1000088,1466160,77222140
335,201201,충남,6440000,닭,LBI1000088,7900667,375372557
336,201201,전북,6450000,돼지,LBI1000006,103133,5617341
337,201201,경남,6480000,닭,LBI1000088,933866,30028258
328,201201,경남,6480000,소,LBI1000080,14075,414338
116,201112,충남,6440000,닭,LBI1000088,8361643,367471890
111,201112,경기,6410000,돼지,LBI1000006,137857,9206785
112,201112,광주,6290000,오리,LBI1000016,668667,17800433
113,201112,울산,6310000,소,LBI1000080,1686,68068
114,201112,경남,6480000,닭,LBI1000088,776881,29094392
115,201112,전북,6450000,돼지,LBI1000006,107808,5514208
122,201112,경기,6410000,소,LBI1000080,22454,711576
117,201112,충북,6430000,오리,LBI1000016,1790009,44868405
118,201112,광주,6290000,돼지,LBI1000006,16972,931802
119,201112,대구,6270000,닭,LBI1000088,1548356,75755980
120,201112,제주,6500000,말,LBI1000007,62,3156
121,201112,충북,6430000,소,LBI1000080,17037,315154
109,201112,강원,6420000,소,LBI1000080,4107,156367
110,201112,경기,6410000,오리,LBI1000016,568435,11972031
96,201112,제주,6500000,닭,LBI1000088,470862,18072829
108,201112,전북,6450000,오리,LBI1000016,2382648,62540541
107,201112,충북,6430000,돼지,LBI1000006,140091,7734089
106,201112,광주,6290000,소,LBI1000080,1891,78704
105,201112,경기,6410000,닭,LBI1000088,11627421,431439004
104,201112,전북,6450000,말,LBI1000007,2,51
103,201112,충북,6430000,산양,LBI1000087,119,11924
102,201112,전북,6450000,소,LBI1000080,4449,158865
101,201112,인천,6280000,닭,LBI1000088,647355,37756048
100,201112,대전,6300000,돼지,LBI1000006,12897,547810
99,201112,충북,6430000,사슴,LBI1000017,8,195
98,201112,전남,6460000,닭,LBI1000088,2773422,154067481
97,201112,경북,6470000,닭,LBI1000088,6428635,257922085
125,201112,충남,6440000,산양,LBI1000087,17,721
124,201112,대구,6270000,소,LBI1000080,1003,42820
123,201112,경남,6480000,소,LBI1000080,13150,400263
126,201112,강원,6420000,닭,LBI1000088,486870,15877510
140,201112,대구,6270000,돼지,LBI1000006,18466,925989
297,201112,인천,6280000,소,LBI1000080,1216,39815
296,201112,울산,6310000,돼지,LBI1000006,9162,548660
295,201112,충남,6440000,돼지,LBI1000006,111513,5440208
294,201112,전남,6460000,돼지,LBI1000006,87076,3274899
293,201112,경북,6470000,돼지,LBI1000006,94973,4574246
292,201112,전남,6460000,산양,LBI1000087,62,87
147,201112,경남,6480000,돼지,LBI1000006,126495,6775097
145,201112,제주,6500000,돼지,LBI1000006,63240,2783333
144,201112,제주,6500000,오리,LBI1000016,26674,932769
143,201112,인천,6280000,돼지,LBI1000006,15728,1075886
142,201112,충남,6440000,소,LBI1000080,4855,171609
141,201112,전남,6460000,오리,LBI1000016,2844896,94846563
146,201112,경북,6470000,산양,LBI1000087,54,2668
139,201112,강원,6420000,돼지,LBI1000006,25080,2453281
132,201112,경기,6410000,당나귀,LBI1000023,3,18
138,201112,전북,6450000,닭,LBI1000088,19657643,835204163
127,201112,대전,6300000,소,LBI1000080,1613,48393
128,201112,경남,6480000,오리,LBI1000016,371533,14897425
129,201112,전남,6460000,소,LBI1000080,7234,262057
131,201112,경기,6410000,말,LBI1000007,3,89
130,201112,충북,6430000,닭,LBI1000088,11991303,493250758
133,201112,전남,6460000,말,LBI1000007,1,15
134,201112,제주,6500000,꿩,LBI1000022,1500,21964
135,201112,제주,6500000,소,LBI1000080,450,14336
136,201112,경북,6470000,소,LBI1000080,9867,350952
137,201112,경북,6470000,말,LBI1000007,7,230
51,201111,강원,6420000,돼지,LBI1000006,23681,2428201
57,201111,전남,6460000,말,LBI1000007,1,14
52,201111,충남,6440000,말,LBI1000007,1,24
53,201111,전북,6450000,닭,LBI1000088,17748223,815546520
54,201111,경북,6470000,말,LBI1000007,6,223
55,201111,경북,6470000,소,LBI1000080,8745,341085
56,201111,제주,6500000,소,LBI1000080,343,13886
63,201111,대전,6300000,소,LBI1000080,1470,46780
58,201111,경기,6410000,당나귀,LBI1000023,3,15
59,201111,경기,6410000,말,LBI1000007,1,86
60,201111,충북,6430000,닭,LBI1000088,10844794,481259455
61,201111,전남,6460000,소,LBI1000080,5914,254823
62,201111,경남,6480000,오리,LBI1000016,365849,14525892
49,201111,제주,6500000,산양,LBI1000087,30,30
50,201111,대구,6270000,돼지,LBI1000006,18021,907523
35,201111,인천,6280000,소,LBI1000080,910,38599
48,201111,전남,6460000,오리,LBI1000016,2867562,92001667
47,201111,충남,6440000,소,LBI1000080,3780,166754
46,201111,인천,6280000,돼지,LBI1000006,17221,1060158
45,201111,제주,6500000,오리,LBI1000016,22019,906095
44,201111,제주,6500000,돼지,LBI1000006,65581,2720093
43,201111,강원,6420000,면양,LBI1000086,2,116
42,201111,경북,6470000,산양,LBI1000087,48,2614
41,201111,경남,6480000,돼지,LBI1000006,141084,6648602
40,201111,전남,6460000,산양,LBI1000087,3,25
39,201111,경북,6470000,돼지,LBI1000006,99545,4479273
38,201111,전남,6460000,돼지,LBI1000006,94781,3187823
37,201111,충남,6440000,돼지,LBI1000006,133047,5328695
36,201111,울산,6310000,돼지,LBI1000006,9256,539498
65,201111,충남,6440000,산양,LBI1000087,12,704
64,201111,강원,6420000,닭,LBI1000088,391624,15390640
95,201111,제주,6500000,닭,LBI1000088,428085,17601967
66,201111,대구,6270000,소,LBI1000080,881,41817
81,201111,경기,6410000,오리,LBI1000016,511695,11403596
67,201111,경남,6480000,소,LBI1000080,11157,387113
93,201111,전남,6460000,닭,LBI1000088,2467756,151294059
92,201111,충북,6430000,말,LBI1000007,1,22
91,201111,대전,6300000,돼지,LBI1000006,15454,534913
90,201111,인천,6280000,닭,LBI1000088,522573,37108693
89,201111,전북,6450000,소,LBI1000080,3408,154416
88,201111,충북,6430000,산양,LBI1000087,148,11805
87,201111,전북,6450000,말,LBI1000007,2,49
86,201111,경기,6410000,닭,LBI1000088,10678843,419811583
85,201111,광주,6290000,소,LBI1000080,1684,76813
84,201111,충북,6430000,돼지,LBI1000006,155325,7593998
83,201111,전북,6450000,오리,LBI1000016,2522574,60157893
82,201111,강원,6420000,소,LBI1000080,2622,152260
94,201111,경북,6470000,닭,LBI1000088,6266584,251493450
80,201111,경기,6410000,돼지,LBI1000006,158737,9068928
73,201111,광주,6290000,돼지,LBI1000006,17303,914830
68,201111,경기,6410000,소,LBI1000080,19445,689122
69,201111,강원,6420000,꿩,LBI1000022,500,3700
70,201111,충북,6430000,소,LBI1000080,14659,298117
72,201111,대구,6270000,닭,LBI1000088,1384972,74207624
71,201111,제주,6500000,말,LBI1000007,78,3094
74,201111,충북,6430000,오리,LBI1000016,1766824,43078396
75,201111,충남,6440000,닭,LBI1000088,7359470,359110247
76,201111,전북,6450000,돼지,LBI1000006,123201,5406400
77,201111,경남,6480000,닭,LBI1000088,873688,28317511
78,201111,울산,6310000,소,LBI1000080,1384,66382
79,201111,광주,6290000,오리,LBI1000016,397058,17131766
1864,201110,충북,6430000,사슴,LBI1000017,14,187
1868,201110,충북,6430000,산양,LBI1000087,111,11657
1867,201110,전북,6450000,소,LBI1000080,2786,151008
1866,201110,인천,6280000,닭,LBI1000088,599450,36586120
1865,201110,대전,6300000,돼지,LBI1000006,18511,519459
5,201110,대구,6270000,소,LBI1000080,883,40936
1863,201110,전남,6460000,닭,LBI1000088,2255363,148826303
1862,201110,경북,6470000,닭,LBI1000088,5855527,245226866
1861,201110,제주,6500000,닭,LBI1000088,374384,17173882
1884,201110,대구,6270000,닭,LBI1000088,1372830,72822652
4,201110,경남,6480000,소,LBI1000080,9076,375956
1870,201110,경기,6410000,닭,LBI1000088,10426536,409132740
1869,201110,전북,6450000,말,LBI1000007,3,47
1876,201110,경기,6410000,돼지,LBI1000006,150661,8910191
1871,201110,광주,6290000,소,LBI1000080,1549,75129
1872,201110,충북,6430000,돼지,LBI1000006,163316,7438673
1873,201110,전북,6450000,오리,LBI1000016,2197204,57635319
1874,201110,강원,6420000,소,LBI1000080,2692,149638
1875,201110,경기,6410000,오리,LBI1000016,332411,10891901
1877,201110,광주,6290000,오리,LBI1000016,493432,16734708
1878,201110,울산,6310000,소,LBI1000080,1272,64998
1879,201110,경남,6480000,닭,LBI1000088,745636,27443823
1880,201110,전북,6450000,돼지,LBI1000006,111205,5283199
1881,201110,충남,6440000,닭,LBI1000088,7032468,351750777
1882,201110,충북,6430000,오리,LBI1000016,1572958,41311572
7,201110,대전,6300000,소,LBI1000080,1274,45310
6,201110,강원,6420000,닭,LBI1000088,366534,14999016
3,201110,경기,6410000,소,LBI1000080,16133,669677
8,201110,경남,6480000,오리,LBI1000016,291151,14160043
9,201110,전남,6460000,소,LBI1000080,5322,248909
34,201110,인천,6280000,소,LBI1000080,730,37689
33,201110,울산,6310000,돼지,LBI1000006,8601,530242
32,201110,충남,6440000,돼지,LBI1000006,126084,5195648
31,201110,전남,6460000,돼지,LBI1000006,91261,3093042
30,201110,경북,6470000,돼지,LBI1000006,90389,4379728
29,201110,경남,6480000,돼지,LBI1000006,132219,6507518
28,201110,경북,6470000,산양,LBI1000087,27,2566
27,201110,강원,6420000,면양,LBI1000086,2,114
26,201110,제주,6500000,돼지,LBI1000006,62511,2654512
25,201110,제주,6500000,오리,LBI1000016,20478,884076
24,201110,인천,6280000,돼지,LBI1000006,15914,1042937
23,201110,충남,6440000,소,LBI1000080,3511,162974
22,201110,전남,6460000,오리,LBI1000016,2699512,89134105
21,201110,경남,6480000,말,LBI1000007,1,2
20,201110,대구,6270000,돼지,LBI1000006,15786,889502
19,201110,강원,6420000,돼지,LBI1000006,22678,2404520
18,201110,충남,6440000,말,LBI1000007,1,23
17,201110,전북,6450000,닭,LBI1000088,18396558,797798297
16,201110,경북,6470000,말,LBI1000007,5,217
15,201110,경북,6470000,소,LBI1000080,7926,332340
14,201110,제주,6500000,소,LBI1000080,321,13543
13,201110,경기,6410000,사슴,LBI1000017,1,2
12,201110,경기,6410000,당나귀,LBI1000023,3,12
11,201110,경기,6410000,말,LBI1000007,1,85
10,201110,충북,6430000,닭,LBI1000088,10686297,470414661
1883,201110,광주,6290000,돼지,LBI1000006,17184,897527
1,201110,제주,6500000,말,LBI1000007,68,3016
2,201110,충북,6430000,소,LBI1000080,13195,283458
1859,201109,경북,6470000,닭,LBI1000088,5587349,239371339
1817,201109,전남,6460000,오리,LBI1000016,2143524,86434593
1830,201109,강원,6420000,닭,LBI1000088,494484,14632482
1829,201109,대전,6300000,소,LBI1000080,1581,44036
1828,201109,경남,6480000,오리,LBI1000016,279484,13868892
1827,201109,전남,6460000,소,LBI1000080,6767,243587
1826,201109,충북,6430000,닭,LBI1000088,10833999,459728364
1825,201109,경기,6410000,말,LBI1000007,1,84
1824,201109,전남,6460000,말,LBI1000007,1,13
1823,201109,제주,6500000,소,LBI1000080,389,13222
1822,201109,경북,6470000,소,LBI1000080,8929,324414
1821,201109,경북,6470000,말,LBI1000007,6,212
1820,201109,전북,6450000,닭,LBI1000088,18160918,779401739
1818,201109,대구,6270000,돼지,LBI1000006,16289,873716
1816,201109,충남,6440000,소,LBI1000080,4966,159463
1832,201109,대구,6270000,소,LBI1000080,1196,40053
1815,201109,인천,6280000,돼지,LBI1000006,14476,1027023
1814,201109,제주,6500000,오리,LBI1000016,24971,863598
1813,201109,제주,6500000,돼지,LBI1000006,57696,2592001
1812,201109,경북,6470000,산양,LBI1000087,22,2539
1811,201109,경남,6480000,돼지,LBI1000006,124073,6375299
1810,201109,경북,6470000,돼지,LBI1000006,78760,4289339
1809,201109,전남,6460000,돼지,LBI1000006,79085,3001781
1808,201109,충남,6440000,돼지,LBI1000006,101221,5069564
1807,201109,울산,6310000,돼지,LBI1000006,7866,521641
1806,201109,인천,6280000,소,LBI1000080,835,36959
1860,201109,제주,6500000,닭,LBI1000088,402040,16799498
1831,201109,강원,6420000,사슴,LBI1000017,1,39
1819,201109,강원,6420000,돼지,LBI1000006,18775,2381842
1833,201109,경남,6480000,소,LBI1000080,10096,366880
1846,201109,경기,6410000,오리,LBI1000016,401463,10559490
1834,201109,경기,6410000,소,LBI1000080,18428,653544
1858,201109,전남,6460000,닭,LBI1000088,2188112,146570940
1857,201109,충북,6430000,사슴,LBI1000017,5,173
1856,201109,충북,6430000,말,LBI1000007,1,21
1855,201109,대전,6300000,돼지,LBI1000006,14681,500948
1854,201109,인천,6280000,닭,LBI1000088,792065,35986670
1853,201109,전북,6450000,소,LBI1000080,4621,148222
1852,201109,충북,6430000,산양,LBI1000087,134,11546
1850,201109,광주,6290000,소,LBI1000080,1775,73580
1849,201109,충북,6430000,돼지,LBI1000006,133178,7275357
1848,201109,전북,6450000,오리,LBI1000016,2166197,55438115
1847,201109,강원,6420000,소,LBI1000080,3174,146946
1851,201109,경기,6410000,닭,LBI1000088,10372585,398706204
1845,201109,경기,6410000,돼지,LBI1000006,123787,8759530
1840,201109,충남,6440000,닭,LBI1000088,7274768,344718309
1836,201109,제주,6500000,말,LBI1000007,61,2948
1837,201109,대구,6270000,닭,LBI1000088,1294072,71449822
1838,201109,광주,6290000,돼지,LBI1000006,13534,880343
1839,201109,충북,6430000,오리,LBI1000016,1689446,39738614
1835,201109,충북,6430000,소,LBI1000080,13214,270263
1841,201109,전북,6450000,돼지,LBI1000006,100482,5171994
1843,201109,울산,6310000,소,LBI1000080,2059,63726
1844,201109,광주,6290000,오리,LBI1000016,423065,16241276
1842,201109,경남,6480000,닭,LBI1000088,859773,26698187
1769,201108,충남,6440000,닭,LBI1000088,7857123,337443541
1764,201108,경기,6410000,돼지,LBI1000006,111438,8635743
1765,201108,광주,6290000,오리,LBI1000016,579968,15818211
1766,201108,울산,6310000,소,LBI1000080,1792,61667
1767,201108,경남,6480000,닭,LBI1000088,974043,25838414
1768,201108,전북,6450000,돼지,LBI1000006,109683,5071512
1771,201108,광주,6290000,돼지,LBI1000006,14781,866809
1770,201108,충북,6430000,오리,LBI1000016,2136474,38049168
1772,201108,대구,6270000,닭,LBI1000088,1879598,70155750
1773,201108,제주,6500000,말,LBI1000007,82,2887
1774,201108,충북,6430000,소,LBI1000080,18618,257049
1762,201108,강원,6420000,소,LBI1000080,5201,143772
1763,201108,경기,6410000,오리,LBI1000016,494842,10158027
1749,201108,경북,6470000,닭,LBI1000088,7992223,233783990
1761,201108,전북,6450000,오리,LBI1000016,2566176,53271918
1760,201108,경남,6480000,타조,LBI1000024,1,42
1759,201108,충북,6430000,돼지,LBI1000006,121761,7142179
1758,201108,광주,6290000,소,LBI1000080,1761,71805
1757,201108,경기,6410000,닭,LBI1000088,9957057,388333619
1756,201108,전북,6450000,말,LBI1000007,2,44
1755,201108,충북,6430000,산양,LBI1000087,241,11412
1754,201108,전북,6450000,소,LBI1000080,5044,143601
1753,201108,인천,6280000,닭,LBI1000088,854074,35194605
1752,201108,대전,6300000,돼지,LBI1000006,14106,486267
1751,201108,충북,6430000,사슴,LBI1000017,11,168
1750,201108,전남,6460000,닭,LBI1000088,4385464,144382828
1776,201108,경남,6480000,소,LBI1000080,14318,356784
1775,201108,경기,6410000,소,LBI1000080,25126,635116
1748,201108,제주,6500000,닭,LBI1000088,441758,16397458
1777,201108,대구,6270000,소,LBI1000080,1765,38857
1792,201108,전남,6460000,오리,LBI1000016,2834047,84291069
1778,201108,강원,6420000,사슴,LBI1000017,3,38
1805,201108,인천,6280000,소,LBI1000080,1227,36124
1804,201108,울산,6310000,돼지,LBI1000006,9213,513775
1803,201108,충남,6440000,돼지,LBI1000006,100684,4968343
1802,201108,전남,6460000,돼지,LBI1000006,76553,2922696
1801,201108,경북,6470000,돼지,LBI1000006,85554,4210579
1800,201108,경남,6480000,돼지,LBI1000006,125762,6251226
1799,201108,경북,6470000,산양,LBI1000087,50,2517
1797,201108,제주,6500000,오리,LBI1000016,25820,838627
1796,201108,강원,6420000,면양,LBI1000086,2,112
1795,201108,인천,6280000,돼지,LBI1000006,14324,1012547
1794,201108,인천,6280000,산양,LBI1000087,49,1090
1793,201108,충남,6440000,소,LBI1000080,6191,154497
1798,201108,제주,6500000,돼지,LBI1000006,64658,2534305
1791,201108,대구,6270000,돼지,LBI1000006,16808,857427
1785,201108,경기,6410000,말,LBI1000007,1,83
1790,201108,강원,6420000,돼지,LBI1000006,20275,2363067
1780,201108,대전,6300000,소,LBI1000080,1971,42455
1781,201108,경남,6480000,오리,LBI1000016,352325,13589408
1782,201108,전남,6460000,소,LBI1000080,7693,236820
1784,201108,경기,6410000,당나귀,LBI1000023,2,9
1783,201108,충북,6430000,닭,LBI1000088,13617141,448894365
1786,201108,제주,6500000,소,LBI1000080,578,12833
1779,201108,강원,6420000,닭,LBI1000088,380020,14137998
1787,201108,경북,6470000,소,LBI1000080,12144,315485
1788,201108,경북,6470000,말,LBI1000007,7,206
1789,201108,전북,6450000,닭,LBI1000088,23031830,761240821
1710,201107,경기,6410000,당나귀,LBI1000023,3,7
1706,201107,경북,6470000,말,LBI1000007,4,199
1707,201107,경북,6470000,소,LBI1000080,8309,303341
1708,201107,제주,6500000,소,LBI1000080,324,12255
1709,201107,경기,6410000,말,LBI1000007,1,82
1716,201107,강원,6420000,사슴,LBI1000017,4,35
1711,201107,충북,6430000,닭,LBI1000088,15711344,435277224
1712,201107,전남,6460000,소,LBI1000080,5537,229127
1713,201107,경남,6480000,오리,LBI1000016,329430,13237083
1714,201107,대전,6300000,소,LBI1000080,1190,40484
1715,201107,강원,6420000,닭,LBI1000088,432863,13757978
1703,201107,대구,6270000,돼지,LBI1000006,13904,840619
1704,201107,강원,6420000,돼지,LBI1000006,13428,2342792
1701,201107,충남,6440000,소,LBI1000080,3631,148306
1702,201107,전남,6460000,오리,LBI1000016,2919810,81457022
1689,201107,인천,6280000,소,LBI1000080,461,34897
1690,201107,울산,6310000,돼지,LBI1000006,7857,504562
1691,201107,충남,6440000,돼지,LBI1000006,83159,4867659
1692,201107,전남,6460000,돼지,LBI1000006,68504,2846143
1693,201107,경북,6470000,돼지,LBI1000006,66720,4125025
1694,201107,경남,6480000,돼지,LBI1000006,109683,6125464
1695,201107,경북,6470000,산양,LBI1000087,55,2467
1696,201107,제주,6500000,돼지,LBI1000006,49277,2469647
1697,201107,제주,6500000,오리,LBI1000016,29849,812807
1698,201107,강원,6420000,면양,LBI1000086,5,110
1699,201107,인천,6280000,돼지,LBI1000006,11754,998223
1700,201107,인천,6280000,산양,LBI1000087,30,1041
1718,201107,경남,6480000,소,LBI1000080,9329,342466
1717,201107,대구,6270000,소,LBI1000080,812,37092
1705,201107,전북,6450000,닭,LBI1000088,28621556,738208991
1719,201107,경기,6410000,소,LBI1000080,15475,609990
1734,201107,전북,6450000,오리,LBI1000016,2179746,50705742
1745,201107,전남,6460000,닭,LBI1000088,7879726,139997364
1744,201107,충북,6430000,사슴,LBI1000017,17,157
1743,201107,전북,6450000,타조,LBI1000024,6,9
1742,201107,대전,6300000,돼지,LBI1000006,10365,472161
1741,201107,인천,6280000,닭,LBI1000088,994995,34340531
1740,201107,전북,6450000,소,LBI1000080,3502,138557
1739,201107,충북,6430000,산양,LBI1000087,302,11171
1738,201107,경기,6410000,닭,LBI1000088,12160157,378376562
1720,201107,충북,6430000,소,LBI1000080,11691,238431
1737,201107,광주,6290000,소,LBI1000080,1504,70044
1736,201107,충북,6430000,돼지,LBI1000006,96726,7020418
1735,201107,경남,6480000,타조,LBI1000024,2,41
1746,201107,경북,6470000,닭,LBI1000088,10102097,225791767
1747,201107,제주,6500000,닭,LBI1000088,543436,15955700
1733,201107,강원,6420000,소,LBI1000080,2791,138571
1732,201107,경기,6410000,오리,LBI1000016,444695,9663185
1731,201107,경기,6410000,돼지,LBI1000006,88877,8524305
1730,201107,광주,6290000,오리,LBI1000016,753807,15238243
1729,201107,울산,6310000,소,LBI1000080,1243,59875
1728,201107,경남,6480000,닭,LBI1000088,1182804,24864371
1727,201107,전북,6450000,돼지,LBI1000006,92226,4961829
1726,201107,충남,6440000,닭,LBI1000088,8440342,329586418
1725,201107,강원,6420000,산양,LBI1000087,2,105
1724,201107,충북,6430000,오리,LBI1000016,1947213,35912694
1723,201107,광주,6290000,돼지,LBI1000006,11529,852028
1722,201107,대구,6270000,닭,LBI1000088,2146754,68276152
1721,201107,제주,6500000,말,LBI1000007,51,2805
1687,201106,울산,6310000,돼지,LBI1000006,8585,496705
1688,201106,인천,6280000,소,LBI1000080,650,34436
1686,201106,충남,6440000,돼지,LBI1000006,89573,4784500
1642,201106,광주,6290000,소,LBI1000080,1471,68540
1648,201106,경기,6410000,돼지,LBI1000006,94998,8435428
1647,201106,경기,6410000,오리,LBI1000016,437098,9218490
1646,201106,강원,6420000,소,LBI1000080,2463,135780
1645,201106,전북,6450000,오리,LBI1000016,1881500,48525996
1644,201106,경남,6480000,타조,LBI1000024,1,39
1643,201106,충북,6430000,돼지,LBI1000006,108819,6923692
1684,201106,경북,6470000,돼지,LBI1000006,73268,4058305
1641,201106,경기,6410000,닭,LBI1000088,12305637,366216405
1640,201106,충북,6430000,산양,LBI1000087,170,10869
1639,201106,전북,6450000,소,LBI1000080,3655,135055
1638,201106,인천,6280000,닭,LBI1000088,943067,33345536
1637,201106,대전,6300000,돼지,LBI1000006,10991,461796
1636,201106,충북,6430000,사슴,LBI1000017,1,140
1635,201106,전남,6460000,닭,LBI1000088,6358624,132117638
1634,201106,경북,6470000,닭,LBI1000088,8186120,215689670
1685,201106,전남,6460000,돼지,LBI1000006,73290,2777639
1676,201106,전남,6460000,오리,LBI1000016,3027094,78537212
1683,201106,경남,6480000,돼지,LBI1000006,114980,6015781
1665,201106,경남,6480000,오리,LBI1000016,408907,12907653
1651,201106,경남,6480000,닭,LBI1000088,1208694,23681567
1652,201106,전북,6450000,돼지,LBI1000006,102025,4869603
1653,201106,충남,6440000,닭,LBI1000088,8385378,321146076
1654,201106,강원,6420000,산양,LBI1000087,1,103
1655,201106,충북,6430000,오리,LBI1000016,2050846,33965481
1656,201106,광주,6290000,돼지,LBI1000006,12163,840499
1657,201106,대구,6270000,닭,LBI1000088,1890830,66129398
1658,201106,제주,6500000,말,LBI1000007,65,2754
1659,201106,충북,6430000,소,LBI1000080,10668,226740
1660,201106,경기,6410000,소,LBI1000080,19006,594515
1661,201106,경남,6480000,소,LBI1000080,10171,333137
1662,201106,대구,6270000,소,LBI1000080,885,36280
1663,201106,강원,6420000,닭,LBI1000088,609082,13325115
1664,201106,대전,6300000,소,LBI1000080,1176,39294
1666,201106,전남,6460000,소,LBI1000080,5550,223590
1682,201106,경북,6470000,산양,LBI1000087,29,2412
1667,201106,충북,6430000,닭,LBI1000088,14249096,419565880
1668,201106,경기,6410000,당나귀,LBI1000023,1,4
1669,201106,경기,6410000,말,LBI1000007,2,81
1670,201106,제주,6500000,소,LBI1000080,340,11931
1671,201106,경북,6470000,소,LBI1000080,9052,295032
1672,201106,경북,6470000,말,LBI1000007,5,195
1673,201106,전북,6450000,닭,LBI1000088,25174966,709587435
1674,201106,강원,6420000,돼지,LBI1000006,14082,2329364
1675,201106,대구,6270000,돼지,LBI1000006,15078,826715
1677,201106,충남,6440000,소,LBI1000080,3899,144675
1678,201106,인천,6280000,돼지,LBI1000006,12595,986469
1679,201106,강원,6420000,면양,LBI1000086,2,105
1680,201106,제주,6500000,오리,LBI1000016,28408,782958
1681,201106,제주,6500000,돼지,LBI1000006,50351,2420370
1633,201106,제주,6500000,닭,LBI1000088,495642,15412264
1650,201106,울산,6310000,소,LBI1000080,1324,58632
1649,201106,광주,6290000,오리,LBI1000016,884309,14484436
1595,201105,경남,6480000,말,LBI1000007,1,1
1588,201105,전남,6460000,오리,LBI1000016,2559391,75510118
1626,201105,전북,6450000,소,LBI1000080,3304,131400
1627,201105,인천,6280000,닭,LBI1000088,652850,32402469
1628,201105,대전,6300000,돼지,LBI1000006,14499,450805
1629,201105,충북,6430000,사슴,LBI1000017,6,139
1630,201105,전남,6460000,닭,LBI1000088,4543230,125759014
1631,201105,경북,6470000,닭,LBI1000088,7722671,207503550
1632,201105,제주,6500000,닭,LBI1000088,466418,14916622
1593,201105,경북,6470000,소,LBI1000080,8294,285980
1592,201105,경북,6470000,말,LBI1000007,7,190
1591,201105,전북,6450000,닭,LBI1000088,22318654,684412469
1590,201105,강원,6420000,돼지,LBI1000006,13513,2315282
1589,201105,대구,6270000,돼지,LBI1000006,17395,811637
1587,201105,충남,6440000,소,LBI1000080,3067,140776
1624,201105,충북,6430000,산양,LBI1000087,123,10699
1586,201105,인천,6280000,돼지,LBI1000006,12577,973874
1585,201105,강원,6420000,면양,LBI1000086,2,103
1584,201105,제주,6500000,오리,LBI1000016,22747,754550
1583,201105,제주,6500000,돼지,LBI1000006,56861,2370019
1582,201105,경북,6470000,산양,LBI1000087,55,2383
1581,201105,경남,6480000,돼지,LBI1000006,125727,5900801
1580,201105,경북,6470000,돼지,LBI1000006,83140,3985037
1596,201105,경기,6410000,말,LBI1000007,1,79
1578,201105,충남,6440000,돼지,LBI1000006,103873,4694927
1577,201105,울산,6310000,돼지,LBI1000006,10180,488120
1576,201105,인천,6280000,소,LBI1000080,635,33786
1625,201105,전북,6450000,말,LBI1000007,1,42
1579,201105,전남,6460000,돼지,LBI1000006,82278,2704349
1623,201105,경기,6410000,닭,LBI1000088,12431584,353910768
1608,201105,대구,6270000,닭,LBI1000088,1811818,64238568
1622,201105,광주,6290000,소,LBI1000080,1513,67069
1597,201105,경기,6410000,당나귀,LBI1000023,1,3
1598,201105,충북,6430000,닭,LBI1000088,13472523,405316784
1600,201105,경남,6480000,오리,LBI1000016,382790,12498746
1601,201105,대전,6300000,소,LBI1000080,1128,38118
1602,201105,강원,6420000,닭,LBI1000088,513786,12716033
1603,201105,대구,6270000,소,LBI1000080,907,35395
1594,201105,제주,6500000,소,LBI1000080,314,11591
1604,201105,경남,6480000,소,LBI1000080,10724,322966
1605,201105,경기,6410000,소,LBI1000080,18023,575509
1606,201105,충북,6430000,소,LBI1000080,10745,216072
1607,201105,제주,6500000,말,LBI1000007,75,2689
1599,201105,전남,6460000,소,LBI1000080,5004,218040
1609,201105,광주,6290000,돼지,LBI1000006,13725,828336
1616,201105,광주,6290000,오리,LBI1000016,628844,13600127
1620,201105,전북,6450000,오리,LBI1000016,1763609,46644496
1610,201105,충북,6430000,오리,LBI1000016,1861518,31914635
1619,201105,강원,6420000,소,LBI1000080,2413,133317
1618,201105,경기,6410000,오리,LBI1000016,371935,8781392
1617,201105,경기,6410000,돼지,LBI1000006,106935,8340430
1621,201105,충북,6430000,돼지,LBI1000006,114721,6814873
1615,201105,울산,6310000,소,LBI1000080,1226,57308
1614,201105,경남,6480000,닭,LBI1000088,1064197,22472873
1613,201105,전북,6450000,돼지,LBI1000006,115369,4767578
1612,201105,충남,6440000,닭,LBI1000088,8297114,312760698
1611,201105,강원,6420000,산양,LBI1000087,1,102
1534,201104,경기,6410000,오리,LBI1000016,238276,8409457
1544,201104,제주,6500000,말,LBI1000007,73,2614
1536,201104,광주,6290000,오리,LBI1000016,533500,12971283
1537,201104,울산,6310000,소,LBI1000080,992,56082
1538,201104,경남,6480000,닭,LBI1000088,761810,21408676
1539,201104,전북,6450000,돼지,LBI1000006,114212,4652209
1540,201104,충남,6440000,닭,LBI1000088,6952370,304463584
1541,201104,충북,6430000,오리,LBI1000016,1405789,30053117
1542,201104,광주,6290000,돼지,LBI1000006,15798,814611
1543,201104,대구,6270000,닭,LBI1000088,1010340,62426750
1535,201104,경기,6410000,돼지,LBI1000006,113452,8233495
1549,201104,강원,6420000,닭,LBI1000088,311725,12202247
1545,201104,충북,6430000,소,LBI1000080,10598,205327
1546,201104,경기,6410000,소,LBI1000080,15407,557486
1547,201104,경남,6480000,소,LBI1000080,8890,312242
1550,201104,대전,6300000,소,LBI1000080,910,36990
1551,201104,경남,6480000,오리,LBI1000016,244630,12115956
1552,201104,전남,6460000,소,LBI1000080,4747,213036
1553,201104,충북,6430000,닭,LBI1000088,10755686,391844261
1554,201104,경기,6410000,당나귀,LBI1000023,1,2
1555,201104,경기,6410000,말,LBI1000007,2,78
1532,201104,전북,6450000,오리,LBI1000016,1398951,44880887
1533,201104,강원,6420000,소,LBI1000080,2318,130904
1564,201104,인천,6280000,돼지,LBI1000006,15972,961297
1531,201104,인천,6280000,말,LBI1000007,1,3
1565,201104,인천,6280000,산양,LBI1000087,20,1011
1575,201104,인천,6280000,소,LBI1000080,484,33151
1574,201104,울산,6310000,돼지,LBI1000006,9517,477940
1573,201104,충남,6440000,돼지,LBI1000006,107336,4591054
1572,201104,전남,6460000,돼지,LBI1000006,83796,2622071
1571,201104,경북,6470000,돼지,LBI1000006,81076,3901897
1570,201104,경남,6480000,돼지,LBI1000006,134363,5775074
1569,201104,경북,6470000,산양,LBI1000087,28,2328
1568,201104,제주,6500000,돼지,LBI1000006,56858,2313158
1567,201104,제주,6500000,오리,LBI1000016,9080,731803
1566,201104,강원,6420000,면양,LBI1000086,4,101
1563,201104,충남,6440000,소,LBI1000080,2596,137709
1530,201104,충북,6430000,돼지,LBI1000006,124487,6700152
1562,201104,전남,6460000,오리,LBI1000016,2202699,72950727
1561,201104,대구,6270000,돼지,LBI1000006,16395,794242
1560,201104,강원,6420000,돼지,LBI1000006,15267,2301769
1559,201104,전북,6450000,닭,LBI1000088,18138526,662093815
1558,201104,경북,6470000,말,LBI1000007,8,183
1525,201104,전북,6450000,소,LBI1000080,2763,128096
1526,201104,전북,6450000,말,LBI1000007,1,41
1527,201104,충북,6430000,산양,LBI1000087,223,10576
1528,201104,경기,6410000,닭,LBI1000088,11105152,341479184
1529,201104,광주,6290000,소,LBI1000080,1401,65556
1548,201104,대구,6270000,소,LBI1000080,782,34488
1556,201104,제주,6500000,소,LBI1000080,338,11277
1524,201104,인천,6280000,닭,LBI1000088,530397,31749619
1522,201104,충북,6430000,말,LBI1000007,2,20
1521,201104,충북,6430000,사슴,LBI1000017,1,133
1520,201104,전남,6460000,닭,LBI1000088,3446277,121215784
1519,201104,경북,6470000,닭,LBI1000088,6266300,199780879
1518,201104,제주,6500000,닭,LBI1000088,216098,14450204
1557,201104,경북,6470000,소,LBI1000080,7616,277686
1523,201104,대전,6300000,돼지,LBI1000006,18472,436306
1479,201103,충북,6430000,닭,LBI1000088,10030372,381088575
1474,201103,충남,6440000,말,LBI1000007,1,22
1475,201103,경북,6470000,말,LBI1000007,5,175
1476,201103,경북,6470000,소,LBI1000080,6123,270070
1477,201103,제주,6500000,소,LBI1000080,367,10939
1478,201103,경기,6410000,당나귀,LBI1000023,1,1
1482,201103,대전,6300000,소,LBI1000080,840,36080
1480,201103,전남,6460000,소,LBI1000080,3897,208289
1481,201103,경남,6480000,오리,LBI1000016,180531,11871326
1483,201103,강원,6420000,닭,LBI1000088,212368,11890522
1484,201103,대구,6270000,소,LBI1000080,673,33706
1485,201103,경남,6480000,소,LBI1000080,8397,303352
1473,201103,전북,6450000,닭,LBI1000088,17257099,643955289
1469,201103,충남,6440000,소,LBI1000080,2487,135113
1471,201103,대구,6270000,돼지,LBI1000006,16289,777847
1470,201103,전남,6460000,오리,LBI1000016,1596152,70748028
1487,201103,충북,6430000,소,LBI1000080,9958,194729
1468,201103,인천,6280000,돼지,LBI1000006,11560,945325
1467,201103,강원,6420000,면양,LBI1000086,2,97
1466,201103,제주,6500000,오리,LBI1000016,5138,722723
1465,201103,제주,6500000,돼지,LBI1000006,60292,2256300
1464,201103,경북,6470000,산양,LBI1000087,24,2300
1463,201103,경남,6480000,돼지,LBI1000006,132296,5640711
1461,201103,전남,6460000,돼지,LBI1000006,88625,2538275
1460,201103,충남,6440000,돼지,LBI1000006,177244,4483718
1459,201103,울산,6310000,돼지,LBI1000006,5863,468423
1458,201103,인천,6280000,소,LBI1000080,640,32667
1486,201103,경기,6410000,소,LBI1000080,15946,542079
1462,201103,경북,6470000,돼지,LBI1000006,92717,3820821
1488,201103,제주,6500000,말,LBI1000007,66,2541
1504,201103,충북,6430000,돼지,LBI1000006,97093,6575665
1489,201103,전북,6450000,면양,LBI1000086,4,4
1517,201103,제주,6500000,닭,LBI1000088,88982,14234106
1516,201103,경북,6470000,닭,LBI1000088,5757579,193514579
1515,201103,전남,6460000,닭,LBI1000088,2354119,117769507
1514,201103,충북,6430000,사슴,LBI1000017,3,132
1513,201103,충북,6430000,말,LBI1000007,1,18
1512,201103,대전,6300000,돼지,LBI1000006,10448,417834
1511,201103,인천,6280000,닭,LBI1000088,559009,31219222
1510,201103,전북,6450000,사슴,LBI1000017,2,16
1509,201103,전북,6450000,소,LBI1000080,2411,125333
1508,201103,전북,6450000,말,LBI1000007,1,40
1507,201103,충북,6430000,산양,LBI1000087,226,10353
1506,201103,경기,6410000,닭,LBI1000088,9784437,330374032
1505,201103,광주,6290000,소,LBI1000080,1272,64155
1472,201103,강원,6420000,돼지,LBI1000006,15541,2286502
1503,201103,경남,6480000,사슴,LBI1000017,3,38
1495,201103,전북,6450000,돼지,LBI1000006,130960,4537997
1502,201103,전북,6450000,오리,LBI1000016,1142865,43481936
1490,201103,대구,6270000,닭,LBI1000088,1181639,61416410
1491,201103,광주,6290000,돼지,LBI1000006,19019,798813
1492,201103,충북,6430000,오리,LBI1000016,1152349,28647328
1493,201103,강원,6420000,산양,LBI1000087,1,101
1494,201103,충남,6440000,닭,LBI1000088,6506344,297511214
1496,201103,경남,6480000,닭,LBI1000088,550177,20646866
1497,201103,울산,6310000,소,LBI1000080,763,55090
1498,201103,광주,6290000,오리,LBI1000016,414518,12437783
1499,201103,경기,6410000,돼지,LBI1000006,89352,8120043
1500,201103,경기,6410000,오리,LBI1000016,172198,8171181
1501,201103,강원,6420000,소,LBI1000080,1763,128586
1420,201102,광주,6290000,오리,LBI1000016,359116,12023265
1416,201102,전북,6450000,오리,LBI1000016,1028721,42339071
1417,201102,강원,6420000,소,LBI1000080,3164,126823
1418,201102,경기,6410000,오리,LBI1000016,100421,7998983
1419,201102,경기,6410000,돼지,LBI1000006,83262,8030691
1426,201102,광주,6290000,돼지,LBI1000006,17764,779794
1421,201102,울산,6310000,소,LBI1000080,263,54327
1422,201102,경남,6480000,닭,LBI1000088,476238,20096689
1423,201102,전북,6450000,돼지,LBI1000006,117860,4407037
1424,201102,충남,6440000,닭,LBI1000088,5240590,291004870
1425,201102,충북,6430000,오리,LBI1000016,1142995,27494979
1415,201102,충북,6430000,돼지,LBI1000006,57893,6478572
1409,201102,전북,6450000,소,LBI1000080,1167,122922
1414,201102,경남,6480000,타조,LBI1000024,1,38
1413,201102,광주,6290000,소,LBI1000080,780,62883
1412,201102,경기,6410000,닭,LBI1000088,7830095,320589595
1411,201102,충북,6430000,산양,LBI1000087,16,10127
1410,201102,전북,6450000,말,LBI1000007,1,39
1428,201102,제주,6500000,말,LBI1000007,37,2475
1408,201102,인천,6280000,닭,LBI1000088,502727,30660213
1407,201102,대전,6300000,돼지,LBI1000006,5643,407386
1406,201102,서울,6110000,돼지,LBI1000006,4871,613886
1405,201102,서울,6110000,소,LBI1000080,4586,317492
1404,201102,전남,6460000,닭,LBI1000088,1568761,115415388
1403,201102,경북,6470000,닭,LBI1000088,4716929,187757000
1402,201102,제주,6500000,닭,LBI1000088,306031,14145124
1427,201102,대구,6270000,닭,LBI1000088,1182645,60234771
1435,201102,충남,6440000,오리,LBI1000016,5386,11506
1429,201102,충북,6430000,소,LBI1000080,3919,184771
1430,201102,경기,6410000,소,LBI1000080,7974,526133
1457,201102,인천,6280000,소,LBI1000080,312,32027
1456,201102,울산,6310000,돼지,LBI1000006,3912,462560
1455,201102,충남,6440000,돼지,LBI1000006,134976,4306474
1454,201102,전남,6460000,돼지,LBI1000006,68921,2449650
1453,201102,경북,6470000,돼지,LBI1000006,90398,3728104
1452,201102,경남,6480000,돼지,LBI1000006,123812,5508415
1451,201102,제주,6500000,돼지,LBI1000006,45567,2196008
1450,201102,제주,6500000,오리,LBI1000016,10585,717585
1449,201102,인천,6280000,돼지,LBI1000006,7323,933765
1448,201102,충남,6440000,소,LBI1000080,1167,132626
1447,201102,전남,6460000,오리,LBI1000016,1309094,69151876
1446,201102,대구,6270000,돼지,LBI1000006,17070,761558
1445,201102,강원,6420000,돼지,LBI1000006,16961,2270961
1443,201102,경북,6470000,말,LBI1000007,2,170
1442,201102,경북,6470000,소,LBI1000080,3826,263947
1441,201102,제주,6500000,소,LBI1000080,133,10572
1440,201102,경기,6410000,말,LBI1000007,1,76
1439,201102,충북,6430000,닭,LBI1000088,8157839,371058203
1438,201102,전남,6460000,소,LBI1000080,2447,204392
1437,201102,경남,6480000,오리,LBI1000016,251516,11690795
1436,201102,전남,6460000,사슴,LBI1000017,4,4
1434,201102,대전,6300000,소,LBI1000080,387,35240
1433,201102,강원,6420000,닭,LBI1000088,93330,11678154
1432,201102,대구,6270000,소,LBI1000080,455,33033
1431,201102,경남,6480000,소,LBI1000080,2546,294955
1444,201102,전북,6450000,닭,LBI1000088,12616573,626698190
1377,201101,충북,6430000,오리,LBI1000016,1176506,26351984
1394,201101,인천,6280000,닭,LBI1000088,718273,30157486
1396,201101,서울,6110000,돼지,LBI1000006,11046,609015
1386,201101,전북,6450000,오리,LBI1000016,1502780,41310350
1387,201101,충북,6430000,돼지,LBI1000006,72201,6420679
1388,201101,경남,6480000,타조,LBI1000024,1,37
1389,201101,광주,6290000,소,LBI1000080,1823,62103
1390,201101,경기,6410000,닭,LBI1000088,10290695,312759500
1391,201101,충북,6430000,산양,LBI1000087,70,10111
1392,201101,전북,6450000,말,LBI1000007,1,38
1393,201101,전북,6450000,소,LBI1000080,7277,121755
1357,201101,대구,6270000,돼지,LBI1000006,23787,744488
1395,201101,대전,6300000,돼지,LBI1000006,17230,401743
1397,201101,충북,6430000,말,LBI1000007,1,17
1350,201101,경북,6470000,산양,LBI1000087,7,2276
1398,201101,서울,6110000,소,LBI1000080,10518,312906
1399,201101,전남,6460000,닭,LBI1000088,2669851,113846627
1400,201101,경북,6470000,닭,LBI1000088,5782455,183040071
1401,201101,제주,6500000,닭,LBI1000088,413758,13839093
1358,201101,강원,6420000,돼지,LBI1000006,7312,2254000
1356,201101,전남,6460000,오리,LBI1000016,1337700,67842782
1355,201101,충남,6440000,소,LBI1000080,8099,131459
1354,201101,인천,6280000,돼지,LBI1000006,5934,926442
1353,201101,제주,6500000,오리,LBI1000016,24453,707000
1352,201101,제주,6500000,돼지,LBI1000006,76252,2150441
1385,201101,강원,6420000,소,LBI1000080,2796,123659
1384,201101,경기,6410000,오리,LBI1000016,177124,7898562
1383,201101,경기,6410000,돼지,LBI1000006,70228,7947429
1382,201101,광주,6290000,오리,LBI1000016,479677,11664149
1360,201101,경북,6470000,말,LBI1000007,4,168
1361,201101,경북,6470000,소,LBI1000080,10487,260121
1362,201101,제주,6500000,소,LBI1000080,928,10439
1363,201101,광주,6290000,닭,LBI1000088,60,8060
1364,201101,충북,6430000,닭,LBI1000088,10727682,362900364
1365,201101,전남,6460000,소,LBI1000080,8672,201945
1366,201101,경남,6480000,오리,LBI1000016,472051,11439279
1367,201101,충남,6440000,오리,LBI1000016,6120,6120
1368,201101,대전,6300000,소,LBI1000080,2668,34853
1369,201101,강원,6420000,닭,LBI1000088,231841,11584824
1370,201101,대구,6270000,소,LBI1000080,2127,32578
1371,201101,경남,6480000,소,LBI1000080,10823,292409
1372,201101,경기,6410000,소,LBI1000080,11758,518159
1373,201101,충북,6430000,소,LBI1000080,5271,180852
1374,201101,제주,6500000,말,LBI1000007,59,2438
1375,201101,대구,6270000,닭,LBI1000088,1480274,59052126
1376,201101,광주,6290000,돼지,LBI1000006,23090,762030
1378,201101,충남,6440000,닭,LBI1000088,7181499,285764280
1379,201101,전북,6450000,돼지,LBI1000006,152081,4289177
1380,201101,경남,6480000,닭,LBI1000088,584321,19620451
1381,201101,울산,6310000,소,LBI1000080,1657,54064
1351,201101,경남,6480000,돼지,LBI1000006,145769,5384603
1359,201101,전북,6450000,닭,LBI1000088,17700057,614081617
1349,201101,경북,6470000,돼지,LBI1000006,115409,3637706
1347,201101,충남,6440000,돼지,LBI1000006,151085,4171498
1346,201101,울산,6310000,돼지,LBI1000006,9740,458648
1345,201101,인천,6280000,소,LBI1000080,537,31715
1348,201101,전남,6460000,돼지,LBI1000006,92213,2380729
1342,201012,충남,6440000,돼지,LBI1000006,144650,4020413
2467,201012,경남,6480000,사슴,LBI1000017,2,35
2468,201012,전북,6450000,오리,LBI1000016,1215748,39807570
2469,201012,강원,6420000,소,LBI1000080,2762,120863
1341,201012,전남,6460000,돼지,LBI1000006,77575,2288516
1340,201012,경북,6470000,돼지,LBI1000006,99024,3522297
1338,201012,경남,6480000,돼지,LBI1000006,162087,5238834
1339,201012,경북,6470000,산양,LBI1000087,16,2269
2465,201012,경남,6480000,타조,LBI1000024,1,36
1337,201012,강원,6420000,면양,LBI1000086,2,95
1336,201012,제주,6500000,돼지,LBI1000006,67190,2074189
1335,201012,제주,6500000,오리,LBI1000016,22655,682547
2466,201012,충북,6430000,돼지,LBI1000006,210291,6348478
2462,201012,충북,6430000,산양,LBI1000087,169,10041
2464,201012,광주,6290000,소,LBI1000080,1640,60280
2463,201012,경기,6410000,닭,LBI1000088,10166954,302468805
1333,201012,충남,6440000,소,LBI1000080,3593,123360
2461,201012,광주,6290000,말,LBI1000007,1,5
2460,201012,전북,6450000,소,LBI1000080,3704,114478
2459,201012,인천,6280000,닭,LBI1000088,815950,29439213
2458,201012,대전,6300000,돼지,LBI1000006,18499,384513
2457,201012,서울,6110000,돼지,LBI1000006,11915,597969
2456,201012,충북,6430000,사슴,LBI1000017,9,129
2455,201012,서울,6110000,소,LBI1000080,9883,302388
2454,201012,전남,6460000,닭,LBI1000088,2972641,111176776
2453,201012,경북,6470000,닭,LBI1000088,6346135,177257616
2452,201012,제주,6500000,닭,LBI1000088,449777,13425335
1334,201012,인천,6280000,돼지,LBI1000006,26055,920508
1332,201012,전남,6460000,오리,LBI1000016,2447849,66505082
1315,201012,제주,6500000,말,LBI1000007,72,2379
1316,201012,충북,6430000,소,LBI1000080,4723,175581
1344,201012,인천,6280000,소,LBI1000080,514,31178
1343,201012,울산,6310000,돼지,LBI1000006,11771,448908
1305,201012,경기,6410000,오리,LBI1000016,253605,7721438
1306,201012,경기,6410000,돼지,LBI1000006,222221,7877201
1307,201012,광주,6290000,오리,LBI1000016,389683,11184472
1308,201012,울산,6310000,소,LBI1000080,1520,52407
1309,201012,경남,6480000,닭,LBI1000088,638808,19036130
1310,201012,전북,6450000,돼지,LBI1000006,135091,4137096
1311,201012,충남,6440000,닭,LBI1000088,8214794,278582781
1312,201012,충북,6430000,오리,LBI1000016,1348077,25175478
1313,201012,광주,6290000,돼지,LBI1000006,22201,738940
1314,201012,대구,6270000,닭,LBI1000088,1504920,57571852
1331,201012,대구,6270000,돼지,LBI1000006,20152,720701
1317,201012,경기,6410000,소,LBI1000080,16325,506401
1318,201012,경남,6480000,소,LBI1000080,8300,281586
1319,201012,대구,6270000,소,LBI1000080,896,30451
1320,201012,강원,6420000,닭,LBI1000088,386750,11352983
1321,201012,대전,6300000,소,LBI1000080,1314,32185
1322,201012,경남,6480000,오리,LBI1000016,352410,10967228
1323,201012,전남,6460000,소,LBI1000080,5299,193273
1324,201012,충북,6430000,닭,LBI1000088,10721109,352172682
1325,201012,제주,6500000,꿩,LBI1000022,1190,20464
1326,201012,제주,6500000,소,LBI1000080,445,9511
1327,201012,경북,6470000,소,LBI1000080,6425,249634
1328,201012,경북,6470000,말,LBI1000007,4,164
1329,201012,전북,6450000,닭,LBI1000088,17365112,596381560
1330,201012,강원,6420000,돼지,LBI1000006,46265,2246688
2449,201011,전남,6460000,닭,LBI1000088,2806068,108204135
2448,201011,서울,6110000,소,LBI1000080,9619,292505
2446,201011,경기,6410000,기타육류,LBI1000142,12,60
2450,201011,경북,6470000,닭,LBI1000088,5609489,170911481
2451,201011,제주,6500000,닭,LBI1000088,438917,12975558
2447,201011,충북,6430000,사슴,LBI1000017,4,120
2444,201011,대전,6300000,돼지,LBI1000006,15277,366014
2445,201011,서울,6110000,돼지,LBI1000006,13307,586054
2412,201011,대전,6300000,소,LBI1000080,1138,30871
2410,201011,전남,6460000,소,LBI1000080,4860,187974
2409,201011,충북,6430000,닭,LBI1000088,8764200,341451573
2408,201011,경기,6410000,말,LBI1000007,2,75
2407,201011,경기,6410000,사슴,LBI1000017,1,1
2406,201011,전남,6460000,말,LBI1000007,1,12
2405,201011,제주,6500000,소,LBI1000080,244,9066
2404,201011,경북,6470000,소,LBI1000080,6842,243209
2403,201011,경북,6470000,말,LBI1000007,3,160
2402,201011,충남,6440000,말,LBI1000007,2,21
2401,201011,전북,6450000,닭,LBI1000088,16014219,579016448
2400,201011,강원,6420000,돼지,LBI1000006,68466,2200423
2399,201011,대구,6270000,돼지,LBI1000006,21636,700549
2398,201011,전남,6460000,오리,LBI1000016,2022330,64057233
2397,201011,충남,6440000,소,LBI1000080,3037,119767
2396,201011,인천,6280000,돼지,LBI1000006,29193,894453
2395,201011,인천,6280000,산양,LBI1000087,34,991
2394,201011,제주,6500000,오리,LBI1000016,25342,659892
2393,201011,제주,6500000,돼지,LBI1000006,64403,2006999
2392,201011,경북,6470000,꿩,LBI1000022,520,520
2391,201011,강원,6420000,면양,LBI1000086,3,93
2390,201011,경남,6480000,돼지,LBI1000006,166530,5076747
2389,201011,경북,6470000,산양,LBI1000087,34,2253
2388,201011,경북,6470000,돼지,LBI1000006,115701,3423273
2387,201011,전남,6460000,돼지,LBI1000006,75780,2210941
2386,201011,충남,6440000,돼지,LBI1000006,143026,3875763
2385,201011,울산,6310000,돼지,LBI1000006,14247,437137
2384,201011,인천,6280000,소,LBI1000080,579,30664
2443,201011,인천,6280000,닭,LBI1000088,721070,28623263
2411,201011,경남,6480000,오리,LBI1000016,335457,10614818
2413,201011,강원,6420000,닭,LBI1000088,332638,10966233
2429,201011,울산,6310000,소,LBI1000080,1630,50887
2442,201011,전북,6450000,소,LBI1000080,3136,110774
2441,201011,충북,6430000,산양,LBI1000087,186,9872
2440,201011,전북,6450000,말,LBI1000007,1,37
2439,201011,경기,6410000,닭,LBI1000088,9360769,292301851
2438,201011,광주,6290000,소,LBI1000080,1582,58640
2437,201011,경남,6480000,타조,LBI1000024,1,35
2436,201011,충북,6430000,돼지,LBI1000006,227694,6138187
2435,201011,충북,6430000,당나귀,LBI1000023,1,1
2434,201011,전북,6450000,오리,LBI1000016,1422590,38591822
2433,201011,강원,6420000,소,LBI1000080,2705,118101
2432,201011,경기,6410000,오리,LBI1000016,235112,7467833
2414,201011,강원,6420000,사슴,LBI1000017,3,31
2430,201011,광주,6290000,오리,LBI1000016,357561,10794789
2431,201011,경기,6410000,돼지,LBI1000006,266297,7654980
2428,201011,강원,6420000,오소리,LBI1000027,9,17
2421,201011,대구,6270000,닭,LBI1000088,1490337,56066932
2415,201011,경남,6480000,오소리,LBI1000027,19,69
2416,201011,대구,6270000,소,LBI1000080,799,29555
2417,201011,경남,6480000,소,LBI1000080,8865,273286
2427,201011,경남,6480000,닭,LBI1000088,530702,18397322
2420,201011,제주,6500000,말,LBI1000007,78,2307
2418,201011,경기,6410000,소,LBI1000080,16248,490076
2422,201011,광주,6290000,돼지,LBI1000006,20655,716739
2423,201011,충북,6430000,오리,LBI1000016,825393,23827401
2424,201011,강원,6420000,산양,LBI1000087,3,100
2425,201011,충남,6440000,닭,LBI1000088,7212412,270367987
2426,201011,전북,6450000,돼지,LBI1000006,130474,4002005
2419,201011,충북,6430000,소,LBI1000080,4409,170858
3341,201010,제주,6500000,닭,LBI1000088,407125,12536641
3342,201010,경북,6470000,닭,LBI1000088,4577999,165301992
3343,201010,전남,6460000,닭,LBI1000088,2423200,105398067
3344,201010,서울,6110000,소,LBI1000080,8133,282886
2325,201010,충북,6430000,사슴,LBI1000017,5,116
2326,201010,경기,6410000,기타육류,LBI1000142,12,48
2339,201010,충북,6430000,돼지,LBI1000006,215960,5910493
2351,201010,광주,6290000,돼지,LBI1000006,18205,696084
2350,201010,충북,6430000,오리,LBI1000016,835589,23002008
2349,201010,강원,6420000,산양,LBI1000087,4,97
2348,201010,충남,6440000,닭,LBI1000088,7071188,263155575
2347,201010,전북,6450000,돼지,LBI1000006,126804,3871531
2346,201010,경남,6480000,닭,LBI1000088,477253,17866620
2345,201010,울산,6310000,소,LBI1000080,1443,49257
2344,201010,광주,6290000,오리,LBI1000016,462445,10437228
2343,201010,경기,6410000,돼지,LBI1000006,252114,7388683
2342,201010,경기,6410000,오리,LBI1000016,245317,7232721
2341,201010,강원,6420000,소,LBI1000080,2587,115396
2340,201010,전북,6450000,오리,LBI1000016,1550421,37169232
2338,201010,경남,6480000,타조,LBI1000024,1,34
2353,201010,제주,6500000,말,LBI1000007,62,2229
2337,201010,전북,6450000,사슴,LBI1000017,1,14
2336,201010,광주,6290000,소,LBI1000080,1499,57058
2335,201010,경기,6410000,닭,LBI1000088,9105864,282941082
2334,201010,전북,6450000,말,LBI1000007,1,36
2333,201010,충북,6430000,산양,LBI1000087,192,9686
2332,201010,광주,6290000,말,LBI1000007,1,4
2331,201010,전북,6450000,소,LBI1000080,2513,107638
2383,201010,인천,6280000,소,LBI1000080,595,30085
2330,201010,인천,6280000,닭,LBI1000088,634430,27902193
2329,201010,대전,6300000,돼지,LBI1000006,14746,350737
2328,201010,서울,6110000,돼지,LBI1000006,13674,572747
2327,201010,충북,6430000,말,LBI1000007,1,16
2352,201010,대구,6270000,닭,LBI1000088,1393567,54576595
2371,201010,충남,6440000,소,LBI1000080,2338,116730
2354,201010,충북,6430000,소,LBI1000080,3506,166449
2369,201010,대구,6270000,돼지,LBI1000006,20633,678913
2355,201010,경기,6410000,소,LBI1000080,14109,473828
2379,201010,경북,6470000,돼지,LBI1000006,108129,3307572
2380,201010,전남,6460000,돼지,LBI1000006,73263,2135161
2381,201010,충남,6440000,돼지,LBI1000006,134020,3732737
2382,201010,울산,6310000,돼지,LBI1000006,13112,422890
2377,201010,경남,6480000,돼지,LBI1000006,154697,4910217
2376,201010,강원,6420000,면양,LBI1000086,1,90
2375,201010,제주,6500000,돼지,LBI1000006,58456,1942596
2374,201010,제주,6500000,오리,LBI1000016,22349,634550
2373,201010,인천,6280000,산양,LBI1000087,17,957
2372,201010,인천,6280000,돼지,LBI1000006,26684,865260
2370,201010,전남,6460000,오리,LBI1000016,2476309,62034903
2378,201010,경북,6470000,산양,LBI1000087,29,2219
2368,201010,강원,6420000,돼지,LBI1000006,64282,2131957
2361,201010,전남,6460000,소,LBI1000080,4384,183114
2356,201010,경남,6480000,소,LBI1000080,8279,264421
2357,201010,대구,6270000,소,LBI1000080,673,28756
2358,201010,강원,6420000,닭,LBI1000088,401040,10633595
2359,201010,대전,6300000,소,LBI1000080,834,29733
2360,201010,경남,6480000,오리,LBI1000016,348212,10279361
2362,201010,충북,6430000,닭,LBI1000088,8030995,332687373
2363,201010,경기,6410000,말,LBI1000007,5,73
2364,201010,제주,6500000,소,LBI1000080,223,8822
2365,201010,경북,6470000,소,LBI1000080,6361,236367
2366,201010,경북,6470000,말,LBI1000007,7,157
2367,201010,전북,6450000,닭,LBI1000088,16131113,563002229
3323,201009,경기,6410000,오리,LBI1000016,355340,6987404
3326,201009,충북,6430000,돼지,LBI1000006,180466,5694533
3325,201009,전북,6450000,오리,LBI1000016,1799980,35618811
3324,201009,강원,6420000,소,LBI1000080,4473,112809
3316,201009,강원,6420000,산양,LBI1000087,5,93
3321,201009,광주,6290000,오리,LBI1000016,489519,9974783
3320,201009,울산,6310000,소,LBI1000080,2326,47814
3319,201009,경남,6480000,닭,LBI1000088,538389,17389367
3318,201009,전북,6450000,돼지,LBI1000006,111031,3744727
3317,201009,충남,6440000,닭,LBI1000088,6973140,256084387
3328,201009,광주,6290000,소,LBI1000080,1969,55559
3327,201009,경남,6480000,타조,LBI1000024,2,33
3334,201009,대전,6300000,돼지,LBI1000006,12770,335991
3329,201009,경기,6410000,닭,LBI1000088,9271166,273835218
3330,201009,전북,6450000,말,LBI1000007,1,35
3331,201009,충북,6430000,산양,LBI1000087,72,9494
3332,201009,전북,6450000,소,LBI1000080,4877,105125
3333,201009,인천,6280000,닭,LBI1000088,640130,27267763
3335,201009,서울,6110000,돼지,LBI1000006,12079,559073
3336,201009,충북,6430000,말,LBI1000007,1,15
3337,201009,서울,6110000,소,LBI1000080,8922,274753
3338,201009,전남,6460000,닭,LBI1000088,2465973,102974867
3339,201009,경북,6470000,닭,LBI1000088,5759731,160723993
3340,201009,제주,6500000,닭,LBI1000088,410827,12129516
3314,201009,광주,6290000,돼지,LBI1000006,15925,677879
3315,201009,충북,6430000,오리,LBI1000016,875194,22166419
3302,201009,경기,6410000,말,LBI1000007,2,68
3313,201009,대구,6270000,닭,LBI1000088,1573998,53183028
3312,201009,제주,6500000,말,LBI1000007,54,2167
3283,201009,인천,6280000,소,LBI1000080,1457,29490
3284,201009,울산,6310000,돼지,LBI1000006,11313,409778
3285,201009,충남,6440000,돼지,LBI1000006,110500,3598717
3286,201009,전남,6460000,돼지,LBI1000006,66733,2061898
3288,201009,경북,6470000,산양,LBI1000087,49,2190
3289,201009,경남,6480000,돼지,LBI1000006,141171,4755520
3290,201009,제주,6500000,돼지,LBI1000006,59517,1884140
3291,201009,제주,6500000,오리,LBI1000016,24130,612201
3292,201009,인천,6280000,돼지,LBI1000006,22652,838576
3293,201009,충남,6440000,소,LBI1000080,5315,114392
3294,201009,전남,6460000,오리,LBI1000016,2637028,59558594
3295,201009,대구,6270000,돼지,LBI1000006,20732,658280
3296,201009,강원,6420000,돼지,LBI1000006,54278,2067675
3297,201009,충남,6440000,말,LBI1000007,1,19
3298,201009,전북,6450000,닭,LBI1000088,15853374,546871116
3299,201009,경북,6470000,말,LBI1000007,4,150
3300,201009,경북,6470000,소,LBI1000080,9778,230006
3301,201009,제주,6500000,소,LBI1000080,419,8599
3303,201009,충북,6430000,닭,LBI1000088,9976496,324656378
3304,201009,전남,6460000,소,LBI1000080,7050,178730
3305,201009,경남,6480000,오리,LBI1000016,345567,9931149
3306,201009,대전,6300000,소,LBI1000080,1572,28899
3307,201009,강원,6420000,닭,LBI1000088,339275,10232555
3308,201009,대구,6270000,소,LBI1000080,1513,28083
3309,201009,경남,6480000,소,LBI1000080,10072,256142
3310,201009,경기,6410000,소,LBI1000080,20001,459719
3311,201009,충북,6430000,소,LBI1000080,7254,162943
3287,201009,경북,6470000,돼지,LBI1000006,94030,3199443
3322,201009,경기,6410000,돼지,LBI1000006,215367,7136569
3252,201008,제주,6500000,말,LBI1000007,70,2113
3222,201008,제주,6500000,닭,LBI1000088,387282,11718689
3244,201008,울산,6310000,소,LBI1000080,1495,45488
3245,201008,경남,6480000,닭,LBI1000088,620915,16850978
3246,201008,전북,6450000,돼지,LBI1000006,120393,3633696
3247,201008,충남,6440000,닭,LBI1000088,7853105,249111247
3248,201008,강원,6420000,산양,LBI1000087,30,88
3249,201008,충북,6430000,오리,LBI1000016,898801,21291225
3250,201008,광주,6290000,돼지,LBI1000006,16796,661954
3251,201008,대구,6270000,닭,LBI1000088,1627687,51609030
3253,201008,충북,6430000,소,LBI1000080,5206,155689
3254,201008,경기,6410000,소,LBI1000080,16706,439718
3255,201008,경남,6480000,소,LBI1000080,9437,246070
3256,201008,대구,6270000,소,LBI1000080,730,26570
3257,201008,강원,6420000,닭,LBI1000088,344210,9893280
3258,201008,대전,6300000,소,LBI1000080,1044,27327
3259,201008,경남,6480000,오리,LBI1000016,388254,9585582
3260,201008,전남,6460000,소,LBI1000080,4966,171680
3261,201008,충북,6430000,닭,LBI1000088,11127735,314679882
3243,201008,광주,6290000,오리,LBI1000016,490969,9485264
3242,201008,경기,6410000,돼지,LBI1000006,213357,6921202
3241,201008,경기,6410000,오리,LBI1000016,410477,6632064
3231,201008,충북,6430000,산양,LBI1000087,106,9422
3224,201008,전남,6460000,닭,LBI1000088,3794077,100508894
3225,201008,서울,6110000,소,LBI1000080,9198,265831
3226,201008,충북,6430000,사슴,LBI1000017,8,111
3227,201008,서울,6110000,돼지,LBI1000006,10781,546994
3228,201008,대전,6300000,돼지,LBI1000006,13413,323221
3229,201008,인천,6280000,닭,LBI1000088,1271840,26627633
3230,201008,전북,6450000,소,LBI1000080,3047,100248
3232,201008,전북,6450000,말,LBI1000007,1,34
3240,201008,강원,6420000,소,LBI1000080,3378,108336
3233,201008,경기,6410000,닭,LBI1000088,10067581,264564052
3234,201008,광주,6290000,소,LBI1000080,1507,53590
3235,201008,전북,6450000,사슴,LBI1000017,2,13
3236,201008,경남,6480000,타조,LBI1000024,2,31
3237,201008,충북,6430000,돼지,LBI1000006,199358,5514067
3238,201008,경남,6480000,사슴,LBI1000017,5,33
3239,201008,전북,6450000,오리,LBI1000016,1852249,33818831
3262,201008,경기,6410000,말,LBI1000007,5,66
3263,201008,제주,6500000,소,LBI1000080,310,8180
3264,201008,경북,6470000,소,LBI1000080,7135,220228
3274,201008,제주,6500000,돼지,LBI1000006,59797,1824623
3265,201008,경북,6470000,말,LBI1000007,5,146
3282,201008,인천,6280000,소,LBI1000080,714,28033
3281,201008,울산,6310000,돼지,LBI1000006,12516,398465
3280,201008,충남,6440000,돼지,LBI1000006,115244,3488217
3279,201008,전남,6460000,돼지,LBI1000006,65566,1995165
3278,201008,경북,6470000,돼지,LBI1000006,100975,3105413
3277,201008,경북,6470000,산양,LBI1000087,71,2141
3276,201008,경남,6480000,돼지,LBI1000006,147242,4614349
3275,201008,강원,6420000,면양,LBI1000086,5,89
3223,201008,경북,6470000,닭,LBI1000088,6920606,154964262
3272,201008,인천,6280000,돼지,LBI1000006,23924,815924
3271,201008,충남,6440000,소,LBI1000080,3130,109077
3270,201008,전남,6460000,오리,LBI1000016,2668333,56921566
3269,201008,대구,6270000,돼지,LBI1000006,19977,637548
3268,201008,강원,6420000,돼지,LBI1000006,59077,2013397
3267,201008,충남,6440000,말,LBI1000007,1,18
3266,201008,전북,6450000,닭,LBI1000088,19375592,531017742
3273,201008,제주,6500000,오리,LBI1000016,24955,588071
3177,201007,경기,6410000,말,LBI1000007,3,61
3193,201007,광주,6290000,돼지,LBI1000006,16710,645158
3190,201007,충북,6430000,소,LBI1000080,3280,150483
3191,201007,제주,6500000,말,LBI1000007,57,2043
3197,201007,전북,6450000,돼지,LBI1000006,118393,3513303
3194,201007,충북,6430000,오리,LBI1000016,825621,20392424
3195,201007,강원,6420000,산양,LBI1000087,55,58
3196,201007,충남,6440000,닭,LBI1000088,9570400,241258142
3188,201007,경기,6410000,소,LBI1000080,11669,423012
3189,201007,부산,6260000,소,LBI1000080,65,20698
3184,201007,강원,6420000,닭,LBI1000088,359710,9549070
3187,201007,경남,6480000,소,LBI1000080,7696,236633
3186,201007,대구,6270000,소,LBI1000080,580,25840
3185,201007,강원,6420000,사슴,LBI1000017,1,28
3183,201007,대전,6300000,소,LBI1000080,739,26283
3182,201007,인천,6280000,면양,LBI1000086,1,1
3181,201007,경북,6470000,사슴,LBI1000017,11,17
3180,201007,경남,6480000,오리,LBI1000016,369096,9197328
3179,201007,전남,6460000,소,LBI1000080,4433,166714
3178,201007,충북,6430000,닭,LBI1000088,13577347,303552147
3192,201007,대구,6270000,닭,LBI1000088,2376895,49981343
3199,201007,울산,6310000,소,LBI1000080,1262,43993
3166,201007,제주,6500000,오리,LBI1000016,30033,563116
3158,201007,인천,6280000,소,LBI1000080,605,27319
3159,201007,울산,6310000,돼지,LBI1000006,13123,385949
3160,201007,충남,6440000,돼지,LBI1000006,103494,3372973
3161,201007,전남,6460000,돼지,LBI1000006,64809,1929599
3162,201007,경북,6470000,돼지,LBI1000006,96269,3004438
3163,201007,경북,6470000,산양,LBI1000087,69,2070
3164,201007,경남,6480000,돼지,LBI1000006,143075,4467107
3165,201007,제주,6500000,돼지,LBI1000006,57845,1764826
3167,201007,인천,6280000,돼지,LBI1000006,22859,792000
3176,201007,제주,6500000,소,LBI1000080,177,7870
3168,201007,인천,6280000,산양,LBI1000087,21,940
3169,201007,충남,6440000,소,LBI1000080,2492,105947
3170,201007,전남,6460000,오리,LBI1000016,2839486,54253233
3171,201007,대구,6270000,돼지,LBI1000006,20418,617571
3172,201007,강원,6420000,돼지,LBI1000006,60824,1954320
3173,201007,전북,6450000,닭,LBI1000088,27410979,511642150
3174,201007,경북,6470000,말,LBI1000007,3,141
3175,201007,경북,6470000,소,LBI1000080,5545,213093
3198,201007,경남,6480000,닭,LBI1000088,1119142,16230063
3221,201007,인천,6280000,기타육류,LBI1000142,182,182
3200,201007,광주,6290000,오리,LBI1000016,550309,8994295
3211,201007,경기,6410000,닭,LBI1000088,11471217,254496471
3201,201007,경기,6410000,돼지,LBI1000006,214905,6707845
3220,201007,제주,6500000,닭,LBI1000088,735498,11331407
3218,201007,전남,6460000,닭,LBI1000088,7684285,96714817
3217,201007,서울,6110000,소,LBI1000080,7636,256633
3216,201007,서울,6110000,돼지,LBI1000006,11730,536213
3215,201007,대전,6300000,돼지,LBI1000006,12012,309808
3214,201007,인천,6280000,닭,LBI1000088,1644800,25355793
3213,201007,전북,6450000,소,LBI1000080,2678,97201
3212,201007,충북,6430000,산양,LBI1000087,219,9316
3219,201007,경북,6470000,닭,LBI1000088,8659097,148043656
3210,201007,광주,6290000,소,LBI1000080,1455,52083
3208,201007,인천,6280000,말,LBI1000007,1,2
3207,201007,충북,6430000,돼지,LBI1000006,189521,5314709
3206,201007,경남,6480000,사슴,LBI1000017,1,28
3205,201007,부산,6260000,돼지,LBI1000006,47,75102
3204,201007,전북,6450000,오리,LBI1000016,1822804,31966582
3202,201007,경기,6410000,오리,LBI1000016,438932,6221587
3203,201007,강원,6420000,소,LBI1000080,2379,104958
3209,201007,경남,6480000,타조,LBI1000024,1,29
3124,201006,충북,6430000,오리,LBI1000016,742254,19566803
3126,201006,대구,6270000,닭,LBI1000088,1933675,47604448
3125,201006,광주,6290000,돼지,LBI1000006,18029,628448
3121,201006,경남,6480000,닭,LBI1000088,1030835,15110921
3123,201006,충남,6440000,닭,LBI1000088,9209810,231687742
3122,201006,전북,6450000,돼지,LBI1000006,118343,3394910
3120,201006,울산,6310000,소,LBI1000080,1163,42731
3127,201006,제주,6500000,말,LBI1000007,62,1986
3131,201006,경남,6480000,소,LBI1000080,6757,228937
3128,201006,충북,6430000,소,LBI1000080,3317,147203
3129,201006,부산,6260000,소,LBI1000080,294,20633
3130,201006,경기,6410000,소,LBI1000080,12399,411343
3132,201006,대구,6270000,소,LBI1000080,585,25260
3133,201006,강원,6420000,닭,LBI1000088,482600,9189360
3134,201006,대전,6300000,소,LBI1000080,723,25544
3135,201006,경남,6480000,오리,LBI1000016,392100,8828232
3101,201006,경북,6470000,닭,LBI1000088,7120126,139384559
3136,201006,전남,6460000,소,LBI1000080,3847,162281
3100,201006,제주,6500000,닭,LBI1000088,497924,10595909
3111,201006,광주,6290000,소,LBI1000080,1405,50628
3102,201006,전남,6460000,닭,LBI1000088,5538683,89030532
3113,201006,충북,6430000,돼지,LBI1000006,195623,5125188
3119,201006,광주,6290000,오리,LBI1000016,546056,8443986
3138,201006,경기,6410000,말,LBI1000007,1,58
3118,201006,경기,6410000,돼지,LBI1000006,225420,6492940
3117,201006,경기,6410000,오리,LBI1000016,334515,5782655
3116,201006,강원,6420000,소,LBI1000080,2138,102579
3115,201006,전북,6450000,오리,LBI1000016,1726109,30143778
3114,201006,부산,6260000,돼지,LBI1000006,852,75055
3112,201006,인천,6280000,말,LBI1000007,1,1
3103,201006,서울,6110000,소,LBI1000080,8150,248997
3110,201006,경기,6410000,닭,LBI1000088,10658313,243025254
3109,201006,충북,6430000,산양,LBI1000087,212,9097
3108,201006,전북,6450000,소,LBI1000080,2471,94523
3107,201006,인천,6280000,닭,LBI1000088,1072870,23710993
3106,201006,대전,6300000,돼지,LBI1000006,10275,297796
3105,201006,서울,6110000,돼지,LBI1000006,11777,524483
3104,201006,충북,6430000,사슴,LBI1000017,2,103
3137,201006,충북,6430000,닭,LBI1000088,12622965,289974800
3149,201006,제주,6500000,돼지,LBI1000006,57948,1706981
3139,201006,제주,6500000,소,LBI1000080,210,7693
3150,201006,강원,6420000,면양,LBI1000086,2,84
3140,201006,경북,6470000,소,LBI1000080,5065,207548
3156,201006,울산,6310000,돼지,LBI1000006,13216,372826
3155,201006,충남,6440000,돼지,LBI1000006,111959,3269479
3154,201006,전남,6460000,돼지,LBI1000006,63466,1864790
3153,201006,경북,6470000,돼지,LBI1000006,96293,2908169
3152,201006,경북,6470000,산양,LBI1000087,33,2001
3151,201006,경남,6480000,돼지,LBI1000006,144079,4324032
3157,201006,인천,6280000,소,LBI1000080,560,26714
3141,201006,경북,6470000,말,LBI1000007,5,138
3147,201006,인천,6280000,돼지,LBI1000006,22902,769141
3146,201006,충남,6440000,소,LBI1000080,2362,103455
3145,201006,전남,6460000,오리,LBI1000016,2479674,51413747
3144,201006,대구,6270000,돼지,LBI1000006,19019,597153
3143,201006,강원,6420000,돼지,LBI1000006,61610,1893496
3142,201006,전북,6450000,닭,LBI1000088,22481119,484231171
3148,201006,제주,6500000,오리,LBI1000016,27214,533083
3066,201005,대구,6270000,소,LBI1000080,640,24675
3068,201005,경기,6410000,소,LBI1000080,11699,398944
3067,201005,경남,6480000,소,LBI1000080,7178,222180
3078,201005,울산,6310000,소,LBI1000080,1214,41568
3065,201005,강원,6420000,닭,LBI1000088,400400,8706760
3064,201005,대전,6300000,소,LBI1000080,704,24821
3063,201005,경남,6480000,오리,LBI1000016,373450,8436132
3069,201005,부산,6260000,소,LBI1000080,334,20339
3062,201005,전남,6460000,소,LBI1000080,4087,158434
3073,201005,광주,6290000,돼지,LBI1000006,18363,610419
3070,201005,충북,6430000,소,LBI1000080,3152,143886
3071,201005,제주,6500000,말,LBI1000007,67,1924
3072,201005,대구,6270000,닭,LBI1000088,1638309,45670773
3074,201005,충북,6430000,오리,LBI1000016,724524,18824549
3075,201005,충남,6440000,닭,LBI1000088,8635655,222477932
3076,201005,전북,6450000,돼지,LBI1000006,116900,3276567
3077,201005,경남,6480000,닭,LBI1000088,984345,14080086
2976,201005,인천,6280000,돼지,LBI1000006,25886,746239
2977,201005,충남,6440000,소,LBI1000080,2276,101093
2967,201005,인천,6280000,소,LBI1000080,523,26154
2975,201005,제주,6500000,오리,LBI1000016,25924,505869
3055,201005,강원,6420000,돼지,LBI1000006,64283,1831886
3061,201005,충북,6430000,닭,LBI1000088,10929097,277351835
3080,201005,경기,6410000,돼지,LBI1000006,233707,6267520
3060,201005,경기,6410000,말,LBI1000007,1,57
3059,201005,제주,6500000,소,LBI1000080,297,7483
3058,201005,경북,6470000,소,LBI1000080,5618,202483
3057,201005,경북,6470000,말,LBI1000007,4,133
3056,201005,전북,6450000,닭,LBI1000088,20986471,461750052
3054,201005,대구,6270000,돼지,LBI1000006,19783,578134
2974,201005,제주,6500000,돼지,LBI1000006,57820,1649033
3053,201005,전남,6460000,오리,LBI1000016,2079577,48934073
2968,201005,울산,6310000,돼지,LBI1000006,12676,359610
2969,201005,충남,6440000,돼지,LBI1000006,112193,3157520
2970,201005,전남,6460000,돼지,LBI1000006,64802,1801324
2971,201005,경북,6470000,돼지,LBI1000006,96235,2811876
2972,201005,경북,6470000,산양,LBI1000087,30,1968
2973,201005,경남,6480000,돼지,LBI1000006,143882,4179953
3079,201005,광주,6290000,오리,LBI1000016,490572,7897930
3086,201005,경남,6480000,타조,LBI1000024,1,28
3081,201005,경기,6410000,오리,LBI1000016,319660,5448140
3092,201005,인천,6280000,닭,LBI1000088,1022380,22638123
3082,201005,강원,6420000,소,LBI1000080,2383,100441
3099,201005,제주,6500000,닭,LBI1000088,508437,10097985
3097,201005,전남,6460000,닭,LBI1000088,4422454,83491849
3096,201005,서울,6110000,소,LBI1000080,7160,240847
3095,201005,충북,6430000,말,LBI1000007,1,14
3094,201005,서울,6110000,돼지,LBI1000006,13527,512706
3093,201005,대전,6300000,돼지,LBI1000006,11001,287521
3098,201005,경북,6470000,닭,LBI1000088,6691107,132264433
3091,201005,전북,6450000,소,LBI1000080,2326,92052
3089,201005,전북,6450000,말,LBI1000007,1,33
3088,201005,경기,6410000,닭,LBI1000088,9775924,232366941
3087,201005,광주,6290000,소,LBI1000080,1411,49223
3085,201005,충북,6430000,돼지,LBI1000006,179607,4929565
3084,201005,부산,6260000,돼지,LBI1000006,1558,74203
3090,201005,충북,6430000,산양,LBI1000087,243,8885
3083,201005,전북,6450000,오리,LBI1000016,1628849,28417669
2954,201004,충남,6440000,소,LBI1000080,2704,98817
2960,201004,경남,6480000,돼지,LBI1000006,153450,4036071
2959,201004,제주,6500000,돼지,LBI1000006,59204,1591213
2958,201004,제주,6500000,오리,LBI1000016,24170,479945
2957,201004,강원,6420000,면양,LBI1000086,5,82
2956,201004,인천,6280000,돼지,LBI1000006,24062,720353
2955,201004,인천,6280000,산양,LBI1000087,20,919
2951,201004,강원,6420000,돼지,LBI1000006,65104,1767603
2953,201004,전남,6460000,오리,LBI1000016,1936501,46854496
2952,201004,대구,6270000,돼지,LBI1000006,21574,558351
2950,201004,전북,6450000,닭,LBI1000088,17053992,440763581
2949,201004,충남,6440000,말,LBI1000007,1,17
2948,201004,경북,6470000,말,LBI1000007,7,129
2962,201004,경북,6470000,돼지,LBI1000006,101078,2715641
2961,201004,경북,6470000,산양,LBI1000087,21,1938
2915,201004,전북,6450000,말,LBI1000007,1,32
2963,201004,전남,6460000,돼지,LBI1000006,65536,1736522
2964,201004,충남,6440000,돼지,LBI1000006,122934,3045327
2965,201004,울산,6310000,돼지,LBI1000006,13507,346934
2966,201004,인천,6280000,소,LBI1000080,625,25631
2918,201004,충북,6430000,돼지,LBI1000006,193265,4749958
2917,201004,광주,6290000,소,LBI1000080,1507,47812
2916,201004,경기,6410000,닭,LBI1000088,9340976,222591017
2946,201004,전남,6460000,말,LBI1000007,1,11
2914,201004,충북,6430000,산양,LBI1000087,153,8642
2913,201004,전북,6450000,소,LBI1000080,2560,89726
2912,201004,인천,6280000,닭,LBI1000088,915670,21615743
2911,201004,대전,6300000,돼지,LBI1000006,11075,276520
2910,201004,서울,6110000,돼지,LBI1000006,12439,499179
2909,201004,충북,6430000,말,LBI1000007,1,13
2908,201004,충북,6430000,사슴,LBI1000017,5,101
2947,201004,경북,6470000,소,LBI1000080,5591,196865
2939,201004,강원,6420000,닭,LBI1000088,275500,8306360
2945,201004,제주,6500000,소,LBI1000080,232,7186
2928,201004,전북,6450000,돼지,LBI1000006,127036,3159667
2926,201004,울산,6310000,소,LBI1000080,1231,40354
2925,201004,광주,6290000,오리,LBI1000016,461416,7407358
2924,201004,경기,6410000,돼지,LBI1000006,238509,6033813
2923,201004,경기,6410000,오리,LBI1000016,236142,5128480
2922,201004,강원,6420000,소,LBI1000080,2338,98058
2921,201004,전북,6450000,오리,LBI1000016,1523212,26788820
2920,201004,부산,6260000,돼지,LBI1000006,1843,72645
2919,201004,경남,6480000,사슴,LBI1000017,2,27
3052,201004,서울,6110000,소,LBI1000080,7576,233687
3051,201004,전남,6460000,닭,LBI1000088,3582616,79069395
3050,201004,경북,6470000,닭,LBI1000088,5848142,125573326
3049,201004,제주,6500000,닭,LBI1000088,390598,9589548
2944,201004,경기,6410000,말,LBI1000007,1,56
2927,201004,경남,6480000,닭,LBI1000088,686962,13095741
2929,201004,충남,6440000,닭,LBI1000088,7870001,213842277
2937,201004,경남,6480000,소,LBI1000080,7217,215002
2943,201004,충북,6430000,닭,LBI1000088,10052612,266422738
2942,201004,전남,6460000,소,LBI1000080,4163,154347
2941,201004,경남,6480000,오리,LBI1000016,276500,8062682
2940,201004,대전,6300000,소,LBI1000080,677,24117
2930,201004,충북,6430000,오리,LBI1000016,639812,18100025
2938,201004,대구,6270000,소,LBI1000080,620,24035
2936,201004,경기,6410000,소,LBI1000080,12462,387245
2935,201004,부산,6260000,소,LBI1000080,460,20005
2934,201004,충북,6430000,소,LBI1000080,3680,140734
2933,201004,제주,6500000,말,LBI1000007,74,1857
2932,201004,대구,6270000,닭,LBI1000088,1688100,44032464
2931,201004,광주,6290000,돼지,LBI1000006,18964,592056
2992,201003,경북,6470000,돼지,LBI1000006,105852,2614563
2988,201003,인천,6280000,소,LBI1000080,896,25006
2989,201003,울산,6310000,돼지,LBI1000006,14939,333427
2990,201003,충남,6440000,돼지,LBI1000006,136867,2922393
2991,201003,전남,6460000,돼지,LBI1000006,66001,1670986
3039,201003,충북,6430000,산양,LBI1000087,119,8489
2993,201003,경북,6470000,산양,LBI1000087,32,1917
3033,201003,경남,6480000,사슴,LBI1000017,2,25
3018,201003,충북,6430000,소,LBI1000080,4187,137054
3019,201003,제주,6500000,말,LBI1000007,74,1783
3020,201003,대구,6270000,닭,LBI1000088,1418152,42344364
3021,201003,광주,6290000,돼지,LBI1000006,22567,573092
3022,201003,충북,6430000,오리,LBI1000016,668550,17460213
3023,201003,충남,6440000,닭,LBI1000088,7253172,205972276
3024,201003,전북,6450000,돼지,LBI1000006,129891,3032631
3025,201003,경남,6480000,닭,LBI1000088,578529,12408779
3026,201003,울산,6310000,소,LBI1000080,1103,39123
3027,201003,광주,6290000,오리,LBI1000016,450523,6945942
3028,201003,경기,6410000,돼지,LBI1000006,265223,5795304
3030,201003,강원,6420000,소,LBI1000080,2194,95720
3031,201003,전북,6450000,오리,LBI1000016,1195926,25265608
3032,201003,부산,6260000,돼지,LBI1000006,1909,70802
3034,201003,충북,6430000,돼지,LBI1000006,212369,4556693
3016,201003,경기,6410000,소,LBI1000080,13947,374783
3035,201003,경남,6480000,타조,LBI1000024,3,27
3036,201003,광주,6290000,소,LBI1000080,1498,46305
3037,201003,경기,6410000,닭,LBI1000088,8692823,213250041
3038,201003,전북,6450000,말,LBI1000007,3,31
3040,201003,전북,6450000,소,LBI1000080,2213,87166
3041,201003,인천,6280000,닭,LBI1000088,907810,20700073
3042,201003,대전,6300000,돼지,LBI1000006,10346,265445
3043,201003,서울,6110000,돼지,LBI1000006,14499,486740
3044,201003,충북,6430000,말,LBI1000007,1,12
3045,201003,서울,6110000,소,LBI1000080,7976,226111
3046,201003,전남,6460000,닭,LBI1000088,2418742,75486779
3047,201003,경북,6470000,닭,LBI1000088,5232844,119725184
3048,201003,제주,6500000,닭,LBI1000088,522746,9198950
2994,201003,경남,6480000,돼지,LBI1000006,167187,3882621
3017,201003,부산,6260000,소,LBI1000080,555,19545
3029,201003,경기,6410000,오리,LBI1000016,255051,4892338
3015,201003,경남,6480000,소,LBI1000080,7094,207785
3004,201003,전북,6450000,닭,LBI1000088,15645792,423709589
2997,201003,강원,6420000,면양,LBI1000086,6,77
2996,201003,제주,6500000,오리,LBI1000016,23844,455775
2995,201003,제주,6500000,돼지,LBI1000006,62835,1532009
2998,201003,인천,6280000,돼지,LBI1000006,27783,696291
2999,201003,인천,6280000,산양,LBI1000087,30,899
3000,201003,충남,6440000,소,LBI1000080,2666,96113
3001,201003,전남,6460000,오리,LBI1000016,2030304,44917995
3002,201003,대구,6270000,돼지,LBI1000006,23463,536777
3003,201003,강원,6420000,돼지,LBI1000006,72618,1702499
3005,201003,충남,6440000,말,LBI1000007,1,16
3006,201003,경북,6470000,말,LBI1000007,5,122
3007,201003,경북,6470000,소,LBI1000080,5680,191274
3008,201003,제주,6500000,소,LBI1000080,182,6954
3009,201003,충북,6430000,닭,LBI1000088,9695686,256370126
3010,201003,전남,6460000,소,LBI1000080,4212,150184
3011,201003,경남,6480000,오리,LBI1000016,313645,7786182
3012,201003,대전,6300000,소,LBI1000080,717,23440
3013,201003,강원,6420000,닭,LBI1000088,41740,8030860
3014,201003,대구,6270000,소,LBI1000080,680,23415
2880,201002,광주,6290000,오리,LBI1000016,358182,6495419
2886,201002,광주,6290000,돼지,LBI1000006,18598,550525
2881,201002,울산,6310000,소,LBI1000080,1616,38020
2882,201002,경남,6480000,닭,LBI1000088,500639,11830250
2883,201002,전북,6450000,돼지,LBI1000006,106147,2902740
2885,201002,충북,6430000,오리,LBI1000016,515953,16791663
2895,201002,대전,6300000,소,LBI1000080,990,22723
2887,201002,대구,6270000,닭,LBI1000088,1094374,40926212
2888,201002,제주,6500000,말,LBI1000007,50,1709
2889,201002,충북,6430000,소,LBI1000080,4964,132867
2890,201002,부산,6260000,소,LBI1000080,869,18990
2891,201002,경기,6410000,소,LBI1000080,14701,360836
2892,201002,경남,6480000,소,LBI1000080,7588,200691
2893,201002,대구,6270000,소,LBI1000080,1147,22735
2894,201002,강원,6420000,닭,LBI1000088,27100,7989120
2878,201002,경기,6410000,오리,LBI1000016,217987,4637287
2896,201002,경남,6480000,오리,LBI1000016,231900,7472537
2879,201002,경기,6410000,돼지,LBI1000006,229082,5530081
2860,201002,제주,6500000,닭,LBI1000088,374387,8676204
2877,201002,강원,6420000,소,LBI1000080,3235,93526
2864,201002,충북,6430000,사슴,LBI1000017,1,96
2898,201002,충북,6430000,닭,LBI1000088,8558656,246674440
2869,201002,전북,6450000,소,LBI1000080,3505,84953
2868,201002,인천,6280000,닭,LBI1000088,620980,19792263
2867,201002,대전,6300000,돼지,LBI1000006,9861,255099
2870,201002,충북,6430000,산양,LBI1000087,145,8370
2866,201002,서울,6110000,돼지,LBI1000006,12493,472241
2865,201002,충북,6430000,말,LBI1000007,2,11
2863,201002,서울,6110000,소,LBI1000080,6828,218135
2876,201002,전북,6450000,오리,LBI1000016,999869,24069682
2862,201002,전남,6460000,닭,LBI1000088,2169872,73068037
2861,201002,경북,6470000,닭,LBI1000088,4474563,114492340
2871,201002,전북,6450000,말,LBI1000007,1,28
2872,201002,경기,6410000,닭,LBI1000088,7963809,204557218
2873,201002,광주,6290000,소,LBI1000080,1621,44807
2874,201002,충북,6430000,돼지,LBI1000006,176422,4344324
2875,201002,부산,6260000,돼지,LBI1000006,2089,68893
2897,201002,전남,6460000,소,LBI1000080,5233,145972
2884,201002,충남,6440000,닭,LBI1000088,6283151,198719104
2899,201002,제주,6500000,소,LBI1000080,390,6772
2979,201002,제주,6500000,오리,LBI1000016,17669,431931
2987,201002,인천,6280000,소,LBI1000080,1702,24110
2986,201002,울산,6310000,돼지,LBI1000006,11298,318488
2985,201002,충남,6440000,돼지,LBI1000006,116074,2785526
2984,201002,전남,6460000,돼지,LBI1000006,60613,1604985
2983,201002,경북,6470000,돼지,LBI1000006,88894,2508711
2982,201002,경북,6470000,산양,LBI1000087,13,1885
2981,201002,경남,6480000,돼지,LBI1000006,143310,3715434
2980,201002,제주,6500000,돼지,LBI1000006,55728,1469174
2978,201002,강원,6420000,면양,LBI1000086,2,71
2904,201002,대구,6270000,돼지,LBI1000006,21530,513314
2907,201002,인천,6280000,돼지,LBI1000006,23907,668508
2901,201002,경북,6470000,말,LBI1000007,2,117
2902,201002,전북,6450000,닭,LBI1000088,12885925,408063797
2903,201002,강원,6420000,돼지,LBI1000006,62337,1629881
2905,201002,전남,6460000,오리,LBI1000016,1644444,42887691
2906,201002,충남,6440000,소,LBI1000080,4203,93447
2900,201002,경북,6470000,소,LBI1000080,7239,185594
2808,201001,인천,6280000,돼지,LBI1000006,27159,644601
2809,201001,인천,6280000,산양,LBI1000087,27,869
2820,201001,충북,6430000,닭,LBI1000088,9427135,238115784
2821,201001,전남,6460000,소,LBI1000080,5978,140739
2822,201001,경남,6480000,오리,LBI1000016,327780,7240637
2823,201001,대전,6300000,소,LBI1000080,1196,21733
2824,201001,강원,6420000,닭,LBI1000088,175080,7962020
2825,201001,대구,6270000,소,LBI1000080,1023,21588
2826,201001,경남,6480000,소,LBI1000080,9410,193103
2827,201001,경기,6410000,소,LBI1000080,18668,346135
2828,201001,부산,6260000,소,LBI1000080,649,18121
2829,201001,충북,6430000,소,LBI1000080,6403,127903
2830,201001,제주,6500000,말,LBI1000007,68,1659
2831,201001,대구,6270000,닭,LBI1000088,1029430,39831838
2832,201001,광주,6290000,돼지,LBI1000006,21153,531927
2833,201001,충북,6430000,오리,LBI1000016,541624,16275710
2834,201001,충남,6440000,닭,LBI1000088,6254642,192435953
2835,201001,전북,6450000,돼지,LBI1000006,119797,2796593
2836,201001,경남,6480000,닭,LBI1000088,605885,11329611
2819,201001,경기,6410000,말,LBI1000007,1,55
2818,201001,제주,6500000,꿩,LBI1000022,270,19274
2802,201001,경북,6470000,돼지,LBI1000006,94551,2419817
2817,201001,제주,6500000,소,LBI1000080,535,6382
2810,201001,충남,6440000,소,LBI1000080,3876,89244
2811,201001,전남,6460000,오리,LBI1000016,1920625,41243247
2812,201001,대구,6270000,돼지,LBI1000006,21704,491784
2813,201001,강원,6420000,돼지,LBI1000006,64314,1567544
2814,201001,전북,6450000,닭,LBI1000088,13477418,395177872
2815,201001,경북,6470000,말,LBI1000007,4,115
2816,201001,경북,6470000,소,LBI1000080,7645,178355
2838,201001,광주,6290000,오리,LBI1000016,316227,6137237
2803,201001,경북,6470000,산양,LBI1000087,27,1872
2799,201001,울산,6310000,돼지,LBI1000006,12719,307190
2798,201001,인천,6280000,소,LBI1000080,1410,22408
2807,201001,강원,6420000,면양,LBI1000086,4,69
2806,201001,제주,6500000,오리,LBI1000016,18925,414262
2805,201001,제주,6500000,돼지,LBI1000006,60358,1413446
2801,201001,전남,6460000,돼지,LBI1000006,66088,1544372
2804,201001,경남,6480000,돼지,LBI1000006,145361,3572124
2800,201001,충남,6440000,돼지,LBI1000006,124030,2669452
2837,201001,울산,6310000,소,LBI1000080,1509,36404
2839,201001,경기,6410000,돼지,LBI1000006,231048,5300999
2850,201001,전북,6450000,소,LBI1000080,2996,81448
2840,201001,경기,6410000,오리,LBI1000016,231470,4419300
2858,201001,경북,6470000,닭,LBI1000088,4724413,110017777
2857,201001,전남,6460000,닭,LBI1000088,2244842,70898165
2856,201001,서울,6110000,소,LBI1000080,9808,211307
2855,201001,충북,6430000,말,LBI1000007,2,9
2854,201001,서울,6110000,돼지,LBI1000006,15607,459748
2853,201001,대전,6300000,돼지,LBI1000006,10302,245238
2852,201001,인천,6280000,닭,LBI1000088,518060,19171283
2851,201001,제주,6500000,거위,LBI1000020,1162,3183
2859,201001,제주,6500000,닭,LBI1000088,405237,8301817
2849,201001,충북,6430000,산양,LBI1000087,120,8225
2844,201001,경남,6480000,타조,LBI1000024,2,24
2848,201001,전북,6450000,말,LBI1000007,1,27
2842,201001,전북,6450000,오리,LBI1000016,980249,23069813
2843,201001,부산,6260000,돼지,LBI1000006,2211,66804
2841,201001,강원,6420000,소,LBI1000080,4662,90291
2845,201001,충북,6430000,돼지,LBI1000006,185684,4167902
2846,201001,광주,6290000,소,LBI1000080,1686,43186
2847,201001,경기,6410000,닭,LBI1000088,8234359,196593409
2795,200912,충남,6440000,돼지,LBI1000006,129796,2545422
2787,200912,인천,6280000,돼지,LBI1000006,28685,617442
2793,200912,경북,6470000,돼지,LBI1000006,98878,2325266
2792,200912,경북,6470000,산양,LBI1000087,80,1845
2791,200912,경남,6480000,돼지,LBI1000006,160459,3426763
2790,200912,제주,6500000,돼지,LBI1000006,65715,1353088
2789,200912,제주,6500000,오리,LBI1000016,22775,395337
2788,200912,강원,6420000,면양,LBI1000086,9,65
2794,200912,전남,6460000,돼지,LBI1000006,71425,1478284
2783,200912,대구,6270000,돼지,LBI1000006,26191,470080
2786,200912,충남,6440000,소,LBI1000080,3757,85368
2785,200912,전남,6460000,오리,LBI1000016,2070176,39322622
2784,200912,제주,6500000,당나귀,LBI1000023,1,2
2782,200912,강원,6420000,돼지,LBI1000006,67850,1503230
2781,200912,전북,6450000,닭,LBI1000088,13350062,381700454
2780,200912,경북,6470000,말,LBI1000007,5,111
2779,200912,경북,6470000,소,LBI1000080,7058,170710
2778,200912,제주,6500000,소,LBI1000080,224,5847
2797,200912,인천,6280000,소,LBI1000080,1150,20998
2796,200912,울산,6310000,돼지,LBI1000006,14107,294471
2741,200912,제주,6500000,거위,LBI1000020,1629,2021
2750,200912,부산,6260000,돼지,LBI1000006,2728,64593
2749,200912,대전,6300000,말,LBI1000007,1,2
2751,200912,경남,6480000,사슴,LBI1000017,2,23
2732,200912,경기,6410000,기타육류,LBI1000142,21,36
2733,200912,제주,6500000,닭,LBI1000088,494366,7896580
2734,200912,경북,6470000,닭,LBI1000088,5442111,105293364
2735,200912,전남,6460000,닭,LBI1000088,3120376,68653323
2736,200912,서울,6110000,소,LBI1000080,9563,201499
2737,200912,충북,6430000,말,LBI1000007,2,7
2738,200912,서울,6110000,돼지,LBI1000006,17559,444141
2739,200912,대전,6300000,돼지,LBI1000006,9704,234936
2740,200912,인천,6280000,닭,LBI1000088,711730,18653223
2742,200912,전북,6450000,소,LBI1000080,2976,78452
2743,200912,충북,6430000,산양,LBI1000087,123,8105
2744,200912,전북,6450000,말,LBI1000007,1,26
2745,200912,경기,6410000,닭,LBI1000088,9225739,188359050
2746,200912,광주,6290000,소,LBI1000080,1805,41500
2747,200912,충북,6430000,돼지,LBI1000006,197692,3982218
2748,200912,경남,6480000,타조,LBI1000024,1,22
2777,200912,경기,6410000,말,LBI1000007,1,54
2752,200912,전북,6450000,오리,LBI1000016,1123007,22089564
2775,200912,전남,6460000,소,LBI1000080,5434,134761
2764,200912,제주,6500000,말,LBI1000007,91,1591
2755,200912,경기,6410000,돼지,LBI1000006,258887,5069951
2756,200912,광주,6290000,오리,LBI1000016,382425,5821010
2757,200912,울산,6310000,소,LBI1000080,1694,34895
2758,200912,경남,6480000,닭,LBI1000088,661754,10723726
2759,200912,전북,6450000,돼지,LBI1000006,123927,2676796
2760,200912,충남,6440000,닭,LBI1000088,7681312,186181311
2761,200912,충북,6430000,오리,LBI1000016,597891,15734086
2763,200912,대구,6270000,닭,LBI1000088,1451746,38802408
2765,200912,충북,6430000,소,LBI1000080,5100,121500
2753,200912,강원,6420000,소,LBI1000080,3532,85629
2766,200912,부산,6260000,소,LBI1000080,682,17472
2767,200912,경기,6410000,소,LBI1000080,16403,327467
2768,200912,경남,6480000,소,LBI1000080,8650,183693
2769,200912,대구,6270000,소,LBI1000080,882,20565
2770,200912,충남,6440000,산양,LBI1000087,37,692
2771,200912,경남,6480000,오소리,LBI1000027,30,50
2772,200912,강원,6420000,닭,LBI1000088,263510,7786940
2776,200912,충북,6430000,닭,LBI1000088,10534413,228688649
2754,200912,경기,6410000,오리,LBI1000016,294679,4187830
2762,200912,광주,6290000,돼지,LBI1000006,21795,510774
2774,200912,경남,6480000,오리,LBI1000016,389850,6912857
2773,200912,대전,6300000,소,LBI1000080,1102,20537
2713,200911,경남,6480000,타조,LBI1000024,3,21
2686,200911,전남,6460000,소,LBI1000080,4785,129327
2680,200911,경북,6470000,말,LBI1000007,5,106
2681,200911,경북,6470000,소,LBI1000080,6044,163652
2682,200911,제주,6500000,소,LBI1000080,202,5623
2683,200911,제주,6500000,꿩,LBI1000022,5190,19004
2684,200911,경기,6410000,말,LBI1000007,1,53
2685,200911,충북,6430000,닭,LBI1000088,9218974,218154236
2712,200911,부산,6260000,돼지,LBI1000006,2422,61865
2678,200911,강원,6420000,돼지,LBI1000006,66559,1435380
2688,200911,대전,6300000,소,LBI1000080,837,19435
2731,200911,경기,6410000,기타육류,LBI1000142,15,15
2730,200911,제주,6500000,닭,LBI1000088,335116,7402214
2729,200911,경북,6470000,닭,LBI1000088,4578005,99851253
2728,200911,전남,6460000,닭,LBI1000088,2235229,65532947
2727,200911,서울,6110000,소,LBI1000080,8491,191936
2679,200911,전북,6450000,닭,LBI1000088,13594016,368350392
2677,200911,대구,6270000,돼지,LBI1000006,25381,443889
2725,200911,충북,6430000,말,LBI1000007,1,5
2676,200911,전남,6460000,오리,LBI1000016,1756356,37252446
2675,200911,충남,6440000,소,LBI1000080,3335,81611
2674,200911,인천,6280000,돼지,LBI1000006,27815,588757
2673,200911,인천,6280000,산양,LBI1000087,45,842
2672,200911,강원,6420000,면양,LBI1000086,6,56
2671,200911,제주,6500000,오리,LBI1000016,16531,372562
2670,200911,제주,6500000,돼지,LBI1000006,58009,1287373
2669,200911,경남,6480000,돼지,LBI1000006,147580,3266304
2668,200911,경북,6470000,산양,LBI1000087,59,1765
2667,200911,경북,6470000,돼지,LBI1000006,95475,2226388
2666,200911,전남,6460000,돼지,LBI1000006,64740,1406859
2665,200911,충남,6440000,돼지,LBI1000006,126799,2415626
2664,200911,울산,6310000,돼지,LBI1000006,13071,280364
2663,200911,인천,6280000,소,LBI1000080,838,19848
2726,200911,충북,6430000,사슴,LBI1000017,3,95
2687,200911,경남,6480000,오리,LBI1000016,334300,6523007
2724,200911,서울,6110000,돼지,LBI1000006,16314,426582
2695,200911,부산,6260000,소,LBI1000080,641,16790
2697,200911,제주,6500000,말,LBI1000007,86,1500
2698,200911,대구,6270000,닭,LBI1000088,1241848,37350662
2699,200911,광주,6290000,돼지,LBI1000006,20054,488979
2700,200911,충북,6430000,오리,LBI1000016,491585,15136195
2701,200911,강원,6420000,산양,LBI1000087,1,3
2702,200911,충남,6440000,닭,LBI1000088,6308228,178499999
2723,200911,대전,6300000,돼지,LBI1000006,9012,225232
2704,200911,경남,6480000,닭,LBI1000088,573327,10061972
2705,200911,강원,6420000,오소리,LBI1000027,8,8
2706,200911,울산,6310000,소,LBI1000080,1396,33201
2707,200911,광주,6290000,오리,LBI1000016,319123,5438585
2708,200911,경기,6410000,돼지,LBI1000006,267587,4811064
2709,200911,경기,6410000,오리,LBI1000016,209971,3893151
2710,200911,강원,6420000,소,LBI1000080,3112,82097
2711,200911,전북,6450000,오리,LBI1000016,985015,20966557
2696,200911,충북,6430000,소,LBI1000080,4344,116400
2703,200911,전북,6450000,돼지,LBI1000006,122106,2552869
2694,200911,경기,6410000,소,LBI1000080,14305,311064
2716,200911,경기,6410000,닭,LBI1000088,8114773,179133311
2693,200911,강원,6420000,말,LBI1000007,1,2
2722,200911,인천,6280000,닭,LBI1000088,658350,17941493
2721,200911,제주,6500000,거위,LBI1000020,392,392
2719,200911,전북,6450000,소,LBI1000080,2628,75476
2718,200911,충북,6430000,산양,LBI1000087,223,7982
2717,200911,전북,6450000,말,LBI1000007,1,25
2720,200911,광주,6290000,말,LBI1000007,1,3
2715,200911,광주,6290000,소,LBI1000080,1544,39695
2714,200911,충북,6430000,돼지,LBI1000006,195047,3784526
2689,200911,강원,6420000,닭,LBI1000088,235210,7523430
2690,200911,충남,6440000,산양,LBI1000087,10,655
2691,200911,대구,6270000,소,LBI1000080,783,19683
2692,200911,경남,6480000,소,LBI1000080,7545,175043
2653,200910,제주,6500000,오리,LBI1000016,17321,356031
2644,200910,경북,6470000,소,LBI1000080,4754,157608
2646,200910,전북,6450000,닭,LBI1000088,13976561,354756376
2647,200910,강원,6420000,돼지,LBI1000006,63639,1368821
2648,200910,대구,6270000,돼지,LBI1000006,20415,418508
2649,200910,전남,6460000,오리,LBI1000016,1809475,35496090
2650,200910,충남,6440000,소,LBI1000080,2291,78276
2651,200910,인천,6280000,돼지,LBI1000006,25197,560942
2652,200910,인천,6280000,산양,LBI1000087,60,797
2660,200910,충남,6440000,돼지,LBI1000006,117494,2288827
2654,200910,제주,6500000,돼지,LBI1000006,51827,1229364
2655,200910,경남,6480000,돼지,LBI1000006,133348,3118724
2656,200910,경북,6470000,산양,LBI1000087,39,1706
2657,200910,경북,6470000,돼지,LBI1000006,93016,2130913
2658,200910,전남,6460000,산양,LBI1000087,1,22
2659,200910,전남,6460000,돼지,LBI1000006,60843,1342119
2661,200910,울산,6310000,돼지,LBI1000006,12280,267293
2662,200910,인천,6280000,소,LBI1000080,740,19010
2645,200910,경북,6470000,말,LBI1000007,4,101
2642,200910,경기,6410000,말,LBI1000007,1,52
2643,200910,제주,6500000,소,LBI1000080,230,5421
2608,200910,충북,6430000,산양,LBI1000087,98,7759
2617,200910,강원,6420000,소,LBI1000080,2438,78985
2616,200910,전북,6450000,오리,LBI1000016,1102829,19981542
2615,200910,경남,6480000,사슴,LBI1000017,3,21
2614,200910,부산,6260000,돼지,LBI1000006,2561,59443
2613,200910,경남,6480000,타조,LBI1000024,1,18
2612,200910,충북,6430000,돼지,LBI1000006,176172,3589479
2611,200910,광주,6290000,소,LBI1000080,1537,38151
2610,200910,경기,6410000,닭,LBI1000088,8684095,171018538
2609,200910,전북,6450000,말,LBI1000007,1,24
2607,200910,전북,6450000,소,LBI1000080,2014,72848
2619,200910,경기,6410000,돼지,LBI1000006,253896,4543477
2606,200910,인천,6280000,닭,LBI1000088,666380,17283143
2604,200910,서울,6110000,돼지,LBI1000006,15577,410268
2603,200910,충북,6430000,말,LBI1000007,1,4
2602,200910,충북,6430000,사슴,LBI1000017,11,92
2601,200910,서울,6110000,소,LBI1000080,6408,183445
2600,200910,전남,6460000,닭,LBI1000088,2607753,63297718
2599,200910,경북,6470000,닭,LBI1000088,4908606,95273248
2598,200910,제주,6500000,닭,LBI1000088,438561,7067098
2641,200910,충북,6430000,닭,LBI1000088,8906328,208935262
2618,200910,경기,6410000,오리,LBI1000016,186307,3683180
2605,200910,대전,6300000,돼지,LBI1000006,8138,216220
2620,200910,광주,6290000,오리,LBI1000016,320236,5119462
2631,200910,강원,6420000,꿩,LBI1000022,2000,3200
2640,200910,전남,6460000,소,LBI1000080,4362,124542
2621,200910,울산,6310000,소,LBI1000080,1160,31805
2639,200910,경남,6480000,오리,LBI1000016,330150,6188707
2638,200910,대전,6300000,소,LBI1000080,601,18598
2637,200910,강원,6420000,닭,LBI1000088,303840,7288220
2635,200910,강원,6420000,사슴,LBI1000017,6,27
2634,200910,대구,6270000,소,LBI1000080,530,18900
2633,200910,경남,6480000,소,LBI1000080,5365,167498
2632,200910,경기,6410000,소,LBI1000080,10756,296759
2636,200910,충남,6440000,산양,LBI1000087,13,645
2630,200910,부산,6260000,소,LBI1000080,594,16149
2629,200910,충북,6430000,소,LBI1000080,3035,112056
2628,200910,제주,6500000,말,LBI1000007,76,1414
2627,200910,대구,6270000,닭,LBI1000088,1262018,36108814
2626,200910,광주,6290000,돼지,LBI1000006,18224,468925
2625,200910,충북,6430000,오리,LBI1000016,493604,14644610
2624,200910,충남,6440000,닭,LBI1000088,6352140,172191771
2622,200910,경남,6480000,닭,LBI1000088,641480,9488645
2623,200910,전북,6450000,돼지,LBI1000006,108670,2430763
2558,200909,전남,6460000,소,LBI1000080,8944,120180
2553,200909,경북,6470000,말,LBI1000007,2,97
2554,200909,경북,6470000,소,LBI1000080,11314,152854
2555,200909,제주,6500000,소,LBI1000080,438,5191
2556,200909,전남,6460000,말,LBI1000007,1,10
2557,200909,충북,6430000,닭,LBI1000088,10967009,200028934
2561,200909,강원,6420000,닭,LBI1000088,357334,6984380
2559,200909,경남,6480000,오리,LBI1000016,341780,5858557
2560,200909,대전,6300000,소,LBI1000080,1716,17997
2564,200909,경남,6480000,소,LBI1000080,12407,162133
2562,200909,강원,6420000,사슴,LBI1000017,1,21
2563,200909,대구,6270000,소,LBI1000080,1844,18370
2551,200909,강원,6420000,돼지,LBI1000006,65922,1305182
2552,200909,전북,6450000,닭,LBI1000088,16030881,340779815
2541,200909,경북,6470000,돼지,LBI1000006,101673,2037897
2550,200909,대구,6270000,돼지,LBI1000006,22997,398093
2549,200909,전남,6460000,오리,LBI1000016,1874955,33686615
2548,200909,충남,6440000,소,LBI1000080,6552,75985
2547,200909,인천,6280000,돼지,LBI1000006,29827,535745
2546,200909,제주,6500000,오리,LBI1000016,21130,338710
2545,200909,제주,6500000,돼지,LBI1000006,64898,1177537
2544,200909,강원,6420000,면양,LBI1000086,2,50
2543,200909,경남,6480000,돼지,LBI1000006,150059,2985376
2542,200909,경북,6470000,산양,LBI1000087,26,1667
2540,200909,전남,6460000,돼지,LBI1000006,68507,1281276
2539,200909,충남,6440000,돼지,LBI1000006,120005,2171333
2538,200909,울산,6310000,돼지,LBI1000006,12944,255013
2537,200909,인천,6280000,소,LBI1000080,2158,18270
2566,200909,부산,6260000,소,LBI1000080,1513,15555
2565,200909,경기,6410000,소,LBI1000080,26555,286003
2589,200909,대전,6300000,돼지,LBI1000006,8771,208082
2567,200909,충북,6430000,소,LBI1000080,9939,109021
2583,200909,충북,6430000,돼지,LBI1000006,183019,3413307
2597,200909,제주,6500000,닭,LBI1000088,445525,6628537
2596,200909,경북,6470000,닭,LBI1000088,5446073,90364642
2595,200909,전남,6460000,닭,LBI1000088,2545855,60689965
2594,200909,서울,6110000,소,LBI1000080,10960,177037
2593,200909,충북,6430000,사슴,LBI1000017,6,81
2592,200909,전북,6450000,타조,LBI1000024,3,3
2591,200909,충북,6430000,말,LBI1000007,2,3
2590,200909,서울,6110000,돼지,LBI1000006,17614,394691
2588,200909,인천,6280000,닭,LBI1000088,893128,16616763
2587,200909,전북,6450000,소,LBI1000080,5811,70834
2586,200909,충북,6430000,산양,LBI1000087,217,7661
2585,200909,경기,6410000,닭,LBI1000088,9585302,162334443
2584,200909,광주,6290000,소,LBI1000080,2368,36614
2582,200909,경남,6480000,타조,LBI1000024,1,17
2568,200909,제주,6500000,말,LBI1000007,64,1338
2581,200909,부산,6260000,돼지,LBI1000006,3089,56882
2580,200909,전북,6450000,오리,LBI1000016,1334556,18878713
2579,200909,강원,6420000,소,LBI1000080,6322,76547
2578,200909,경기,6410000,오리,LBI1000016,226280,3496873
2577,200909,경기,6410000,돼지,LBI1000006,275723,4289581
2576,200909,광주,6290000,오리,LBI1000016,382251,4799226
2575,200909,울산,6310000,소,LBI1000080,2576,30645
2574,200909,경남,6480000,닭,LBI1000088,759878,8847165
2573,200909,전북,6450000,돼지,LBI1000006,119863,2322093
2572,200909,충남,6440000,닭,LBI1000088,8175463,165839631
2571,200909,충북,6430000,오리,LBI1000016,611403,14151006
2570,200909,광주,6290000,돼지,LBI1000006,20176,450701
2569,200909,대구,6270000,닭,LBI1000088,1612478,34846796
2534,200908,충남,6440000,돼지,LBI1000006,109584,2051328
2533,200908,전남,6460000,돼지,LBI1000006,62434,1212769
2502,200908,충남,6440000,닭,LBI1000088,8505539,157664168
2490,200908,전북,6450000,사슴,LBI1000017,3,11
2503,200908,충북,6430000,오리,LBI1000016,641554,13539603
2501,200908,전북,6450000,돼지,LBI1000006,107623,2202230
2500,200908,경남,6480000,닭,LBI1000088,817288,8087287
2499,200908,울산,6310000,소,LBI1000080,1691,28069
2498,200908,광주,6290000,오리,LBI1000016,385604,4416975
2497,200908,경기,6410000,돼지,LBI1000006,222766,4013858
2496,200908,경기,6410000,오리,LBI1000016,238938,3270593
2495,200908,강원,6420000,소,LBI1000080,3950,70225
2494,200908,전북,6450000,오리,LBI1000016,1227414,17544157
2493,200908,부산,6260000,돼지,LBI1000006,2694,53793
2492,200908,경남,6480000,타조,LBI1000024,1,16
2491,200908,충북,6430000,돼지,LBI1000006,164874,3230288
2489,200908,광주,6290000,소,LBI1000080,1691,34246
2506,200908,제주,6500000,말,LBI1000007,73,1274
2488,200908,경기,6410000,닭,LBI1000088,9702910,152749141
2487,200908,충북,6430000,산양,LBI1000087,333,7444
2486,200908,광주,6290000,말,LBI1000007,1,2
2485,200908,전북,6450000,소,LBI1000080,2702,65023
2484,200908,인천,6280000,닭,LBI1000088,1222360,15723635
2483,200908,대전,6300000,돼지,LBI1000006,7874,199311
2482,200908,서울,6110000,돼지,LBI1000006,13054,377077
2481,200908,충북,6430000,사슴,LBI1000017,6,75
2480,200908,서울,6110000,소,LBI1000080,8219,166077
2479,200908,전남,6460000,닭,LBI1000088,3977778,58144110
2478,200908,경북,6470000,닭,LBI1000088,6469375,84918569
2477,200908,제주,6500000,닭,LBI1000088,521422,6183012
2504,200908,광주,6290000,돼지,LBI1000006,18625,430525
2505,200908,대구,6270000,닭,LBI1000088,1771478,33234318
2507,200908,충북,6430000,소,LBI1000080,4179,99082
2520,200908,충남,6440000,말,LBI1000007,1,15
2535,200908,울산,6310000,돼지,LBI1000006,12205,242069
2536,200908,인천,6280000,소,LBI1000080,845,16112
2532,200908,경북,6470000,돼지,LBI1000006,99156,1936224
2531,200908,경북,6470000,산양,LBI1000087,63,1641
2530,200908,경남,6480000,돼지,LBI1000006,133912,2835317
2529,200908,강원,6420000,면양,LBI1000086,2,48
2528,200908,제주,6500000,돼지,LBI1000006,56505,1112639
2527,200908,제주,6500000,오리,LBI1000016,22214,317580
2526,200908,인천,6280000,돼지,LBI1000006,25057,505918
2525,200908,충남,6440000,소,LBI1000080,3173,69433
2524,200908,전남,6460000,오리,LBI1000016,2056639,31811660
2523,200908,대구,6270000,돼지,LBI1000006,17984,375096
2522,200908,강원,6420000,돼지,LBI1000006,59167,1239260
2521,200908,전북,6450000,닭,LBI1000088,18741691,324748934
2519,200908,경북,6470000,말,LBI1000007,5,95
2518,200908,경북,6470000,소,LBI1000080,6816,141540
2517,200908,제주,6500000,소,LBI1000080,241,4753
2516,200908,충북,6430000,닭,LBI1000088,11459161,189061925
2515,200908,전남,6460000,소,LBI1000080,5445,111236
2514,200908,경남,6480000,오리,LBI1000016,359380,5516777
2513,200908,대전,6300000,소,LBI1000080,898,16281
2512,200908,강원,6420000,닭,LBI1000088,325150,6627046
2511,200908,대구,6270000,소,LBI1000080,833,16526
2510,200908,경남,6480000,소,LBI1000080,7888,149726
2509,200908,경기,6410000,소,LBI1000080,14466,259448
2508,200908,부산,6260000,소,LBI1000080,664,14042
2473,200907,서울,6110000,소,LBI1000080,7634,157858
2470,200907,대전,6300000,돼지,LBI1000006,11336,191437
2471,200907,서울,6110000,돼지,LBI1000006,14831,364023
2472,200907,충북,6430000,사슴,LBI1000017,10,69
2322,200907,충북,6430000,산양,LBI1000087,480,7111
2474,200907,전남,6460000,닭,LBI1000088,7621045,54166332
2475,200907,경북,6470000,닭,LBI1000088,8122594,78449194
2476,200907,제주,6500000,닭,LBI1000088,623839,5661590
2321,200907,전북,6450000,말,LBI1000007,3,23
2324,200907,인천,6280000,닭,LBI1000088,1635067,14501275
2280,200907,충남,6440000,소,LBI1000080,2979,66260
2309,200907,전북,6450000,돼지,LBI1000006,106467,2094607
2316,200907,전북,6450000,오리,LBI1000016,1301126,16316743
2288,200907,제주,6500000,소,LBI1000080,226,4512
2289,200907,전남,6460000,말,LBI1000007,1,9
2290,200907,경기,6410000,말,LBI1000007,6,51
2291,200907,충북,6430000,닭,LBI1000088,13388934,177602764
2292,200907,전남,6460000,소,LBI1000080,5336,105791
2293,200907,경남,6480000,오리,LBI1000016,362065,5157397
2294,200907,경북,6470000,사슴,LBI1000017,6,6
2295,200907,충남,6440000,산양,LBI1000087,34,632
2296,200907,대전,6300000,소,LBI1000080,806,15383
2297,200907,강원,6420000,닭,LBI1000088,250910,6301896
2320,200907,경기,6410000,닭,LBI1000088,11502596,143046231
2319,200907,광주,6290000,소,LBI1000080,1720,32555
2318,200907,충북,6430000,돼지,LBI1000006,169846,3065414
2317,200907,부산,6260000,돼지,LBI1000006,3066,51099
2315,200907,강원,6420000,소,LBI1000080,3098,66275
2299,200907,경남,6480000,소,LBI1000080,7516,141838
2314,200907,경기,6410000,오리,LBI1000016,301780,3031655
2313,200907,경기,6410000,돼지,LBI1000006,197502,3791092
2312,200907,광주,6290000,오리,LBI1000016,394976,4031371
2311,200907,울산,6310000,소,LBI1000080,1571,26378
2310,200907,경남,6480000,닭,LBI1000088,1094189,7269999
2298,200907,대구,6270000,소,LBI1000080,789,15693
2308,200907,충남,6440000,닭,LBI1000088,10271133,149158629
2307,200907,충북,6430000,오리,LBI1000016,681453,12898049
2306,200907,광주,6290000,돼지,LBI1000006,18530,411900
2305,200907,대구,6270000,닭,LBI1000088,2359007,31462840
2304,200907,제주,6500000,말,LBI1000007,67,1201
2303,200907,충북,6430000,소,LBI1000080,4241,94903
2302,200907,부산,6260000,소,LBI1000080,872,13378
2301,200907,경기,6410000,소,LBI1000080,12379,244982
2287,200907,경북,6470000,소,LBI1000080,6291,134724
2286,200907,경북,6470000,말,LBI1000007,5,90
2285,200907,충남,6440000,말,LBI1000007,2,14
2277,200907,제주,6500000,돼지,LBI1000006,56321,1056134
2284,200907,전북,6450000,닭,LBI1000088,24402850,306007243
2271,200907,울산,6310000,돼지,LBI1000006,12774,229864
2272,200907,충남,6440000,돼지,LBI1000006,108091,1941744
2273,200907,전남,6460000,돼지,LBI1000006,62861,1150335
2274,200907,경북,6470000,돼지,LBI1000006,98466,1837068
2275,200907,경북,6470000,산양,LBI1000087,62,1578
2276,200907,경남,6480000,돼지,LBI1000006,137068,2701405
2270,200907,인천,6280000,소,LBI1000080,700,15267
2278,200907,제주,6500000,오리,LBI1000016,26324,295366
2282,200907,대구,6270000,돼지,LBI1000006,18811,357112
2279,200907,인천,6280000,돼지,LBI1000006,27183,480861
2283,200907,강원,6420000,돼지,LBI1000006,61195,1180093
2300,200907,충북,6430000,거위,LBI1000020,1580,1580
2323,200907,전북,6450000,소,LBI1000080,2778,62321
2281,200907,전남,6460000,오리,LBI1000016,2355435,29755021
2254,200906,경북,6470000,말,LBI1000007,5,85
2261,200906,제주,6500000,오리,LBI1000016,21925,269042
2256,200906,강원,6420000,돼지,LBI1000006,60294,1118898
2257,200906,대구,6270000,돼지,LBI1000006,19101,338301
2258,200906,전남,6460000,오리,LBI1000016,2196137,27399586
2259,200906,충남,6440000,소,LBI1000080,3219,63281
2260,200906,인천,6280000,돼지,LBI1000006,26947,453678
2263,200906,경남,6480000,돼지,LBI1000006,137765,2564337
2262,200906,제주,6500000,돼지,LBI1000006,56066,999813
2264,200906,경북,6470000,산양,LBI1000087,43,1516
2266,200906,전남,6460000,돼지,LBI1000006,58815,1087474
2267,200906,충남,6440000,돼지,LBI1000006,108444,1833653
2268,200906,울산,6310000,돼지,LBI1000006,13080,217090
2269,200906,인천,6280000,소,LBI1000080,809,14567
2265,200906,경북,6470000,돼지,LBI1000006,94984,1738602
2253,200906,경북,6470000,소,LBI1000080,6335,128433
2252,200906,제주,6500000,소,LBI1000080,300,4286
2231,200906,울산,6310000,소,LBI1000080,1392,24807
2233,200906,전북,6450000,돼지,LBI1000006,109595,1988140
2234,200906,충남,6440000,닭,LBI1000088,9371227,138887496
2235,200906,충북,6430000,오리,LBI1000016,664231,12216596
2236,200906,광주,6290000,돼지,LBI1000006,21676,393370
2237,200906,대구,6270000,닭,LBI1000088,2124362,29103833
2238,200906,제주,6500000,말,LBI1000007,81,1134
2239,200906,충북,6430000,소,LBI1000080,4461,90662
2240,200906,부산,6260000,소,LBI1000080,910,12506
2241,200906,경기,6410000,소,LBI1000080,13217,232603
2242,200906,경남,6480000,소,LBI1000080,7441,134322
2243,200906,대구,6270000,소,LBI1000080,916,14904
2244,200906,강원,6420000,닭,LBI1000088,489131,6050986
2245,200906,대전,6300000,소,LBI1000080,776,14577
2246,200906,강원,6420000,사슴,LBI1000017,2,20
2247,200906,충남,6440000,산양,LBI1000087,10,598
2248,200906,경남,6480000,오리,LBI1000016,345890,4795332
2249,200906,전남,6460000,소,LBI1000080,5005,100455
2250,200906,충북,6430000,닭,LBI1000088,12408511,164213830
2251,200906,경기,6410000,말,LBI1000007,1,45
2232,200906,경남,6480000,닭,LBI1000088,917730,6175810
2230,200906,광주,6290000,오리,LBI1000016,372455,3636395
2209,200906,제주,6500000,닭,LBI1000088,505467,5037751
2229,200906,경기,6410000,돼지,LBI1000006,203095,3593590
2210,200906,경북,6470000,닭,LBI1000088,6698945,70326600
2211,200906,전남,6460000,닭,LBI1000088,4227422,46545287
2212,200906,서울,6110000,소,LBI1000080,8179,150224
2213,200906,충북,6430000,사슴,LBI1000017,3,59
2214,200906,서울,6110000,돼지,LBI1000006,15686,349192
2215,200906,대전,6300000,돼지,LBI1000006,13084,180101
2216,200906,인천,6280000,닭,LBI1000088,1194689,12866208
2217,200906,전북,6450000,소,LBI1000080,2820,59543
2218,200906,충북,6430000,산양,LBI1000087,414,6631
2219,200906,전북,6450000,말,LBI1000007,1,20
2220,200906,경기,6410000,닭,LBI1000088,9477337,131543635
2221,200906,광주,6290000,소,LBI1000080,1613,30835
2222,200906,충북,6430000,돼지,LBI1000006,163530,2895568
2223,200906,경남,6480000,타조,LBI1000024,1,15
2224,200906,경남,6480000,사슴,LBI1000017,2,18
2225,200906,부산,6260000,돼지,LBI1000006,2970,48033
2226,200906,전북,6450000,오리,LBI1000016,1118897,15015617
2227,200906,강원,6420000,소,LBI1000080,3126,63177
2228,200906,경기,6410000,오리,LBI1000016,324274,2729875
2255,200906,전북,6450000,닭,LBI1000088,20851760,281604393
2170,200905,충북,6430000,닭,LBI1000088,10911564,151805319
2180,200905,부산,6260000,소,LBI1000080,751,11596
2179,200905,경기,6410000,소,LBI1000080,12528,219386
2177,200905,대구,6270000,소,LBI1000080,823,13988
2176,200905,강원,6420000,닭,LBI1000088,330283,5561855
2175,200905,대전,6300000,소,LBI1000080,680,13801
2174,200905,경남,6480000,산양,LBI1000087,1,6
2173,200905,충남,6440000,산양,LBI1000087,9,588
2172,200905,경남,6480000,오리,LBI1000016,323989,4449442
2171,200905,전남,6460000,소,LBI1000080,5339,95450
2169,200905,제주,6500000,소,LBI1000080,244,3986
2168,200905,전남,6460000,말,LBI1000007,1,8
2167,200905,제주,6500000,꿩,LBI1000022,1170,13814
2166,200905,경북,6470000,소,LBI1000080,6185,122098
2165,200905,경북,6470000,말,LBI1000007,6,80
2164,200905,전북,6450000,닭,LBI1000088,17446789,260752633
2163,200905,강원,6420000,돼지,LBI1000006,57294,1058604
2162,200905,대구,6270000,돼지,LBI1000006,20602,319200
2161,200905,전남,6460000,오리,LBI1000016,1867854,25203449
2160,200905,충남,6440000,소,LBI1000080,2975,60062
2159,200905,인천,6280000,돼지,LBI1000006,22687,426731
2158,200905,제주,6500000,오리,LBI1000016,19522,247117
2157,200905,제주,6500000,돼지,LBI1000006,51098,943747
2156,200905,강원,6420000,면양,LBI1000086,2,46
2155,200905,경남,6480000,돼지,LBI1000006,122229,2426572
2154,200905,경북,6470000,산양,LBI1000087,67,1473
2153,200905,경북,6470000,돼지,LBI1000006,86378,1643618
2152,200905,전남,6460000,돼지,LBI1000006,52884,1028659
2151,200905,충남,6440000,돼지,LBI1000006,99000,1725209
2150,200905,울산,6310000,돼지,LBI1000006,11777,204010
2178,200905,경남,6480000,소,LBI1000080,6584,126881
2149,200905,인천,6280000,소,LBI1000080,728,13758
2195,200905,부산,6260000,돼지,LBI1000006,2980,45063
2208,200905,제주,6500000,닭,LBI1000088,391805,4532284
2206,200905,전남,6460000,닭,LBI1000088,3468459,42317865
2205,200905,서울,6110000,소,LBI1000080,7825,142045
2204,200905,서울,6110000,돼지,LBI1000006,15550,333506
2203,200905,대전,6300000,돼지,LBI1000006,12618,167017
2202,200905,인천,6280000,닭,LBI1000088,963790,11671519
2201,200905,전북,6450000,소,LBI1000080,2870,56723
2200,200905,충북,6430000,산양,LBI1000087,329,6217
2199,200905,경기,6410000,닭,LBI1000088,8556911,122066298
2198,200905,광주,6290000,소,LBI1000080,1666,29222
2197,200905,충북,6430000,돼지,LBI1000006,142834,2732038
2196,200905,경남,6480000,사슴,LBI1000017,2,16
2181,200905,충북,6430000,소,LBI1000080,4184,86201
2194,200905,전북,6450000,오리,LBI1000016,936997,13896720
2193,200905,강원,6420000,소,LBI1000080,3308,60051
2192,200905,경기,6410000,오리,LBI1000016,290443,2405601
2191,200905,경기,6410000,돼지,LBI1000006,187040,3390495
2190,200905,광주,6290000,오리,LBI1000016,300955,3263940
2189,200905,울산,6310000,소,LBI1000080,1371,23415
2188,200905,경남,6480000,닭,LBI1000088,747483,5258080
2187,200905,전북,6450000,돼지,LBI1000006,97683,1878545
2186,200905,충남,6440000,닭,LBI1000088,8163881,129516269
2185,200905,충북,6430000,오리,LBI1000016,549695,11552365
2184,200905,광주,6290000,돼지,LBI1000006,21348,371694
2183,200905,대구,6270000,닭,LBI1000088,1734556,26979471
2182,200905,제주,6500000,말,LBI1000007,69,1053
2207,200905,경북,6470000,닭,LBI1000088,5044648,63627655
2148,200904,인천,6280000,소,LBI1000080,689,13030
2140,200904,강원,6420000,면양,LBI1000086,5,44
2147,200904,울산,6310000,돼지,LBI1000006,13376,192233
2139,200904,제주,6500000,돼지,LBI1000006,55993,892649
2110,200904,광주,6290000,돼지,LBI1000006,22493,350346
2112,200904,제주,6500000,말,LBI1000007,85,984
2113,200904,충북,6430000,소,LBI1000080,4379,82017
2114,200904,부산,6260000,소,LBI1000080,1050,10845
2115,200904,경기,6410000,소,LBI1000080,14696,206858
2116,200904,경남,6480000,소,LBI1000080,8077,120297
2117,200904,대구,6270000,소,LBI1000080,1092,13165
2118,200904,강원,6420000,말,LBI1000007,1,1
2119,200904,강원,6420000,닭,LBI1000088,554985,5231572
2120,200904,대전,6300000,소,LBI1000080,876,13121
2121,200904,경남,6480000,오소리,LBI1000027,20,20
2122,200904,충남,6440000,산양,LBI1000087,23,579
2123,200904,경남,6480000,오리,LBI1000016,257765,4125453
2124,200904,전남,6460000,소,LBI1000080,5537,90111
2125,200904,충북,6430000,닭,LBI1000088,10183966,140893755
2126,200904,제주,6500000,소,LBI1000080,275,3742
2127,200904,제주,6500000,꿩,LBI1000022,200,12644
2128,200904,광주,6290000,닭,LBI1000088,8000,8000
2129,200904,경북,6470000,소,LBI1000080,7300,115913
2130,200904,경북,6470000,말,LBI1000007,3,74
2131,200904,전북,6450000,닭,LBI1000088,15778264,243305844
2132,200904,충남,6440000,말,LBI1000007,1,12
2133,200904,강원,6420000,돼지,LBI1000006,60646,1001310
2134,200904,대구,6270000,돼지,LBI1000006,20644,298598
2141,200904,경남,6480000,돼지,LBI1000006,140762,2304343
2136,200904,충남,6440000,소,LBI1000080,3591,57087
2137,200904,인천,6280000,돼지,LBI1000006,27326,404044
2138,200904,제주,6500000,오리,LBI1000016,13315,227595
2111,200904,대구,6270000,닭,LBI1000088,1649351,25244915
2109,200904,충북,6430000,오리,LBI1000016,470333,11002670
2146,200904,충남,6440000,돼지,LBI1000006,106073,1626209
2108,200904,충남,6440000,닭,LBI1000088,7893009,121352388
2145,200904,전남,6460000,돼지,LBI1000006,63164,975775
2144,200904,전남,6460000,산양,LBI1000087,1,21
2143,200904,경북,6470000,돼지,LBI1000006,95165,1557240
2142,200904,경북,6470000,산양,LBI1000087,71,1406
2085,200904,제주,6500000,닭,LBI1000088,368060,4140479
2086,200904,경북,6470000,닭,LBI1000088,4066976,58583007
2087,200904,전남,6460000,닭,LBI1000088,2971694,38849406
2088,200904,서울,6110000,소,LBI1000080,9044,134220
2089,200904,서울,6110000,돼지,LBI1000006,16923,317956
2090,200904,대전,6300000,돼지,LBI1000006,13559,154399
2091,200904,인천,6280000,닭,LBI1000088,901314,10707729
2092,200904,전북,6450000,소,LBI1000080,3299,53853
2093,200904,전북,6450000,말,LBI1000007,2,19
2094,200904,충북,6430000,산양,LBI1000087,486,5888
2095,200904,경기,6410000,닭,LBI1000088,8880629,113509387
2096,200904,광주,6290000,소,LBI1000080,1715,27556
2097,200904,전북,6450000,사슴,LBI1000017,3,8
2098,200904,충북,6430000,돼지,LBI1000006,163854,2589204
2099,200904,부산,6260000,돼지,LBI1000006,3548,42083
2100,200904,전북,6450000,오리,LBI1000016,802254,12959723
2101,200904,강원,6420000,소,LBI1000080,3631,56743
2102,200904,경기,6410000,오리,LBI1000016,266021,2115158
2103,200904,경기,6410000,돼지,LBI1000006,209201,3203455
2104,200904,광주,6290000,오리,LBI1000016,194460,2962985
2105,200904,울산,6310000,소,LBI1000080,1527,22044
2106,200904,경남,6480000,닭,LBI1000088,633488,4510597
2107,200904,전북,6450000,돼지,LBI1000006,110287,1780862
2135,200904,전남,6460000,오리,LBI1000016,1614253,23335595
2061,200903,전북,6450000,돼지,LBI1000006,118159,1670575
2076,200903,전북,6450000,소,LBI1000080,2927,50554
2071,200903,충북,6430000,돼지,LBI1000006,166670,2425350
2074,200903,충북,6430000,산양,LBI1000087,368,5402
2075,200903,전북,6450000,말,LBI1000007,2,17
2077,200903,인천,6280000,닭,LBI1000088,804275,9806415
3776,200903,인천,6280000,소,LBI1000080,712,12341
3777,200903,울산,6310000,돼지,LBI1000006,13723,178857
3778,200903,충남,6440000,돼지,LBI1000006,110456,1520136
3779,200903,전남,6460000,돼지,LBI1000006,61211,912611
3780,200903,경북,6470000,돼지,LBI1000006,100620,1462075
3781,200903,경북,6470000,산양,LBI1000087,57,1335
3782,200903,경남,6480000,돼지,LBI1000006,141999,2163581
2033,200903,제주,6500000,돼지,LBI1000006,59483,836656
2034,200903,제주,6500000,오리,LBI1000016,12812,214280
2035,200903,인천,6280000,돼지,LBI1000006,27569,376718
2036,200903,인천,6280000,산양,LBI1000087,61,737
2037,200903,충남,6440000,소,LBI1000080,3462,53496
2038,200903,전남,6460000,오리,LBI1000016,1361206,21721342
2039,200903,대구,6270000,돼지,LBI1000006,23276,277954
2040,200903,강원,6420000,돼지,LBI1000006,59225,940664
2041,200903,전북,6450000,닭,LBI1000088,13898472,227527580
3783,200903,강원,6420000,면양,LBI1000086,2,39
2078,200903,대전,6300000,돼지,LBI1000006,13036,140840
2079,200903,서울,6110000,돼지,LBI1000006,17408,301033
2080,200903,충북,6430000,말,LBI1000007,1,1
2081,200903,서울,6110000,소,LBI1000080,8816,125176
2082,200903,전남,6460000,닭,LBI1000088,1965959,35877712
2083,200903,경북,6470000,닭,LBI1000088,3656634,54516031
2084,200903,제주,6500000,닭,LBI1000088,292684,3772419
2072,200903,광주,6290000,소,LBI1000080,1644,25841
2073,200903,경기,6410000,닭,LBI1000088,8438010,104628758
2070,200903,경남,6480000,타조,LBI1000024,1,14
2056,200903,제주,6500000,말,LBI1000007,76,899
2042,200903,경북,6470000,말,LBI1000007,5,71
2043,200903,경북,6470000,소,LBI1000080,6604,108613
2044,200903,제주,6500000,소,LBI1000080,225,3467
2045,200903,충북,6430000,닭,LBI1000088,10292305,130709789
2046,200903,전남,6460000,소,LBI1000080,5382,84574
2047,200903,경기,6410000,말,LBI1000007,2,44
2048,200903,경남,6480000,오리,LBI1000016,236355,3867688
2049,200903,대전,6300000,소,LBI1000080,828,12245
2050,200903,강원,6420000,닭,LBI1000088,334368,4676587
2051,200903,대구,6270000,소,LBI1000080,949,12073
2052,200903,경남,6480000,소,LBI1000080,7310,112220
2053,200903,경기,6410000,소,LBI1000080,14251,192162
2054,200903,부산,6260000,소,LBI1000080,798,9795
2055,200903,충북,6430000,소,LBI1000080,4374,77638
2065,200903,경기,6410000,돼지,LBI1000006,212521,2994254
2058,200903,광주,6290000,돼지,LBI1000006,21907,327853
2059,200903,충북,6430000,오리,LBI1000016,480094,10532337
2060,200903,충남,6440000,닭,LBI1000088,7288606,113459379
2062,200903,경남,6480000,닭,LBI1000088,616125,3877109
2063,200903,울산,6310000,소,LBI1000080,1254,20517
2064,200903,광주,6290000,오리,LBI1000016,168702,2768525
2057,200903,대구,6270000,닭,LBI1000088,1449329,23595564
2066,200903,경기,6410000,오리,LBI1000016,160744,1849137
2067,200903,강원,6420000,소,LBI1000080,3304,53112
2068,200903,전북,6450000,오리,LBI1000016,681910,12157469
2069,200903,부산,6260000,돼지,LBI1000006,3443,38535
3717,200902,서울,6110000,돼지,LBI1000006,17952,283625
3716,200902,전남,6460000,거위,LBI1000020,2800,2800
3714,200902,서울,6110000,소,LBI1000080,7138,116360
3718,200902,대전,6300000,돼지,LBI1000006,12026,127804
3715,200902,충북,6430000,사슴,LBI1000017,4,56
3767,200902,강원,6420000,면양,LBI1000086,8,37
3713,200902,전남,6460000,닭,LBI1000088,1790658,33911753
3712,200902,경북,6470000,닭,LBI1000088,3026433,50859397
3711,200902,제주,6500000,닭,LBI1000088,234379,3479735
3766,200902,제주,6500000,돼지,LBI1000006,54538,777173
3720,200902,전북,6450000,소,LBI1000080,2308,47627
3719,200902,인천,6280000,닭,LBI1000088,613893,9002140
3724,200902,광주,6290000,소,LBI1000080,1440,24197
3721,200902,전북,6450000,말,LBI1000007,1,15
3751,200902,경남,6480000,오리,LBI1000016,185514,3631333
3768,200902,경남,6480000,돼지,LBI1000006,136223,2021582
3739,200902,광주,6290000,돼지,LBI1000006,20391,305946
3740,200902,대구,6270000,닭,LBI1000088,1287272,22146235
3741,200902,제주,6500000,말,LBI1000007,69,823
3742,200902,충북,6430000,소,LBI1000080,3653,73264
3743,200902,부산,6260000,소,LBI1000080,605,8997
3744,200902,경기,6410000,소,LBI1000080,11510,177911
3745,200902,경남,6480000,소,LBI1000080,5773,104910
3746,200902,대구,6270000,소,LBI1000080,630,11124
3747,200902,충북,6430000,면양,LBI1000086,32,60
3748,200902,강원,6420000,사슴,LBI1000017,3,18
3749,200902,강원,6420000,닭,LBI1000088,276701,4342219
3750,200902,대전,6300000,소,LBI1000080,615,11417
3752,200902,경기,6410000,말,LBI1000007,4,42
3722,200902,충북,6430000,산양,LBI1000087,268,5034
3753,200902,전남,6460000,소,LBI1000080,4619,79192
3754,200902,충북,6430000,닭,LBI1000088,8269920,120417484
3755,200902,제주,6500000,꿩,LBI1000022,200,12444
3756,200902,제주,6500000,소,LBI1000080,188,3242
3757,200902,경북,6470000,소,LBI1000080,5055,102009
3758,200902,경북,6470000,말,LBI1000007,5,66
3759,200902,전북,6450000,닭,LBI1000088,12431325,213629108
3760,200902,강원,6420000,돼지,LBI1000006,58253,881439
3761,200902,대구,6270000,돼지,LBI1000006,20614,254678
3762,200902,전남,6460000,오리,LBI1000016,1055062,20360136
3763,200902,충남,6440000,소,LBI1000080,2682,50034
3764,200902,인천,6280000,돼지,LBI1000006,27205,349149
3765,200902,제주,6500000,오리,LBI1000016,13498,201468
3769,200902,경북,6470000,산양,LBI1000087,61,1278
3770,200902,전남,6460000,산양,LBI1000087,1,20
3771,200902,경북,6470000,돼지,LBI1000006,97114,1361455
3730,200902,강원,6420000,소,LBI1000080,2315,49808
3729,200902,전북,6450000,오리,LBI1000016,523581,11475559
3728,200902,부산,6260000,돼지,LBI1000006,3218,35092
3727,200902,경남,6480000,타조,LBI1000024,1,13
3726,200902,충북,6430000,돼지,LBI1000006,157503,2258680
3772,200902,전남,6460000,돼지,LBI1000006,57037,851400
3725,200902,전북,6450000,사슴,LBI1000017,3,5
3723,200902,경기,6410000,닭,LBI1000088,7655341,96190748
3732,200902,경기,6410000,돼지,LBI1000006,207987,2781733
3733,200902,광주,6290000,오리,LBI1000016,144387,2599823
3734,200902,울산,6310000,소,LBI1000080,967,19263
3735,200902,경남,6480000,닭,LBI1000088,525930,3260984
3736,200902,전북,6450000,돼지,LBI1000006,105304,1552416
3737,200902,충남,6440000,닭,LBI1000088,6949944,106170773
3738,200902,충북,6430000,오리,LBI1000016,536926,10052243
3775,200902,인천,6280000,소,LBI1000080,649,11629
3774,200902,울산,6310000,돼지,LBI1000006,11452,165134
3773,200902,충남,6440000,돼지,LBI1000006,108448,1409680
3731,200902,경기,6410000,오리,LBI1000016,71769,1688393
3657,200901,제주,6500000,돼지,LBI1000006,58736,722635
3652,200901,경북,6470000,돼지,LBI1000006,97447,1264341
3648,200901,인천,6280000,소,LBI1000080,2270,10980
3649,200901,울산,6310000,돼지,LBI1000006,10015,153682
3650,200901,충남,6440000,돼지,LBI1000006,107471,1301232
3651,200901,전남,6460000,돼지,LBI1000006,63139,794363
3653,200901,전남,6460000,산양,LBI1000087,1,19
3654,200901,경북,6470000,산양,LBI1000087,45,1217
3655,200901,경남,6480000,돼지,LBI1000006,137773,1885359
3656,200901,강원,6420000,면양,LBI1000086,11,29
3683,200901,제주,6500000,말,LBI1000007,65,754
3658,200901,제주,6500000,오리,LBI1000016,11627,187970
3659,200901,인천,6280000,돼지,LBI1000006,26622,321944
3687,200901,충남,6440000,닭,LBI1000088,7331941,99220829
3688,200901,전북,6450000,돼지,LBI1000006,104301,1447112
3689,200901,경남,6480000,닭,LBI1000088,149633,2735054
3690,200901,울산,6310000,소,LBI1000080,2059,18296
3691,200901,광주,6290000,오리,LBI1000016,143341,2455436
3692,200901,경기,6410000,돼지,LBI1000006,210559,2573746
3693,200901,경기,6410000,오리,LBI1000016,58780,1616624
3694,200901,강원,6420000,소,LBI1000080,6235,47493
3695,200901,전북,6450000,오리,LBI1000016,425870,10951978
3696,200901,부산,6260000,돼지,LBI1000006,3559,31874
3697,200901,대전,6300000,말,LBI1000007,1,1
3699,200901,광주,6290000,소,LBI1000080,2347,22757
3685,200901,광주,6290000,돼지,LBI1000006,21096,285555
3700,200901,경기,6410000,닭,LBI1000088,7476587,88535407
3701,200901,충북,6430000,산양,LBI1000087,234,4766
3702,200901,전북,6450000,말,LBI1000007,1,14
3703,200901,전북,6450000,소,LBI1000080,6372,45319
3704,200901,인천,6280000,닭,LBI1000088,525876,8388247
3705,200901,대전,6300000,돼지,LBI1000006,12800,115778
3706,200901,서울,6110000,돼지,LBI1000006,18858,265673
3707,200901,서울,6110000,소,LBI1000080,8713,109222
3708,200901,전남,6460000,닭,LBI1000088,1753904,32121095
3709,200901,경북,6470000,닭,LBI1000088,2991599,47832964
3710,200901,제주,6500000,닭,LBI1000088,266348,3245356
3686,200901,충북,6430000,오리,LBI1000016,556574,9515317
3698,200901,충북,6430000,돼지,LBI1000006,154012,2101177
3684,200901,대구,6270000,닭,LBI1000088,1239318,20858963
3672,200901,경남,6480000,오리,LBI1000016,188575,3445819
3661,200901,전남,6460000,오리,LBI1000016,1050169,19305074
3662,200901,대구,6270000,돼지,LBI1000006,22485,234064
3663,200901,강원,6420000,돼지,LBI1000006,58360,823186
3664,200901,전북,6450000,닭,LBI1000088,12157981,201197783
3665,200901,경북,6470000,말,LBI1000007,4,61
3666,200901,경북,6470000,소,LBI1000080,11534,96954
3668,200901,경기,6410000,산양,LBI1000087,18,30
3669,200901,충북,6430000,닭,LBI1000088,8573430,112147564
3670,200901,전남,6460000,소,LBI1000080,8777,74573
3671,200901,경기,6410000,말,LBI1000007,1,38
3667,200901,제주,6500000,소,LBI1000080,365,3054
3673,200901,대전,6300000,소,LBI1000080,1692,10802
3675,200901,충남,6440000,산양,LBI1000087,16,556
3676,200901,충북,6430000,면양,LBI1000086,14,28
3677,200901,대구,6270000,소,LBI1000080,2140,10494
3682,200901,충북,6430000,소,LBI1000080,8714,69611
3660,200901,충남,6440000,소,LBI1000080,6591,47352
3678,200901,경남,6480000,소,LBI1000080,10945,99137
3679,200901,경기,6410000,소,LBI1000080,24526,166401
3680,200901,부산,6260000,소,LBI1000080,1381,8392
3681,200901,강원,6420000,꿩,LBI1000022,1200,1200
3674,200901,강원,6420000,닭,LBI1000088,229595,4065518
3609,200812,충남,6440000,닭,LBI1000088,8077722,91888888
3605,200812,광주,6290000,오리,LBI1000016,170791,2312095
3606,200812,울산,6310000,소,LBI1000080,1628,16237
3607,200812,경남,6480000,닭,LBI1000088,166045,2585421
3608,200812,전북,6450000,돼지,LBI1000006,126863,1342811
3614,200812,충북,6430000,소,LBI1000080,5926,60897
3610,200812,충북,6430000,오리,LBI1000016,645920,8958743
3611,200812,광주,6290000,돼지,LBI1000006,23382,264459
3612,200812,대구,6270000,닭,LBI1000088,1545289,19619645
3613,200812,제주,6500000,말,LBI1000007,95,689
3615,200812,부산,6260000,소,LBI1000080,1120,7011
3603,200812,경기,6410000,오리,LBI1000016,105259,1557844
3604,200812,경기,6410000,돼지,LBI1000006,250011,2363187
3592,200812,인천,6280000,닭,LBI1000088,593578,7862371
3602,200812,강원,6420000,소,LBI1000080,4585,41258
3601,200812,전북,6450000,오리,LBI1000016,589475,10526108
3600,200812,경남,6480000,사슴,LBI1000017,4,14
3599,200812,부산,6260000,돼지,LBI1000006,3376,28315
3598,200812,경남,6480000,타조,LBI1000024,1,12
3597,200812,충북,6430000,돼지,LBI1000006,175846,1947165
3596,200812,광주,6290000,소,LBI1000080,1882,20410
3595,200812,경기,6410000,닭,LBI1000088,8500504,81058820
3594,200812,충북,6430000,산양,LBI1000087,263,4532
3593,200812,전북,6450000,소,LBI1000080,3839,38947
3618,200812,대구,6270000,소,LBI1000080,1053,8354
3591,200812,대전,6300000,돼지,LBI1000006,14319,102978
3590,200812,서울,6110000,돼지,LBI1000006,22841,246815
3589,200812,서울,6110000,소,LBI1000080,10649,100509
3588,200812,전남,6460000,닭,LBI1000088,1856979,30367191
3617,200812,경남,6480000,소,LBI1000080,9165,88192
3616,200812,경기,6410000,소,LBI1000080,18666,141875
3619,200812,충북,6430000,면양,LBI1000086,12,14
3636,200812,충남,6440000,소,LBI1000080,4560,40761
3620,200812,경남,6480000,산양,LBI1000087,2,5
3587,200812,경북,6470000,닭,LBI1000088,3522460,44841365
3647,200812,인천,6280000,소,LBI1000080,1154,8710
3646,200812,울산,6310000,돼지,LBI1000006,9990,143667
3645,200812,충남,6440000,돼지,LBI1000006,112819,1193761
3644,200812,전남,6460000,돼지,LBI1000006,69062,731224
3643,200812,경북,6470000,돼지,LBI1000006,106039,1166894
3642,200812,경북,6470000,산양,LBI1000087,112,1172
3641,200812,경남,6480000,돼지,LBI1000006,157729,1747586
3640,200812,강원,6420000,면양,LBI1000086,2,18
3639,200812,제주,6500000,돼지,LBI1000006,62336,663899
3638,200812,제주,6500000,오리,LBI1000016,16554,176343
3637,200812,인천,6280000,돼지,LBI1000006,33986,295322
3586,200812,제주,6500000,닭,LBI1000088,275630,2979008
3621,200812,강원,6420000,닭,LBI1000088,268452,3835923
3627,200812,제주,6500000,꿩,LBI1000022,3504,12244
3622,200812,대전,6300000,소,LBI1000080,1153,9110
3623,200812,경남,6480000,오리,LBI1000016,262655,3257244
3624,200812,경기,6410000,말,LBI1000007,1,37
3625,200812,전남,6460000,소,LBI1000080,6051,65796
3626,200812,충북,6430000,닭,LBI1000088,9486512,103574134
3634,200812,전남,6460000,오리,LBI1000016,1737278,18254905
3628,200812,제주,6500000,소,LBI1000080,293,2689
3630,200812,경북,6470000,말,LBI1000007,4,57
3631,200812,전북,6450000,닭,LBI1000088,14347084,189039802
3632,200812,강원,6420000,돼지,LBI1000006,63750,764826
3633,200812,대구,6270000,돼지,LBI1000006,24276,211579
3629,200812,경북,6470000,소,LBI1000080,8003,85420
3543,200811,제주,6500000,꿩,LBI1000022,8740,8740
3537,200811,전북,6450000,닭,LBI1000088,12368847,174692718
3538,200811,경북,6470000,말,LBI1000007,5,53
3539,200811,경북,6470000,소,LBI1000080,6543,77417
3540,200811,제주,6500000,소,LBI1000080,270,2396
3541,200811,전남,6460000,말,LBI1000007,2,7
3542,200811,경기,6410000,산양,LBI1000087,12,12
3547,200811,경남,6480000,오리,LBI1000016,263232,2994589
3544,200811,충북,6430000,닭,LBI1000088,8822533,94087622
3546,200811,경기,6410000,말,LBI1000007,15,36
3548,200811,대전,6300000,소,LBI1000080,791,7957
3549,200811,강원,6420000,닭,LBI1000088,266679,3567471
3550,200811,경남,6480000,산양,LBI1000087,3,3
3535,200811,대구,6270000,돼지,LBI1000006,22312,187303
3536,200811,강원,6420000,돼지,LBI1000006,61982,701076
3528,200811,강원,6420000,면양,LBI1000086,4,16
3534,200811,전남,6460000,오리,LBI1000016,1296437,16517627
3533,200811,충남,6440000,소,LBI1000080,3458,36201
3532,200811,인천,6280000,산양,LBI1000087,39,676
3531,200811,인천,6280000,돼지,LBI1000006,31279,261336
3530,200811,제주,6500000,오리,LBI1000016,13568,159789
3529,200811,제주,6500000,돼지,LBI1000006,57633,601563
3552,200811,대구,6270000,소,LBI1000080,860,7301
3527,200811,경남,6480000,돼지,LBI1000006,148733,1589857
3526,200811,경북,6470000,산양,LBI1000087,69,1060
3525,200811,경북,6470000,돼지,LBI1000006,94339,1060855
3524,200811,전남,6460000,돼지,LBI1000006,63456,662162
3523,200811,충남,6440000,돼지,LBI1000006,108743,1080942
3522,200811,울산,6310000,돼지,LBI1000006,7982,133677
3521,200811,인천,6280000,소,LBI1000080,991,7556
3551,200811,충남,6440000,산양,LBI1000087,21,540
3545,200811,전남,6460000,소,LBI1000080,5636,59745
3575,200811,충북,6430000,산양,LBI1000087,223,4269
3578,200811,인천,6280000,닭,LBI1000088,512860,7268793
3572,200811,충북,6430000,돼지,LBI1000006,165875,1771319
3573,200811,광주,6290000,소,LBI1000080,1651,18528
3574,200811,경기,6410000,닭,LBI1000088,7726509,72558316
3554,200811,경기,6410000,소,LBI1000080,14806,123209
3576,200811,전북,6450000,말,LBI1000007,1,13
3577,200811,전북,6450000,소,LBI1000080,3158,35108
3579,200811,대전,6300000,돼지,LBI1000006,13002,88659
3570,200811,부산,6260000,돼지,LBI1000006,2652,24939
3580,200811,서울,6110000,돼지,LBI1000006,20358,223974
3581,200811,충북,6430000,사슴,LBI1000017,12,52
3582,200811,서울,6110000,소,LBI1000080,8871,89860
3583,200811,전남,6460000,닭,LBI1000088,1563014,28510212
3584,200811,경북,6470000,닭,LBI1000088,2676768,41318905
3585,200811,제주,6500000,닭,LBI1000088,249479,2703378
3571,200811,경남,6480000,타조,LBI1000024,1,11
3553,200811,경남,6480000,소,LBI1000080,7211,79027
3569,200811,전북,6450000,오리,LBI1000016,570777,9936633
3561,200811,충남,6440000,닭,LBI1000088,7212288,83811166
3555,200811,부산,6260000,소,LBI1000080,852,5891
3568,200811,강원,6420000,소,LBI1000080,3114,36673
3557,200811,제주,6500000,말,LBI1000007,60,594
3558,200811,대구,6270000,닭,LBI1000088,1614005,18074356
3559,200811,광주,6290000,돼지,LBI1000006,22864,241077
3560,200811,충북,6430000,오리,LBI1000016,322804,8312823
3556,200811,충북,6430000,소,LBI1000080,4797,54971
3563,200811,경남,6480000,닭,LBI1000088,154657,2419376
3564,200811,울산,6310000,소,LBI1000080,1239,14609
3565,200811,광주,6290000,오리,LBI1000016,173607,2141304
3566,200811,경기,6410000,돼지,LBI1000006,228272,2113176
3562,200811,전북,6450000,돼지,LBI1000006,114292,1215948
3567,200811,경기,6410000,오리,LBI1000016,73558,1452585
3494,200810,강원,6420000,사슴,LBI1000017,1,15
3501,200810,제주,6500000,소,LBI1000080,212,2126
3505,200810,강원,6420000,돼지,LBI1000006,70660,639094
3504,200810,전북,6450000,닭,LBI1000088,14295521,162323871
3503,200810,경북,6470000,말,LBI1000007,3,48
3502,200810,경북,6470000,소,LBI1000080,6631,70874
3498,200810,경기,6410000,말,LBI1000007,2,21
3500,200810,충북,6430000,닭,LBI1000088,9658005,85265089
3499,200810,전남,6460000,소,LBI1000080,5569,54109
3497,200810,경남,6480000,오리,LBI1000016,388060,2731357
3496,200810,대전,6300000,소,LBI1000080,699,7166
3495,200810,강원,6420000,닭,LBI1000088,422356,3300792
3506,200810,대구,6270000,돼지,LBI1000006,24008,164991
3635,200810,경기,6410000,소,LBI1000080,14882,108403
3507,200810,전남,6460000,오리,LBI1000016,1383669,15221190
3508,200810,충남,6440000,소,LBI1000080,3329,32743
3509,200810,인천,6280000,산양,LBI1000087,180,637
3510,200810,인천,6280000,돼지,LBI1000006,34343,230057
3511,200810,제주,6500000,오리,LBI1000016,17865,146221
3512,200810,제주,6500000,돼지,LBI1000006,61775,543930
3513,200810,강원,6420000,면양,LBI1000086,6,12
3514,200810,경남,6480000,돼지,LBI1000006,166353,1441124
3515,200810,경북,6470000,산양,LBI1000087,71,991
3516,200810,경북,6470000,돼지,LBI1000006,107732,966516
3517,200810,전남,6460000,돼지,LBI1000006,67426,598706
3518,200810,충남,6440000,돼지,LBI1000006,121073,972199
3519,200810,울산,6310000,돼지,LBI1000006,8675,125695
3520,200810,인천,6280000,소,LBI1000080,792,6565
3492,200810,대구,6270000,소,LBI1000080,996,6441
3493,200810,충남,6440000,산양,LBI1000087,22,519
3484,200810,충북,6430000,오리,LBI1000016,357868,7990019
3491,200810,경남,6480000,소,LBI1000080,7076,71816
3463,200810,대전,6300000,돼지,LBI1000006,13774,75657
3469,200810,경기,6410000,닭,LBI1000088,8137725,64831807
3468,200810,충북,6430000,산양,LBI1000087,256,4046
3467,200810,전북,6450000,말,LBI1000007,1,12
3466,200810,광주,6290000,말,LBI1000007,1,1
3465,200810,전북,6450000,소,LBI1000080,3282,31950
3464,200810,인천,6280000,닭,LBI1000088,561307,6755933
3462,200810,서울,6110000,돼지,LBI1000006,24879,203616
3471,200810,충북,6430000,돼지,LBI1000006,184722,1605444
3461,200810,충북,6430000,사슴,LBI1000017,6,40
3460,200810,서울,6110000,소,LBI1000080,9154,80989
3459,200810,전남,6460000,닭,LBI1000088,2303127,26947198
3458,200810,경북,6470000,닭,LBI1000088,3635062,38642137
3457,200810,제주,6500000,닭,LBI1000088,292052,2453899
3490,200810,부산,6260000,소,LBI1000080,815,5039
3470,200810,광주,6290000,소,LBI1000080,1714,16877
3476,200810,강원,6420000,소,LBI1000080,3295,33559
3472,200810,경남,6480000,타조,LBI1000024,1,10
3482,200810,전북,6450000,돼지,LBI1000006,123698,1101656
3473,200810,부산,6260000,돼지,LBI1000006,3324,22287
3488,200810,제주,6500000,말,LBI1000007,72,534
3487,200810,대구,6270000,닭,LBI1000088,1561230,16460351
3486,200810,광주,6290000,돼지,LBI1000006,24530,218213
3485,200810,강원,6420000,산양,LBI1000087,1,2
3483,200810,충남,6440000,닭,LBI1000088,7821685,76598878
3489,200810,충북,6430000,소,LBI1000080,5704,50174
3481,200810,경남,6480000,닭,LBI1000088,173847,2264719
3479,200810,광주,6290000,오리,LBI1000016,221713,1967697
3478,200810,경기,6410000,돼지,LBI1000006,279027,1884904
3477,200810,경기,6410000,오리,LBI1000016,104040,1379027
3475,200810,전북,6450000,오리,LBI1000016,804351,9365856
3480,200810,울산,6310000,소,LBI1000080,1328,13370
3474,200810,경남,6480000,사슴,LBI1000017,3,10
3416,200809,제주,6500000,소,LBI1000080,277,1914
3411,200809,전북,6450000,닭,LBI1000088,14320459,148028350
3412,200809,충남,6440000,말,LBI1000007,5,11
3413,200809,경북,6470000,말,LBI1000007,6,45
3414,200809,경북,6470000,소,LBI1000080,9612,64243
3415,200809,전남,6460000,말,LBI1000007,1,5
3419,200809,경기,6410000,말,LBI1000007,1,19
3417,200809,충북,6430000,닭,LBI1000088,6800692,75607084
3418,200809,전남,6460000,소,LBI1000080,7318,48540
3420,200809,경남,6480000,오리,LBI1000016,251808,2343297
3421,200809,대전,6300000,소,LBI1000080,1055,6467
3422,200809,강원,6420000,닭,LBI1000088,252310,2878436
3410,200809,강원,6420000,돼지,LBI1000006,62679,568434
3423,200809,강원,6420000,사슴,LBI1000017,3,14
3404,200809,제주,6500000,오리,LBI1000016,11569,128356
3409,200809,대구,6270000,돼지,LBI1000006,23725,140983
3408,200809,전남,6460000,오리,LBI1000016,1332658,13837521
3407,200809,충남,6440000,소,LBI1000080,5466,29414
3406,200809,인천,6280000,산양,LBI1000087,50,457
3405,200809,인천,6280000,돼지,LBI1000006,26544,195714
3425,200809,대구,6270000,소,LBI1000080,1587,5445
3403,200809,제주,6500000,돼지,LBI1000006,53719,482155
3402,200809,경남,6480000,돼지,LBI1000006,136275,1274771
3401,200809,경북,6470000,산양,LBI1000087,80,920
3400,200809,경북,6470000,돼지,LBI1000006,91686,858784
3399,200809,전남,6460000,돼지,LBI1000006,57762,531280
3398,200809,충남,6440000,돼지,LBI1000006,95307,851126
3397,200809,울산,6310000,돼지,LBI1000006,12626,117020
3396,200809,인천,6280000,소,LBI1000080,1242,5773
3424,200809,충남,6440000,산양,LBI1000087,150,497
3433,200809,충북,6430000,오리,LBI1000016,519325,7632151
3426,200809,경남,6480000,소,LBI1000080,9063,64740
3427,200809,경기,6410000,소,LBI1000080,18375,93521
3456,200809,제주,6500000,닭,LBI1000088,256392,2161847
3455,200809,경북,6470000,닭,LBI1000088,3379133,35007075
3454,200809,전남,6460000,닭,LBI1000088,1909664,24644071
3453,200809,서울,6110000,소,LBI1000080,8487,71835
3452,200809,서울,6110000,돼지,LBI1000006,23227,178737
3451,200809,대전,6300000,돼지,LBI1000006,11970,61883
3450,200809,인천,6280000,닭,LBI1000088,593321,6194626
3449,200809,전북,6450000,소,LBI1000080,5230,28668
3448,200809,전북,6450000,말,LBI1000007,1,11
3447,200809,충북,6430000,산양,LBI1000087,176,3790
3446,200809,경기,6410000,닭,LBI1000088,7874865,56694082
3445,200809,광주,6290000,소,LBI1000080,2122,15163
3444,200809,충북,6430000,돼지,LBI1000006,152961,1420722
3443,200809,부산,6260000,돼지,LBI1000006,2674,18963
3441,200809,강원,6420000,소,LBI1000080,4722,30264
3440,200809,경기,6410000,오리,LBI1000016,89598,1274987
3439,200809,경기,6410000,돼지,LBI1000006,227383,1605877
3438,200809,광주,6290000,오리,LBI1000016,187347,1745984
3437,200809,울산,6310000,소,LBI1000080,2052,12042
3436,200809,경남,6480000,닭,LBI1000088,168529,2090872
3435,200809,전북,6450000,돼지,LBI1000006,107030,977958
3434,200809,충남,6440000,닭,LBI1000088,7693053,68777193
3432,200809,광주,6290000,돼지,LBI1000006,21168,193683
3431,200809,대구,6270000,닭,LBI1000088,1655573,14899121
3430,200809,제주,6500000,말,LBI1000007,49,462
3429,200809,충북,6430000,소,LBI1000080,6861,44470
3428,200809,부산,6260000,소,LBI1000080,1011,4224
3442,200809,전북,6450000,오리,LBI1000016,717678,8561505
3351,200808,전북,6450000,오리,LBI1000016,908533,7843827
3395,200808,인천,6280000,소,LBI1000080,836,4531
3365,200808,부산,6260000,소,LBI1000080,574,3213
3363,200808,제주,6500000,말,LBI1000007,58,413
3362,200808,대구,6270000,닭,LBI1000088,1893015,13243548
3361,200808,광주,6290000,돼지,LBI1000006,23780,172515
3360,200808,충북,6430000,오리,LBI1000016,893014,7112826
3359,200808,충남,6440000,닭,LBI1000088,8194634,61084140
3358,200808,전북,6450000,돼지,LBI1000006,107317,870928
3357,200808,경남,6480000,닭,LBI1000088,195318,1922343
3356,200808,울산,6310000,소,LBI1000080,1180,9990
3355,200808,광주,6290000,오리,LBI1000016,205135,1558637
3354,200808,경기,6410000,돼지,LBI1000006,213400,1378494
3353,200808,경기,6410000,오리,LBI1000016,152253,1185389
3352,200808,강원,6420000,소,LBI1000080,4423,25542
3350,200808,부산,6260000,돼지,LBI1000006,1708,16289
3349,200808,경남,6480000,사슴,LBI1000017,3,7
3348,200808,충북,6430000,돼지,LBI1000006,144685,1267761
3347,200808,경남,6480000,타조,LBI1000024,1,9
3345,200808,경기,6410000,닭,LBI1000088,8678363,48819217
3394,200808,울산,6310000,돼지,LBI1000006,12829,104394
2032,200808,충북,6430000,산양,LBI1000087,238,3614
2031,200808,전북,6450000,소,LBI1000080,3460,23438
2030,200808,인천,6280000,닭,LBI1000088,845190,5601305
2029,200808,대전,6300000,돼지,LBI1000006,11550,49913
2028,200808,서울,6110000,돼지,LBI1000006,17885,155510
2027,200808,서울,6110000,소,LBI1000080,9303,63348
2026,200808,전남,6460000,닭,LBI1000088,2837906,22734407
2025,200808,경북,6470000,닭,LBI1000088,4341470,31627942
2024,200808,제주,6500000,닭,LBI1000088,299238,1905455
3364,200808,충북,6430000,소,LBI1000080,5966,37609
3346,200808,광주,6290000,소,LBI1000080,1623,13041
3366,200808,경기,6410000,소,LBI1000080,15662,75146
3381,200808,강원,6420000,돼지,LBI1000006,58501,505755
3367,200808,경남,6480000,소,LBI1000080,8318,55677
3393,200808,충남,6440000,돼지,LBI1000006,88283,755819
3392,200808,전남,6460000,돼지,LBI1000006,53810,473518
3391,200808,경북,6470000,돼지,LBI1000006,93985,767098
3390,200808,경북,6470000,산양,LBI1000087,86,840
3389,200808,경남,6480000,돼지,LBI1000006,130632,1138496
3388,200808,충북,6430000,오소리,LBI1000027,10,16
3387,200808,제주,6500000,돼지,LBI1000006,56134,428436
3385,200808,인천,6280000,돼지,LBI1000006,26061,169170
3384,200808,충남,6440000,소,LBI1000080,3369,23948
3383,200808,전남,6460000,오리,LBI1000016,1297679,12504863
3382,200808,대구,6270000,돼지,LBI1000006,22050,117258
3386,200808,제주,6500000,오리,LBI1000016,11209,116787
3380,200808,전북,6450000,닭,LBI1000088,17533676,133707891
3375,200808,제주,6500000,소,LBI1000080,259,1637
3368,200808,대구,6270000,소,LBI1000080,1058,3858
3379,200808,충남,6440000,말,LBI1000007,1,6
3370,200808,대전,6300000,소,LBI1000080,718,5412
3371,200808,경남,6480000,오리,LBI1000016,314597,2091489
3372,200808,경기,6410000,말,LBI1000007,2,18
3373,200808,전남,6460000,소,LBI1000080,6176,41222
3374,200808,충북,6430000,닭,LBI1000088,9529191,68806392
3369,200808,강원,6420000,닭,LBI1000088,230551,2626126
3377,200808,경북,6470000,소,LBI1000080,8135,54631
3378,200808,경북,6470000,말,LBI1000007,6,39
3376,200808,전남,6460000,말,LBI1000007,3,4
2008,200807,경남,6480000,사슴,LBI1000017,1,4
1999,200807,전북,6450000,돼지,LBI1000006,104402,763611
2006,200807,전북,6450000,오리,LBI1000016,982540,6935294
2005,200807,강원,6420000,소,LBI1000080,2793,21119
2004,200807,경기,6410000,오리,LBI1000016,189266,1033136
2003,200807,경기,6410000,돼지,LBI1000006,217992,1165094
2002,200807,광주,6290000,오리,LBI1000016,252619,1353502
2001,200807,울산,6310000,소,LBI1000080,1111,8810
2000,200807,경남,6480000,닭,LBI1000088,380888,1727025
1997,200807,충북,6430000,오리,LBI1000016,903555,6219812
1998,200807,충남,6440000,닭,LBI1000088,9229557,52889506
1996,200807,광주,6290000,돼지,LBI1000006,21179,148735
1995,200807,대구,6270000,닭,LBI1000088,2125826,11350533
1991,200807,부산,6260000,소,LBI1000080,379,2639
1994,200807,제주,6500000,말,LBI1000007,54,355
1992,200807,제주,6500000,사슴,LBI1000017,1,1
1993,200807,충북,6430000,소,LBI1000080,3714,31643
2007,200807,부산,6260000,돼지,LBI1000006,1795,14581
2022,200807,경북,6470000,닭,LBI1000088,6362020,27286472
2009,200807,충북,6430000,돼지,LBI1000006,148269,1123076
2010,200807,경남,6480000,타조,LBI1000024,2,8
1989,200807,경남,6480000,소,LBI1000080,6638,47359
1986,200807,충남,6440000,산양,LBI1000087,32,347
1987,200807,강원,6420000,사슴,LBI1000017,9,11
2023,200807,제주,6500000,닭,LBI1000088,395676,1606217
2021,200807,전남,6460000,닭,LBI1000088,5793170,19896501
2020,200807,충북,6430000,사슴,LBI1000017,6,34
2019,200807,서울,6110000,소,LBI1000080,8527,54045
2018,200807,서울,6110000,돼지,LBI1000006,17287,137625
2017,200807,대전,6300000,돼지,LBI1000006,8466,38363
2016,200807,인천,6280000,닭,LBI1000088,1175548,4756115
2015,200807,전북,6450000,사슴,LBI1000017,2,2
2014,200807,전북,6450000,소,LBI1000080,2444,19978
2013,200807,충북,6430000,산양,LBI1000087,789,3376
2012,200807,경기,6410000,닭,LBI1000088,9211032,40140854
2011,200807,광주,6290000,소,LBI1000080,1466,11418
1990,200807,경기,6410000,소,LBI1000080,12239,59484
1988,200807,대구,6270000,소,LBI1000080,709,2800
1963,200807,경북,6470000,돼지,LBI1000006,90978,673113
1972,200807,대구,6270000,돼지,LBI1000006,23403,95208
1984,200807,대전,6300000,소,LBI1000080,539,4694
1959,200807,인천,6280000,소,LBI1000080,645,3695
1960,200807,울산,6310000,돼지,LBI1000006,13312,91565
1961,200807,충남,6440000,돼지,LBI1000006,93321,667536
1962,200807,전남,6460000,돼지,LBI1000006,56100,419708
1964,200807,경북,6470000,산양,LBI1000087,144,754
1965,200807,경남,6480000,돼지,LBI1000006,133547,1007864
1966,200807,충북,6430000,오소리,LBI1000027,3,6
1967,200807,제주,6500000,돼지,LBI1000006,52168,372302
1969,200807,인천,6280000,돼지,LBI1000006,25055,143109
1970,200807,충남,6440000,소,LBI1000080,2849,20579
1971,200807,전남,6460000,오리,LBI1000016,1577520,11207184
1968,200807,제주,6500000,오리,LBI1000016,14459,105578
1973,200807,강원,6420000,돼지,LBI1000006,57579,447254
1979,200807,제주,6500000,당나귀,LBI1000023,1,1
1985,200807,강원,6420000,닭,LBI1000088,290476,2395575
1983,200807,경남,6480000,오리,LBI1000016,390684,1776892
1982,200807,경기,6410000,말,LBI1000007,3,16
1974,200807,전북,6450000,닭,LBI1000088,23985595,116174215
1980,200807,충북,6430000,닭,LBI1000088,11319325,59277201
1981,200807,전남,6460000,소,LBI1000080,4884,35046
1978,200807,제주,6500000,소,LBI1000080,213,1378
1977,200807,경북,6470000,소,LBI1000080,5761,46496
1976,200807,경북,6470000,말,LBI1000007,7,33
1975,200807,충남,6440000,말,LBI1000007,2,5
1941,200806,경북,6470000,말,LBI1000007,7,26
1950,200806,제주,6500000,돼지,LBI1000006,47416,320134
1942,200806,전북,6450000,닭,LBI1000088,18651623,92188620
1944,200806,대구,6270000,돼지,LBI1000006,20249,71805
1945,200806,전남,6460000,오리,LBI1000016,1814428,9629664
1946,200806,충남,6440000,소,LBI1000080,2441,17730
1947,200806,인천,6280000,돼지,LBI1000006,23780,118054
1948,200806,인천,6280000,산양,LBI1000087,49,407
1949,200806,제주,6500000,오리,LBI1000016,14013,91119
1938,200806,충북,6430000,닭,LBI1000088,8599221,47957876
1951,200806,충북,6430000,오소리,LBI1000027,3,3
1952,200806,경남,6480000,돼지,LBI1000006,129133,874317
1953,200806,경북,6470000,산양,LBI1000087,89,610
1954,200806,경북,6470000,돼지,LBI1000006,88869,582135
1955,200806,전남,6460000,돼지,LBI1000006,52432,363608
1956,200806,충남,6440000,돼지,LBI1000006,86390,574215
1957,200806,울산,6310000,돼지,LBI1000006,12615,78253
1958,200806,인천,6280000,소,LBI1000080,500,3050
1939,200806,제주,6500000,소,LBI1000080,169,1165
1940,200806,경북,6470000,소,LBI1000080,5597,40735
1943,200806,강원,6420000,돼지,LBI1000006,57468,389675
1919,200806,울산,6310000,소,LBI1000080,1029,7699
1925,200806,대구,6270000,닭,LBI1000088,1731821,9224707
1914,200806,전북,6450000,오리,LBI1000016,1204695,5952754
1915,200806,강원,6420000,소,LBI1000080,2569,18326
1916,200806,경기,6410000,오리,LBI1000016,180540,843870
1917,200806,경기,6410000,돼지,LBI1000006,210647,947102
1918,200806,광주,6290000,오리,LBI1000016,274085,1100883
1920,200806,경남,6480000,닭,LBI1000088,389328,1346137
1921,200806,전북,6450000,돼지,LBI1000006,98356,659209
1922,200806,충남,6440000,닭,LBI1000088,8765293,43659949
1923,200806,충북,6430000,오리,LBI1000016,985176,5316257
1924,200806,광주,6290000,돼지,LBI1000006,19807,127556
1926,200806,제주,6500000,말,LBI1000007,51,301
1912,200806,충북,6430000,돼지,LBI1000006,134571,974807
1927,200806,충북,6430000,소,LBI1000080,3482,27929
1928,200806,부산,6260000,소,LBI1000080,358,2260
1929,200806,경기,6410000,소,LBI1000080,10607,47245
1930,200806,경남,6480000,소,LBI1000080,5920,40721
1931,200806,대구,6270000,소,LBI1000080,705,2091
1932,200806,충남,6440000,산양,LBI1000087,75,315
1933,200806,강원,6420000,닭,LBI1000088,529116,2105099
1934,200806,대전,6300000,소,LBI1000080,527,4155
1935,200806,경남,6480000,오리,LBI1000016,356192,1386208
1936,200806,경기,6410000,말,LBI1000007,4,13
1913,200806,부산,6260000,돼지,LBI1000006,1984,12786
1911,200806,광주,6290000,소,LBI1000080,1249,9952
1899,200806,제주,6500000,닭,LBI1000088,123419,1210541
1904,200806,서울,6110000,돼지,LBI1000006,17238,120338
1937,200806,전남,6460000,소,LBI1000080,3960,30162
1910,200806,경기,6410000,닭,LBI1000088,9014593,30929822
1900,200806,경북,6470000,닭,LBI1000088,4276447,20924452
1901,200806,전남,6460000,닭,LBI1000088,3667976,14103331
1902,200806,충북,6430000,사슴,LBI1000017,16,28
1903,200806,서울,6110000,소,LBI1000080,7089,45518
1905,200806,대전,6300000,돼지,LBI1000006,8549,29897
1906,200806,인천,6280000,닭,LBI1000088,906160,3580567
1907,200806,전북,6450000,소,LBI1000080,2184,17534
1908,200806,전북,6450000,말,LBI1000007,1,10
1909,200806,충북,6430000,산양,LBI1000087,604,2587
4058,200805,경남,6480000,소,LBI1000080,5969,34801
4053,200805,대전,6300000,소,LBI1000080,618,3628
4057,200805,대구,6270000,소,LBI1000080,645,1386
4056,200805,강원,6420000,사슴,LBI1000017,2,2
4055,200805,충남,6440000,산양,LBI1000087,67,240
4054,200805,강원,6420000,닭,LBI1000088,528024,1575983
4045,200805,전북,6450000,닭,LBI1000088,17460557,73536997
4052,200805,경남,6480000,오리,LBI1000016,371217,1030016
4051,200805,경기,6410000,말,LBI1000007,3,9
4050,200805,전남,6460000,소,LBI1000080,4442,26202
4049,200805,충북,6430000,닭,LBI1000088,9026260,39358655
4048,200805,제주,6500000,소,LBI1000080,175,996
4047,200805,경북,6470000,소,LBI1000080,5982,35138
4046,200805,경북,6470000,말,LBI1000007,5,19
4036,200805,경남,6480000,돼지,LBI1000006,140547,745184
4044,200805,강원,6420000,돼지,LBI1000006,61015,332207
4043,200805,대구,6270000,돼지,LBI1000006,21387,51556
4037,200805,제주,6500000,돼지,LBI1000006,53891,272718
4030,200805,인천,6280000,소,LBI1000080,579,2550
4031,200805,울산,6310000,돼지,LBI1000006,13802,65638
4060,200805,부산,6260000,소,LBI1000080,285,1902
4032,200805,충남,6440000,돼지,LBI1000006,94156,487825
4033,200805,전남,6460000,돼지,LBI1000006,61601,311176
4034,200805,경북,6470000,돼지,LBI1000006,97392,493266
4035,200805,경북,6470000,산양,LBI1000087,133,521
4041,200805,충남,6440000,소,LBI1000080,2617,15289
4040,200805,인천,6280000,돼지,LBI1000006,25813,94274
4039,200805,인천,6280000,산양,LBI1000087,110,358
4038,200805,제주,6500000,오리,LBI1000016,17168,77106
4059,200805,경기,6410000,소,LBI1000080,10662,36638
4042,200805,전남,6460000,오리,LBI1000016,1939408,7815236
4061,200805,충북,6430000,소,LBI1000080,3972,24447
4078,200805,경남,6480000,타조,LBI1000024,1,6
4062,200805,제주,6500000,말,LBI1000007,57,250
1898,200805,제주,6500000,닭,LBI1000088,130602,1087122
1896,200805,전남,6460000,닭,LBI1000088,3838950,10435355
1895,200805,충북,6430000,사슴,LBI1000017,1,12
1894,200805,서울,6110000,소,LBI1000080,6871,38429
1893,200805,서울,6110000,돼지,LBI1000006,19283,103100
1892,200805,대전,6300000,돼지,LBI1000006,7956,21348
1891,200805,인천,6280000,닭,LBI1000088,860587,2674407
1890,200805,전북,6450000,소,LBI1000080,2520,15350
1889,200805,전북,6450000,말,LBI1000007,1,9
1888,200805,충북,6430000,산양,LBI1000087,554,1983
1887,200805,경기,6410000,닭,LBI1000088,8080552,21915229
1886,200805,광주,6290000,소,LBI1000080,1551,8703
1885,200805,전북,6450000,산양,LBI1000087,9,108
1897,200805,경북,6470000,닭,LBI1000088,4055414,16648005
4077,200805,충북,6430000,돼지,LBI1000006,152130,840236
4070,200805,광주,6290000,오리,LBI1000016,411328,826798
4063,200805,대구,6270000,닭,LBI1000088,1576605,7492886
4065,200805,충북,6430000,오리,LBI1000016,1151231,4331081
4066,200805,충남,6440000,닭,LBI1000088,7991930,34894656
4067,200805,전북,6450000,돼지,LBI1000006,106491,560853
4068,200805,경남,6480000,닭,LBI1000088,347624,956809
4069,200805,울산,6310000,소,LBI1000080,1182,6670
4064,200805,광주,6290000,돼지,LBI1000006,22020,107749
4071,200805,경기,6410000,돼지,LBI1000006,221468,736455
4073,200805,강원,6420000,소,LBI1000080,2615,15757
4074,200805,전북,6450000,오리,LBI1000016,989575,4748059
4075,200805,경남,6480000,사슴,LBI1000017,1,3
4076,200805,부산,6260000,돼지,LBI1000006,2038,10802
4072,200805,경기,6410000,오리,LBI1000016,177742,663330
3989,200804,광주,6290000,오리,LBI1000016,414116,415470
3983,200804,부산,6260000,돼지,LBI1000006,2018,8764
3985,200804,전북,6450000,오리,LBI1000016,774782,3758484
3986,200804,강원,6420000,소,LBI1000080,2734,13142
3987,200804,경기,6410000,오리,LBI1000016,152683,485588
3988,200804,경기,6410000,돼지,LBI1000006,175587,514987
3991,200804,경남,6480000,닭,LBI1000088,288858,609185
3990,200804,울산,6310000,소,LBI1000080,1278,5488
3992,200804,전북,6450000,돼지,LBI1000006,115950,454362
3993,200804,충남,6440000,닭,LBI1000088,7139130,26902726
3994,200804,충북,6430000,오리,LBI1000016,1017030,3179850
3995,200804,광주,6290000,돼지,LBI1000006,20580,85729
3982,200804,충북,6430000,돼지,LBI1000006,158285,688106
3996,200804,대구,6270000,닭,LBI1000088,1589017,5916281
3976,200804,전북,6450000,말,LBI1000007,1,8
3981,200804,경남,6480000,타조,LBI1000024,2,5
3980,200804,전북,6450000,산양,LBI1000087,34,99
3979,200804,광주,6290000,소,LBI1000080,1675,7152
3978,200804,경기,6410000,닭,LBI1000088,6303964,13834677
3977,200804,충북,6430000,산양,LBI1000087,426,1429
3968,200804,제주,6500000,닭,LBI1000088,277894,956520
3975,200804,전북,6450000,소,LBI1000080,2666,12830
3974,200804,인천,6280000,닭,LBI1000088,557255,1813820
3973,200804,대전,6300000,돼지,LBI1000006,5781,13392
3972,200804,서울,6110000,돼지,LBI1000006,19270,83817
3971,200804,서울,6110000,소,LBI1000080,7993,31558
3970,200804,전남,6460000,닭,LBI1000088,2643630,6596405
3969,200804,경북,6470000,닭,LBI1000088,3564227,12592591
3998,200804,충북,6430000,소,LBI1000080,3929,20475
3997,200804,제주,6500000,말,LBI1000007,57,193
3984,200804,경남,6480000,사슴,LBI1000017,2,2
3999,200804,부산,6260000,소,LBI1000080,341,1617
4015,200804,강원,6420000,돼지,LBI1000006,59537,271192
4000,200804,경기,6410000,소,LBI1000080,10407,25976
4028,200804,울산,6310000,돼지,LBI1000006,13625,51836
4027,200804,충남,6440000,돼지,LBI1000006,95345,393669
4026,200804,전남,6460000,돼지,LBI1000006,63132,249575
4025,200804,경북,6470000,돼지,LBI1000006,98598,395874
4024,200804,경북,6470000,산양,LBI1000087,119,388
4023,200804,경남,6480000,돼지,LBI1000006,144786,604637
4022,200804,제주,6500000,돼지,LBI1000006,53463,218827
4021,200804,제주,6500000,오리,LBI1000016,15043,59938
4020,200804,인천,6280000,산양,LBI1000087,40,248
4019,200804,인천,6280000,돼지,LBI1000006,25843,68461
4018,200804,충남,6440000,소,LBI1000080,2718,12672
4017,200804,전남,6460000,오리,LBI1000016,1907708,5875828
4016,200804,대구,6270000,돼지,LBI1000006,21552,30169
4029,200804,인천,6280000,소,LBI1000080,796,1971
4014,200804,충남,6440000,말,LBI1000007,2,3
4006,200804,경남,6480000,오리,LBI1000016,215762,658799
4013,200804,전북,6450000,닭,LBI1000088,18856834,56076440
4002,200804,대구,6270000,소,LBI1000080,634,741
4003,200804,충남,6440000,산양,LBI1000087,108,173
4004,200804,강원,6420000,닭,LBI1000088,340006,1047959
4005,200804,대전,6300000,소,LBI1000080,690,3010
4001,200804,경남,6480000,소,LBI1000080,7499,28832
4007,200804,경기,6410000,말,LBI1000007,2,6
4009,200804,충북,6430000,닭,LBI1000088,8180054,30332395
4010,200804,제주,6500000,소,LBI1000080,200,821
4011,200804,경북,6470000,소,LBI1000080,6580,29156
4012,200804,경북,6470000,말,LBI1000007,7,14
4008,200804,전남,6460000,소,LBI1000080,5395,21760
3936,200803,부산,6260000,소,LBI1000080,429,1276
3941,200803,충북,6430000,오리,LBI1000016,970975,2162820
3940,200803,광주,6290000,돼지,LBI1000006,21527,65149
3939,200803,대구,6270000,닭,LBI1000088,1536763,4327264
3938,200803,제주,6500000,말,LBI1000007,49,136
3937,200803,충북,6430000,소,LBI1000080,3893,16546
3934,200803,경남,6480000,소,LBI1000080,6247,21333
3935,200803,경기,6410000,소,LBI1000080,4598,15569
3933,200803,대구,6270000,소,LBI1000080,83,107
3932,200803,충남,6440000,산양,LBI1000087,65,65
3931,200803,강원,6420000,닭,LBI1000088,267536,707953
3942,200803,충남,6440000,닭,LBI1000088,7476118,19763596
3929,200803,경남,6480000,오리,LBI1000016,154630,443037
3930,200803,대전,6300000,소,LBI1000080,614,2320
3948,200803,경기,6410000,오리,LBI1000016,120153,332905
3943,200803,전북,6450000,돼지,LBI1000006,108161,338412
3944,200803,경남,6480000,닭,LBI1000088,217209,320327
3945,200803,울산,6310000,소,LBI1000080,1126,4210
3946,200803,광주,6290000,오리,LBI1000016,1354,1354
3947,200803,경기,6410000,돼지,LBI1000006,142978,339400
3949,200803,강원,6420000,소,LBI1000080,2425,10408
3950,200803,전북,6450000,오리,LBI1000016,1168143,2983702
3951,200803,부산,6260000,돼지,LBI1000006,2184,6746
3952,200803,충북,6430000,돼지,LBI1000006,174891,529821
3953,200803,경남,6480000,타조,LBI1000024,1,3
3954,200803,전북,6450000,산양,LBI1000087,12,65
3955,200803,광주,6290000,소,LBI1000080,1613,5477
3956,200803,경기,6410000,닭,LBI1000088,3695327,7530713
3927,200803,전남,6460000,소,LBI1000080,4338,16365
3928,200803,경기,6410000,말,LBI1000007,4,4
3912,200803,경북,6470000,산양,LBI1000087,95,269
3926,200803,충북,6430000,닭,LBI1000088,7672843,22152341
3925,200803,제주,6500000,소,LBI1000080,145,621
3958,200803,전북,6450000,말,LBI1000007,2,7
3967,200803,제주,6500000,닭,LBI1000088,239921,678626
3966,200803,경북,6470000,닭,LBI1000088,3195354,9028364
3965,200803,전남,6460000,닭,LBI1000088,1894270,3952775
3964,200803,서울,6110000,소,LBI1000080,7463,23565
3963,200803,충북,6430000,사슴,LBI1000017,6,11
3962,200803,서울,6110000,돼지,LBI1000006,20469,64547
3961,200803,대전,6300000,돼지,LBI1000006,3811,7611
3960,200803,인천,6280000,닭,LBI1000088,447700,1256565
3959,200803,전북,6450000,소,LBI1000080,2317,10164
3907,200803,인천,6280000,소,LBI1000080,824,1175
3908,200803,울산,6310000,돼지,LBI1000006,13189,38211
3909,200803,충남,6440000,돼지,LBI1000006,98936,298324
3910,200803,전남,6460000,돼지,LBI1000006,61076,186443
3911,200803,경북,6470000,돼지,LBI1000006,99380,297276
3913,200803,경남,6480000,돼지,LBI1000006,147581,459851
3914,200803,제주,6500000,돼지,LBI1000006,53925,165364
3915,200803,제주,6500000,오리,LBI1000016,15891,44895
3916,200803,인천,6280000,산양,LBI1000087,178,208
3917,200803,인천,6280000,돼지,LBI1000006,25399,42618
3918,200803,충남,6440000,소,LBI1000080,2284,9954
3919,200803,전남,6460000,오리,LBI1000016,1787070,3968120
3920,200803,대구,6270000,돼지,LBI1000006,8615,8617
3921,200803,강원,6420000,돼지,LBI1000006,63184,211655
3922,200803,전북,6450000,닭,LBI1000088,10714208,37219606
3923,200803,경북,6470000,말,LBI1000007,3,7
3924,200803,경북,6470000,소,LBI1000080,5847,22576
3957,200803,충북,6430000,산양,LBI1000087,293,1003
3883,200802,전남,6460000,소,LBI1000080,4554,12027
3906,200802,인천,6280000,소,LBI1000080,343,351
3858,200802,경남,6480000,타조,LBI1000024,1,2
3871,200802,광주,6290000,돼지,LBI1000006,19134,43622
3870,200802,강원,6420000,산양,LBI1000087,1,1
3869,200802,충북,6430000,오리,LBI1000016,585497,1191845
3868,200802,충남,6440000,닭,LBI1000088,6105421,12287478
3867,200802,전북,6450000,돼지,LBI1000006,99872,230251
3866,200802,경남,6480000,닭,LBI1000088,100771,103118
3865,200802,울산,6310000,소,LBI1000080,1319,3084
3864,200802,경기,6410000,돼지,LBI1000006,90934,196422
3863,200802,경기,6410000,오리,LBI1000016,104202,212752
3862,200802,강원,6420000,소,LBI1000080,2200,7983
3861,200802,전북,6450000,오리,LBI1000016,840916,1815559
3860,200802,부산,6260000,돼지,LBI1000006,2258,4562
3859,200802,충북,6430000,돼지,LBI1000006,139709,354930
3857,200802,전북,6450000,산양,LBI1000087,12,53
3873,200802,제주,6500000,말,LBI1000007,35,87
3856,200802,광주,6290000,소,LBI1000080,1681,3864
3855,200802,경기,6410000,닭,LBI1000088,1819126,3835386
3854,200802,충북,6430000,산양,LBI1000087,376,710
3853,200802,전북,6450000,말,LBI1000007,1,5
3852,200802,전북,6450000,소,LBI1000080,2748,7847
3851,200802,인천,6280000,닭,LBI1000088,377340,808865
3850,200802,대전,6300000,돼지,LBI1000006,2128,3800
3849,200802,서울,6110000,돼지,LBI1000006,19149,44078
3848,200802,충북,6430000,사슴,LBI1000017,5,5
3847,200802,서울,6110000,소,LBI1000080,5327,16102
3846,200802,전남,6460000,닭,LBI1000088,1137625,2058505
3845,200802,경북,6470000,닭,LBI1000088,2704402,5833010
3905,200802,울산,6310000,돼지,LBI1000006,11239,25022
3872,200802,대구,6270000,닭,LBI1000088,1337022,2790501
3844,200802,제주,6500000,닭,LBI1000088,206255,438705
3874,200802,충북,6430000,소,LBI1000080,2923,12653
3891,200802,강원,6420000,돼지,LBI1000006,57895,148471
3875,200802,부산,6260000,소,LBI1000080,300,847
3903,200802,전남,6460000,돼지,LBI1000006,57309,125367
3902,200802,경북,6470000,돼지,LBI1000006,87970,197896
3901,200802,경북,6470000,산양,LBI1000087,82,174
3900,200802,경남,6480000,돼지,LBI1000006,138973,312270
3899,200802,제주,6500000,돼지,LBI1000006,48491,111439
3898,200802,제주,6500000,오리,LBI1000016,13955,29004
3897,200802,강원,6420000,면양,LBI1000086,2,6
3896,200802,인천,6280000,산양,LBI1000087,30,30
3895,200802,인천,6280000,돼지,LBI1000006,17125,17219
3894,200802,충남,6440000,소,LBI1000080,2403,7670
3893,200802,전남,6460000,오리,LBI1000016,1279072,2181050
3892,200802,대구,6270000,돼지,LBI1000006,2,2
3904,200802,충남,6440000,돼지,LBI1000006,89439,199388
3890,200802,충남,6440000,말,LBI1000007,1,1
3881,200802,대전,6300000,소,LBI1000080,617,1706
3889,200802,전북,6450000,닭,LBI1000088,15374666,26505398
3877,200802,경남,6480000,소,LBI1000080,4636,15086
3878,200802,대구,6270000,소,LBI1000080,10,24
3879,200802,충북,6430000,면양,LBI1000086,2,2
3880,200802,강원,6420000,닭,LBI1000088,192588,440417
3876,200802,경기,6410000,소,LBI1000080,3614,10971
3882,200802,경남,6480000,오리,LBI1000016,115927,288407
3885,200802,제주,6500000,소,LBI1000080,134,476
3886,200802,전남,6460000,말,LBI1000007,1,1
3887,200802,경북,6470000,소,LBI1000080,5168,16729
3884,200802,충북,6430000,닭,LBI1000088,6867513,14479498
3888,200802,경북,6470000,말,LBI1000007,1,4
3804,200801,제주,6500000,소,LBI1000080,342,342
3800,200801,강원,6420000,돼지,LBI1000006,90576,90576
3801,200801,전북,6450000,닭,LBI1000088,11130732,11130732
3802,200801,경북,6470000,말,LBI1000007,3,3
3803,200801,경북,6470000,소,LBI1000080,11561,11561
3807,200801,경남,6480000,오리,LBI1000016,172480,172480
3805,200801,충북,6430000,닭,LBI1000088,7611985,7611985
3806,200801,전남,6460000,소,LBI1000080,7473,7473
3808,200801,대전,6300000,소,LBI1000080,1089,1089
3809,200801,강원,6420000,닭,LBI1000088,247829,247829
3810,200801,제주시,6510000,돼지,LBI1000006,61,61
3799,200801,전남,6460000,오리,LBI1000016,901978,901978
3811,200801,대구,6270000,소,LBI1000080,14,14
3792,200801,경남,6480000,돼지,LBI1000006,173297,173297
3798,200801,충남,6440000,소,LBI1000080,5267,5267
3797,200801,인천,6280000,돼지,LBI1000006,94,94
3796,200801,충남,6440000,면양,LBI1000086,81,81
3795,200801,강원,6420000,면양,LBI1000086,4,4
3794,200801,제주,6500000,오리,LBI1000016,15049,15049
3793,200801,제주,6500000,돼지,LBI1000006,62948,62948
3791,200801,경북,6470000,산양,LBI1000087,92,92
3790,200801,경북,6470000,돼지,LBI1000006,109926,109926
3789,200801,전남,6460000,산양,LBI1000087,18,18
3788,200801,전남,6460000,돼지,LBI1000006,68058,68058
3787,200801,충남,6440000,돼지,LBI1000006,109949,109949
3786,200801,울산,6310000,돼지,LBI1000006,13783,13783
3785,200801,인천,6280000,소,LBI1000080,4,8
3813,200801,경기,6410000,소,LBI1000080,7357,7357
3812,200801,경남,6480000,소,LBI1000080,10450,10450
3827,200801,전북,6450000,오리,LBI1000016,974643,974643
3814,200801,부산,6260000,소,LBI1000080,547,547
3815,200801,충북,6430000,소,LBI1000080,9730,9730
3843,200801,제주,6500000,닭,LBI1000088,232450,232450
3842,200801,경북,6470000,닭,LBI1000088,3128608,3128608
3841,200801,전남,6460000,닭,LBI1000088,920880,920880
3840,200801,서울,6110000,소,LBI1000080,10775,10775
3839,200801,서울,6110000,돼지,LBI1000006,24929,24929
3838,200801,대전,6300000,돼지,LBI1000006,1672,1672
3837,200801,인천,6280000,닭,LBI1000088,431525,431525
3836,200801,전북,6450000,소,LBI1000080,5099,5099
3835,200801,전북,6450000,말,LBI1000007,4,4
3833,200801,경기,6410000,닭,LBI1000088,2016260,2016260
3832,200801,광주,6290000,소,LBI1000080,2183,2183
3831,200801,전북,6450000,산양,LBI1000087,41,41
3830,200801,경남,6480000,타조,LBI1000024,1,1
3829,200801,충북,6430000,돼지,LBI1000006,215221,215221
3828,200801,부산,6260000,돼지,LBI1000006,2304,2304
3826,200801,강원,6420000,소,LBI1000080,5783,5783
3825,200801,경기,6410000,오리,LBI1000016,108550,108550
3824,200801,경기,6410000,돼지,LBI1000006,105488,105488
3823,200801,울산,6310000,소,LBI1000080,1765,1765
3822,200801,경남,6480000,닭,LBI1000088,2347,2347
3821,200801,전북,6450000,돼지,LBI1000006,130379,130379
3820,200801,충남,6440000,닭,LBI1000088,6182057,6182057
3819,200801,충북,6430000,오리,LBI1000016,606348,606348
3818,200801,광주,6290000,돼지,LBI1000006,24488,24488
3817,200801,대구,6270000,닭,LBI1000088,1453479,1453479
3816,200801,제주,6500000,말,LBI1000007,52,52
3834,200801,충북,6430000,산양,LBI1000087,334,334
3784,200711,인천,6280000,소,LBI1000080,4,4
